material_id,formula,bulk_modulus_vrh,crystal_system,elements,num_elements
mp-214,ZrRu,180.261,cubic,"['Ru', 'Zr']",2
mp-258,ZrV2,138.858,cubic,"['V', 'Zr']",2
mp-196,Al5Co2,124.129,hex_,"['Al', 'Co']",2
mp-215,YSb,57.085,cubic,"['Sb', 'Y']",2
mp-173,MnAl6,110.784,ortho,"['Al', 'Mn']",2
mp-189,SiRu,203.638,cubic,"['Ru', 'Si']",2
mp-259,AlMo3,224.498,cubic,"['Al', 'Mo']",2
mp-171,VNi3,217.129,tet,"['Ni', 'V']",2
mp-179,YZn,52.307,cubic,"['Y', 'Zn']",2
mp-188,AlPt3,224.023,cubic,"['Al', 'Pt']",2
mp-191,YRh,106.896,cubic,"['Rh', 'Y']",2
mp-195,HoPt3,174.749,cubic,"['Ho', 'Pt']",2
mp-265,TaIr3,323.564,cubic,"['Ir', 'Ta']",2
mp-193,Zr2Cu,105.707,tet,"['Cu', 'Zr']",2
mp-220,ThNi2,223.876,hex_,"['Ni', 'Th']",2
mp-249,HfAl,117.671,ortho,"['Al', 'Hf']",2
mp-255,NaHg,17.221,ortho,"['Hg', 'Na']",2
mp-204,CeFe2,74.162,cubic,"['Ce', 'Fe']",2
mp-213,CaPd,55.058,cubic,"['Ca', 'Pd']",2
mp-238,MnPd,131.6,tet,"['Mn', 'Pd']",2
mp-260,CrB,295.159,ortho,"['B', 'Cr']",2
mp-232,DyRh,112.175,cubic,"['Dy', 'Rh']",2
mp-227,SmCu5,104.928,hex_,"['Cu', 'Sm']",2
mp-229,ZrRh3,209.808,cubic,"['Rh', 'Zr']",2
mp-266,Zr2Pd,123.894,tet,"['Pd', 'Zr']",2
mp-274,Nb5Sb4,96.984,tet,"['Nb', 'Sb']",2
mp-276,TbNi2,119.456,cubic,"['Ni', 'Tb']",2
mp-284,AlCo,178.781,cubic,"['Al', 'Co']",2
mp-310,NpCo2,171.119,cubic,"['Co', 'Np']",2
mp-300,YbPt3,158.564,cubic,"['Pt', 'Yb']",2
mp-303,BaZn5,47.618,ortho,"['Ba', 'Zn']",2
mp-312,ThIr5,674.209,hex_,"['Ir', 'Th']",2
mp-279,LiIr,141.786,hex_,"['Ir', 'Li']",2
mp-291,TiOs,248.343,cubic,"['Os', 'Ti']",2
mp-305,TiFe,198.715,cubic,"['Fe', 'Ti']",2
mp-281,YbCo2,93.676,cubic,"['Co', 'Yb']",2
mp-309,ThAg2,83.938,hex_,"['Ag', 'Th']",2
mp-316,MnV,243.086,cubic,"['Mn', 'V']",2
mp-331,ScAl,78.486,cubic,"['Al', 'Sc']",2
mp-318,SrIr2,146.445,cubic,"['Ir', 'Sr']",2
mp-348,TmPd,97.651,cubic,"['Pd', 'Tm']",2
mp-328,Zr2Ni,117.807,tet,"['Ni', 'Zr']",2
mp-321,RhPb2,80.123,tet,"['Pb', 'Rh']",2
mp-345,HfB,172.719,cubic,"['B', 'Hf']",2
mp-333,HfFe2,163.391,cubic,"['Fe', 'Hf']",2
mp-336,SmCo2,508.248,cubic,"['Co', 'Sm']",2
mp-317,SnRh,140.398,cubic,"['Rh', 'Sn']",2
mp-377,LuRh,122.628,cubic,"['Lu', 'Rh']",2
mp-351,SiNi,164.819,ortho,"['Ni', 'Si']",2
mp-450,NbB2,286.562,hex_,"['B', 'Nb']",2
mp-436,SmRh,101.019,cubic,"['Rh', 'Sm']",2
mp-449,Fe5Si3,175.831,hex_,"['Fe', 'Si']",2
mp-417,MnRh,183.708,cubic,"['Mn', 'Rh']",2
mp-429,ZnNi,144.695,tet,"['Ni', 'Zn']",2
mp-395,ZrAl3,102.705,tet,"['Al', 'Zr']",2
mp-389,SiPd,151.127,ortho,"['Pd', 'Si']",2
mp-397,KCd13,38.647,cubic,"['Cd', 'K']",2
mp-443,CaAu2,65.801,ortho,"['Au', 'Ca']",2
mp-374,CrB2,259.702,hex_,"['B', 'Cr']",2
mp-381,SiRu,257.369,cubic,"['Ru', 'Si']",2
mp-357,SmPd3,120.483,cubic,"['Pd', 'Sm']",2
mp-416,Cr3Os,279.999,cubic,"['Cr', 'Os']",2
mp-432,NbRu,234.476,tet,"['Nb', 'Ru']",2
mp-446,Cr3Pt,242.7,cubic,"['Cr', 'Pt']",2
mp-460,PrZn,50.277,cubic,"['Pr', 'Zn']",2
mp-437,MgAu,81.405,cubic,"['Au', 'Mg']",2
mp-451,ZrB,160.149,cubic,"['B', 'Zr']",2
mp-363,NbGe2,144.24,hex_,"['Ge', 'Nb']",2
mp-410,YbPt2,141.375,cubic,"['Pt', 'Yb']",2
mp-364,AlRh,194.408,cubic,"['Al', 'Rh']",2
mp-372,VPt3,237.489,cubic,"['Pt', 'V']",2
mp-423,GePd2,152.76,hex_,"['Ge', 'Pd']",2
mp-474,ErFe2,98.282,cubic,"['Er', 'Fe']",2
mp-485,ZrNi3,173.5,hex_,"['Ni', 'Zr']",2
mp-489,Ge4Ir,108.621,trig,"['Ge', 'Ir']",2
mp-480,ErPt2,166.753,cubic,"['Er', 'Pt']",2
mp-481,ScPt3,198.156,cubic,"['Pt', 'Sc']",2
mp-544,Ti3Ir,169.105,cubic,"['Ir', 'Ti']",2
mp-514,HfZn2,110.274,cubic,"['Hf', 'Zn']",2
mp-522,CuAu,138.201,tet,"['Au', 'Cu']",2
mp-542,SrHg,27.259,cubic,"['Hg', 'Sr']",2
mp-538,CaAg,34.318,ortho,"['Ag', 'Ca']",2
mp-506,MgPd,93.324,cubic,"['Mg', 'Pd']",2
mp-507,SiNi2,202.978,hex_,"['Ni', 'Si']",2
mp-540,ScFe2,125.32,cubic,"['Fe', 'Sc']",2
mp-517,TaSi2,184.701,hex_,"['Si', 'Ta']",2
mp-527,BaCd,19.668,cubic,"['Ba', 'Cd']",2
mp-541,Ta3Sb,187.381,cubic,"['Sb', 'Ta']",2
mp-568,TiSb2,89.181,tet,"['Sb', 'Ti']",2
mp-560,TmAu2,105.164,tet,"['Au', 'Tm']",2
mp-582,CeIr2,195.743,cubic,"['Ce', 'Ir']",2
mp-585,MnB2,253.476,hex_,"['B', 'Mn']",2
mp-549,ScSb,65.333,cubic,"['Sb', 'Sc']",2
mp-550,Al12Mo,91.875,cubic,"['Al', 'Mo']",2
mp-565,Sn2Rh,107.752,tet,"['Rh', 'Sn']",2
mp-597,TiNi,151.359,trig,"['Ni', 'Ti']",2
mp-574,Ta2Co,213.632,tet,"['Co', 'Ta']",2
mp-592,TiRu,215.387,cubic,"['Ru', 'Ti']",2
mp-562,Sb2Pt,105.593,cubic,"['Pt', 'Sb']",2
mp-608,TiCo3,142.93,cubic,"['Co', 'Ti']",2
mp-548,NbCr2,228.632,cubic,"['Cr', 'Nb']",2
mp-572,SmCd,51.061,cubic,"['Cd', 'Sm']",2
mp-559,YPd3,124.541,cubic,"['Pd', 'Y']",2
mp-571,TiNi,154.95,cubic,"['Ni', 'Ti']",2
mp-578,GaAg2,82.611,hex_,"['Ag', 'Ga']",2
mp-603,Be2Ag,125.633,cubic,"['Ag', 'Be']",2
mp-546,HoRh2,156.517,cubic,"['Ho', 'Rh']",2
mp-589,TbFe2,83.099,cubic,"['Fe', 'Tb']",2
mp-556,ZrNi,139.087,ortho,"['Ni', 'Zr']",2
mp-607,CeRu2,219.851,cubic,"['Ce', 'Ru']",2
mp-615,YMg,41.771,cubic,"['Mg', 'Y']",2
mp-646,PrCd,47.806,cubic,"['Cd', 'Pr']",2
mp-632,TmCo2,36.569,cubic,"['Co', 'Tm']",2
mp-650,Be5Pd,142.084,cubic,"['Be', 'Pd']",2
mp-635,ScRh3,185.005,cubic,"['Rh', 'Sc']",2
mp-638,SrZn5,52.276,hex_,"['Sr', 'Zn']",2
mp-623,HgPt,143.364,tet,"['Hg', 'Pt']",2
mp-625,Mg3Ru2,105.762,cubic,"['Mg', 'Ru']",2
mp-673,HoNi2,124.103,cubic,"['Ho', 'Ni']",2
mp-674,LaPd3,109.965,cubic,"['La', 'Pd']",2
mp-633,LaSn3,56.392,cubic,"['La', 'Sn']",2
mp-649,FePt3,263.838,cubic,"['Fe', 'Pt']",2
mp-628,Zr2Co,110.323,tet,"['Co', 'Zr']",2
mp-637,YB4,177.419,tet,"['B', 'Y']",2
mp-675,ZrW2,213.964,cubic,"['W', 'Zr']",2
mp-657,YbZn2,47.078,ortho,"['Yb', 'Zn']",2
mp-712,YCu,70.25,cubic,"['Cu', 'Y']",2
mp-715,ZrIr2,245.659,cubic,"['Ir', 'Zr']",2
mp-696,SiPt,173.672,ortho,"['Pt', 'Si']",2
mp-718,SnPd3,145.871,cubic,"['Pd', 'Sn']",2
mp-721,TbCd,54.797,cubic,"['Cd', 'Tb']",2
mp-729,Cr3Si,246.829,cubic,"['Cr', 'Si']",2
mp-759,La2Sb,49.613,tet,"['La', 'Sb']",2
mp-776,LaCd,45.631,cubic,"['Cd', 'La']",2
mp-774,CaNi5,115.071,hex_,"['Ca', 'Ni']",2
mp-731,Mg3Hg,42.628,hex_,"['Hg', 'Mg']",2
mp-747,BaPt2,103.144,cubic,"['Ba', 'Pt']",2
mp-728,Li2Pd,50.698,hex_,"['Li', 'Pd']",2
mp-738,Sb2Au,72.555,cubic,"['Au', 'Sb']",2
mp-753,ZnSb,47.732,ortho,"['Sb', 'Zn']",2
mp-786,MnSb,56.824,hex_,"['Mn', 'Sb']",2
mp-742,Ti2Cu,130.928,tet,"['Cu', 'Ti']",2
mp-755,CoSb2,98.829,mono,"['Co', 'Sb']",2
mp-771,MnAl,122.529,tet,"['Al', 'Mn']",2
mp-790,LuPt3,182.998,cubic,"['Lu', 'Pt']",2
mp-811,BaPt5,147.734,hex_,"['Ba', 'Pt']",2
mp-801,Mo3Os,290.754,cubic,"['Mo', 'Os']",2
mp-796,Nb3Al,159.438,cubic,"['Al', 'Nb']",2
mp-810,NiSb,108.123,hex_,"['Ni', 'Sb']",2
mp-818,SiRh,195.549,ortho,"['Rh', 'Si']",2
mp-797,DyPd3,127.136,cubic,"['Dy', 'Pd']",2
mp-813,ScAl2,104.136,cubic,"['Al', 'Sc']",2
mp-839,V3Au,186.748,cubic,"['Au', 'V']",2
mp-861,Hf2Ni,140.732,tet,"['Hf', 'Ni']",2
mp-836,TbZn,57.624,cubic,"['Tb', 'Zn']",2
mp-832,HoPd,94.522,cubic,"['Ho', 'Pd']",2
mp-828,SiNi3,209.083,cubic,"['Ni', 'Si']",2
mp-838,Cu3Sn,149.365,cubic,"['Cu', 'Sn']",2
mp-840,SmRh2,146.007,cubic,"['Rh', 'Sm']",2
mp-880,Pr2Fe17,140.767,trig,"['Fe', 'Pr']",2
mp-819,HfCr2,188.948,cubic,"['Cr', 'Hf']",2
mp-867,ErCd,59.501,cubic,"['Cd', 'Er']",2
mp-850,ScNi2,142.02,cubic,"['Ni', 'Sc']",2
mp-851,ErPd,95.906,cubic,"['Er', 'Pd']",2
mp-846,Hf2Al3,114.235,ortho,"['Al', 'Hf']",2
mp-871,FeSi,201.745,cubic,"['Fe', 'Si']",2
mp-842,CaPt2,132.905,cubic,"['Ca', 'Pt']",2
mp-853,ErNi5,151.736,hex_,"['Er', 'Ni']",2
mp-873,VPd3,190.816,tet,"['Pd', 'V']",2
mp-875,AlOs,236.689,cubic,"['Al', 'Os']",2
mp-869,TaAl3,132.414,tet,"['Al', 'Ta']",2
mp-829,AlPd,155.221,cubic,"['Al', 'Pd']",2
mp-833,CaPd2,93.613,cubic,"['Ca', 'Pd']",2
mp-823,TiCo,351.113,cubic,"['Co', 'Ti']",2
mp-893,ZrSi,141.728,ortho,"['Si', 'Zr']",2
mp-915,YCd,56.99,cubic,"['Cd', 'Y']",2
mp-889,Cr3B4,300.71,ortho,"['B', 'Cr']",2
mp-921,YRh2,152.291,cubic,"['Rh', 'Y']",2
mp-902,BaZn,20.356,cubic,"['Ba', 'Zn']",2
mp-912,LaPt2,143.888,cubic,"['La', 'Pt']",2
mp-894,ZnPt,174.196,tet,"['Pt', 'Zn']",2
mp-890,NdIr2,183.307,cubic,"['Ir', 'Nd']",2
mp-892,ScPt,137.028,cubic,"['Pt', 'Sc']",2
mp-891,TaNi3,218.124,ortho,"['Ni', 'Ta']",2
mp-903,ZrCr2,180.27,cubic,"['Cr', 'Zr']",2
mp-899,InRh,149.828,cubic,"['In', 'Rh']",2
mp-922,CoPt3,227.99,cubic,"['Co', 'Pt']",2
mp-953,NbZn3,118.284,cubic,"['Nb', 'Zn']",2
mp-950,NaZn13,64.356,cubic,"['Na', 'Zn']",2
mp-932,ScGa3,73.065,cubic,"['Ga', 'Sc']",2
mp-946,PrIr2,179.692,cubic,"['Ir', 'Pr']",2
mp-945,NiPt,216.646,tet,"['Ni', 'Pt']",2
mp-936,Hg4Pt,60.904,cubic,"['Hg', 'Pt']",2
mp-952,MoPt2,271.801,ortho,"['Mo', 'Pt']",2
mp-951,CeRh2,144.079,cubic,"['Ce', 'Rh']",2
mp-949,CoPt,218.25,tet,"['Co', 'Pt']",2
mp-959,LaAl3,61.963,hex_,"['Al', 'La']",2
mp-982,TmPd3,132.296,cubic,"['Pd', 'Tm']",2
mp-985,TmCu,74.896,cubic,"['Cu', 'Tm']",2
mp-960,B2Mo,303.426,hex_,"['B', 'Mo']",2
mp-979,ZrSb2,81.547,ortho,"['Sb', 'Zr']",2
mp-976,V6Si5,185.901,ortho,"['Si', 'V']",2
mp-990,HoAu2,100.832,tet,"['Au', 'Ho']",2
mp-1014,ZrMn2,157.977,hex_,"['Mn', 'Zr']",2
mp-995,EuIr2,164.26,cubic,"['Eu', 'Ir']",2
mp-1020,TaRh3,260.037,cubic,"['Rh', 'Ta']",2
mp-987,ZnCu,116.179,cubic,"['Cu', 'Zn']",2
mp-1010,MnB4,276.056,ortho,"['B', 'Mn']",2
mp-986,CeZn,35.292,cubic,"['Ce', 'Zn']",2
mp-998,Al2Cu,107.587,tet,"['Al', 'Cu']",2
mp-1043,HfV2,143.701,cubic,"['Hf', 'V']",2
mp-1033,BeNi,182.847,cubic,"['Be', 'Ni']",2
mp-1037,PrPt5,181.498,hex_,"['Pr', 'Pt']",2
mp-1038,MgCu2,91.482,cubic,"['Cu', 'Mg']",2
mp-1032,Ta2B,248.908,tet,"['B', 'Ta']",2
mp-1078,CaCd2,39.906,hex_,"['Ca', 'Cd']",2
mp-1057,Al3Ni2,131.24,trig,"['Al', 'Ni']",2
mp-1042,HfSi,151.342,ortho,"['Hf', 'Si']",2
mp-1046,NbSn2,96.844,ortho,"['Nb', 'Sn']",2
mp-1048,TiNi,146.751,mono,"['Ni', 'Ti']",2
mp-1069,HfSi2,131.995,ortho,"['Hf', 'Si']",2
mp-1044,UIr3,303.949,cubic,"['Ir', 'U']",2
mp-1052,NaAu2,71.011,cubic,"['Au', 'Na']",2
mp-1082,VIr3,319.895,cubic,"['Ir', 'V']",2
mp-1065,LaSb,49.747,cubic,"['La', 'Sb']",2
mp-1025,ThAu2,107.422,hex_,"['Au', 'Th']",2
mp-1077,B2Ru,283.343,ortho,"['B', 'Ru']",2
mp-1031,GdCd,53.093,cubic,"['Cd', 'Gd']",2
mp-1059,NdCd,48.816,cubic,"['Cd', 'Nd']",2
mp-1027,HfRh3,215.169,cubic,"['Hf', 'Rh']",2
mp-1053,NdZn,52.019,cubic,"['Nd', 'Zn']",2
mp-1073,CaCd,31.367,cubic,"['Ca', 'Cd']",2
mp-1084,ZrB12,233.379,cubic,"['B', 'Zr']",2
mp-1097,TaB,286.134,ortho,"['B', 'Ta']",2
mp-1111,Mn5Si3,313.656,hex_,"['Mn', 'Si']",2
mp-1089,TiIr3,294.735,cubic,"['Ir', 'Ti']",2
mp-1099,NiGe,137.06,ortho,"['Ge', 'Ni']",2
mp-1104,LaMg,33.855,cubic,"['La', 'Mg']",2
mp-1108,TaB2,303.164,hex_,"['B', 'Ta']",2
mp-1085,UOs2,491.593,cubic,"['Os', 'U']",2
mp-1113,BW2,329.552,tet,"['B', 'W']",2
mp-1124,MgZn2,63.27,hex_,"['Mg', 'Zn']",2
mp-1129,ScIr,166.725,cubic,"['Ir', 'Sc']",2
mp-1121,GaCo,173.828,cubic,"['Co', 'Ga']",2
mp-1140,NdCu5,101.881,hex_,"['Cu', 'Nd']",2
mp-1150,URh3,214.274,cubic,"['Rh', 'U']",2
mp-1172,MgRh,115.355,cubic,"['Mg', 'Rh']",2
mp-1174,MgSc,49.321,cubic,"['Mg', 'Sc']",2
mp-1185,VRh3,251.212,cubic,"['Rh', 'V']",2
mp-1139,Co3Mo,283.145,hex_,"['Co', 'Mo']",2
mp-1145,TiB2,254.22,hex_,"['B', 'Ti']",2
mp-1118,SiNi2,191.4,ortho,"['Ni', 'Si']",2
mp-1169,ScCu,86.854,cubic,"['Cu', 'Sc']",2
mp-1187,ThIr2,203.203,cubic,"['Ir', 'Th']",2
mp-1128,SiIr,215.0,ortho,"['Ir', 'Si']",2
mp-1157,TaNi2,213.178,tet,"['Ni', 'Ta']",2
mp-1152,TiRh3,228.591,cubic,"['Rh', 'Ti']",2
mp-1158,LuPd3,134.504,cubic,"['Lu', 'Pd']",2
mp-1159,Zr2Fe,123.018,tet,"['Fe', 'Zr']",2
mp-1179,DyNi5,152.06,hex_,"['Dy', 'Ni']",2
mp-1120,Mo3Ir,282.393,cubic,"['Ir', 'Mo']",2
mp-1127,SmPt2,156.601,cubic,"['Pt', 'Sm']",2
mp-1135,NbPd3,197.625,tet,"['Nb', 'Pd']",2
mp-1209,RbAu5,71.996,hex_,"['Au', 'Rb']",2
mp-1220,Be5Au,138.173,cubic,"['Au', 'Be']",2
mp-1210,ThCd2,66.397,hex_,"['Cd', 'Th']",2
mp-1222,CrSi2,194.579,hex_,"['Cr', 'Si']",2
mp-1194,CdPt,139.891,tet,"['Cd', 'Pt']",2
mp-1221,V3Ge,184.157,cubic,"['Ge', 'V']",2
mp-1211,ScCd,67.024,cubic,"['Cd', 'Sc']",2
mp-1239,Sb3Ir,98.2,cubic,"['Ir', 'Sb']",2
mp-1231,Cr3Ga,217.363,cubic,"['Cr', 'Ga']",2
mp-1232,Mo3Pt,265.997,cubic,"['Mo', 'Pt']",2
mp-1264,CdAu3,113.161,cubic,"['Au', 'Cd']",2
mp-1247,Sb2Ir,117.399,mono,"['Ir', 'Sb']",2
mp-1251,VRh,232.563,tet,"['Rh', 'V']",2
mp-1260,SrPd5,106.301,hex_,"['Pd', 'Sr']",2
mp-1278,Zr2Si,127.293,tet,"['Si', 'Zr']",2
mp-1233,Cu6Sn5,79.958,mono,"['Cu', 'Sn']",2
mp-1261,EuZn,37.377,cubic,"['Eu', 'Zn']",2
mp-1252,ZrBe2,118.38,hex_,"['Be', 'Zr']",2
mp-1235,TiIr,227.385,tet,"['Ir', 'Ti']",2
mp-1236,NdAg,55.86,cubic,"['Ag', 'Nd']",2
mp-1275,SiMo3,251.363,cubic,"['Mo', 'Si']",2
mp-1272,Cr3Ru,265.536,cubic,"['Cr', 'Ru']",2
mp-1281,VIr,273.207,tet,"['Ir', 'V']",2
mp-1263,URu3,200.183,cubic,"['Ru', 'U']",2
mp-1299,SiPt2,206.108,tet,"['Pt', 'Si']",2
mp-1335,VFe,195.793,cubic,"['Fe', 'V']",2
mp-1317,CoSb3,84.037,cubic,"['Co', 'Sb']",2
mp-1343,NdNi2,108.469,cubic,"['Nd', 'Ni']",2
mp-1339,NbIr3,313.146,cubic,"['Ir', 'Nb']",2
mp-1332,Si3Mo5,240.773,tet,"['Mo', 'Si']",2
mp-1358,DyIr2,198.438,cubic,"['Dy', 'Ir']",2
mp-1321,CdSb,39.053,ortho,"['Cd', 'Sb']",2
mp-1331,YCd2,55.449,hex_,"['Cd', 'Y']",2
mp-1373,Nb3Ge,171.519,cubic,"['Ge', 'Nb']",2
mp-1359,NbIr,258.818,tet,"['Ir', 'Nb']",2
mp-1326,Nb3Sn,165.507,cubic,"['Nb', 'Sn']",2
mp-1356,Sb2Pd,87.651,cubic,"['Pd', 'Sb']",2
mp-1349,SrPt2,117.262,cubic,"['Pt', 'Sr']",2
mp-1364,YNi,76.598,ortho,"['Ni', 'Y']",2
mp-1368,Zn8Cu5,105.749,cubic,"['Cu', 'Zn']",2
mp-1371,Sn3Pd,64.308,ortho,"['Pd', 'Sn']",2
mp-1404,CdAu,89.162,ortho,"['Au', 'Cd']",2
mp-1400,HfW2,222.256,cubic,"['Hf', 'W']",2
mp-1402,SmNi2,110.17,cubic,"['Ni', 'Sm']",2
mp-1388,DyRh2,154.129,cubic,"['Dy', 'Rh']",2
mp-1377,ThCu2,94.521,hex_,"['Cu', 'Th']",2
mp-1385,CeZn2,49.695,ortho,"['Ce', 'Zn']",2
mp-1393,Sn4Au,53.102,ortho,"['Au', 'Sn']",2
mp-1401,ZrZn2,103.307,cubic,"['Zn', 'Zr']",2
mp-1380,Zn3Ru,135.455,tet,"['Ru', 'Zn']",2
mp-1395,VRu,230.974,cubic,"['Ru', 'V']",2
mp-1399,AlAu,92.438,mono,"['Al', 'Au']",2
mp-1387,AlV3,161.804,cubic,"['Al', 'V']",2
mp-1412,Ti3Sb,119.611,cubic,"['Sb', 'Ti']",2
mp-1408,MgHg,45.593,cubic,"['Hg', 'Mg']",2
mp-1425,TiCr2,198.812,cubic,"['Cr', 'Ti']",2
mp-1418,FeNi3,199.381,cubic,"['Fe', 'Ni']",2
mp-1431,MnSi,203.381,cubic,"['Mn', 'Si']",2
mp-1424,GePd,122.742,ortho,"['Ge', 'Pd']",2
mp-1409,TiNi3,189.888,hex_,"['Ni', 'Ti']",2
mp-1458,Nb3Ir,218.977,cubic,"['Ir', 'Nb']",2
mp-1437,LiCd,35.162,cubic,"['Cd', 'Li']",2
mp-1438,ZrIr3,267.921,cubic,"['Ir', 'Zr']",2
mp-1471,Zr3Al,100.33,cubic,"['Al', 'Zr']",2
mp-1451,NbNi3,205.078,ortho,"['Nb', 'Ni']",2
mp-1463,LaIr2,174.499,cubic,"['Ir', 'La']",2
mp-1473,Fe7W6,337.469,trig,"['Fe', 'W']",2
mp-1472,ZrB2,237.763,hex_,"['B', 'Zr']",2
mp-1444,CaCd2,35.875,ortho,"['Ca', 'Cd']",2
mp-1490,AlAu4,127.118,cubic,"['Al', 'Au']",2
mp-1501,Al3Pt5,199.949,ortho,"['Al', 'Pt']",2
mp-1487,AlNi,157.34,cubic,"['Al', 'Ni']",2
mp-1502,Al2Pt,129.675,cubic,"['Al', 'Pt']",2
mp-1518,CeRh3,171.204,cubic,"['Ce', 'Rh']",2
mp-1491,VB2,283.799,hex_,"['B', 'V']",2
mp-1482,Zr2Al3,107.69,ortho,"['Al', 'Zr']",2
mp-1486,ZnNi,146.22,cubic,"['Ni', 'Zn']",2
mp-1515,ZrSi2,126.046,ortho,"['Si', 'Zr']",2
mp-1483,SiRh,221.514,cubic,"['Rh', 'Si']",2
mp-1495,ErIr2,202.819,cubic,"['Er', 'Ir']",2
mp-1521,Sb7Mo3,107.671,cubic,"['Mo', 'Sb']",2
mp-1527,TbCu2,84.123,ortho,"['Cu', 'Tb']",2
mp-1545,Nb3Rh,201.402,cubic,"['Nb', 'Rh']",2
mp-1542,YB2,163.074,hex_,"['B', 'Y']",2
mp-1526,TiHg,104.414,tet,"['Hg', 'Ti']",2
mp-1529,LuIr,147.522,cubic,"['Ir', 'Lu']",2
mp-1549,TbPt3,169.757,cubic,"['Pt', 'Tb']",2
mp-1543,Ge2Pt,110.087,ortho,"['Ge', 'Pt']",2
mp-1553,HoNi5,149.455,hex_,"['Ho', 'Ni']",2
mp-1557,Mg3Au,57.636,trig,"['Au', 'Mg']",2
mp-1570,YFe2,88.23,cubic,"['Fe', 'Y']",2
mp-1558,SrPd2,80.634,cubic,"['Pd', 'Sr']",2
mp-1567,ThNi5,154.083,hex_,"['Ni', 'Th']",2
mp-1566,SmFe5,92.119,hex_,"['Fe', 'Sm']",2
mp-1573,Sn2Pd,82.369,tet,"['Pd', 'Sn']",2
mp-1555,V3Sb,171.734,cubic,"['Sb', 'V']",2
mp-1571,PrPd3,111.571,cubic,"['Pd', 'Pr']",2
mp-1589,TiCr2,199.407,hex_,"['Cr', 'Ti']",2
mp-1585,V3Co,208.895,cubic,"['Co', 'V']",2
mp-1594,Ni2Ge,173.653,hex_,"['Ge', 'Ni']",2
mp-1578,V3Rh,216.564,cubic,"['Rh', 'V']",2
mp-1590,Be12Cr,179.312,tet,"['Be', 'Cr']",2
mp-1601,TaRu,253.312,tet,"['Ru', 'Ta']",2
mp-1607,YbCu5,98.016,hex_,"['Cu', 'Yb']",2
mp-1641,CrSb,73.845,hex_,"['Cr', 'Sb']",2
mp-1606,NbAu2,176.852,hex_,"['Au', 'Nb']",2
mp-1620,Si2W,219.443,tet,"['Si', 'W']",2
mp-1608,ZrHg3,82.284,cubic,"['Hg', 'Zr']",2
mp-1630,Zr3Hg,105.27,cubic,"['Hg', 'Zr']",2
mp-1609,Cr3Ir,275.177,cubic,"['Cr', 'Ir']",2
mp-1668,YbAu2,68.738,tet,"['Au', 'Yb']",2
mp-1670,MnPt,166.177,tet,"['Mn', 'Pt']",2
mp-1664,V3Pd,194.62,cubic,"['Pd', 'V']",2
mp-1648,Al12Re,98.031,cubic,"['Al', 'Re']",2
mp-1646,Li3Hg,25.438,cubic,"['Hg', 'Li']",2
mp-1667,Co2Ge,208.679,hex_,"['Co', 'Ge']",2
mp-1677,Be2Mo,197.598,hex_,"['Be', 'Mo']",2
mp-1652,ZnPd,140.545,tet,"['Pd', 'Zn']",2
mp-1649,Fe3Pt,193.206,cubic,"['Fe', 'Pt']",2
mp-1659,ThRe2,194.385,hex_,"['Re', 'Th']",2
mp-1681,La3Sn,44.031,cubic,"['La', 'Sn']",2
mp-1655,UIr2,239.465,cubic,"['Ir', 'U']",2
mp-4106,YbSnPd,68.945,hex_,"['Pd', 'Sn', 'Yb']",3
mp-1697,TbPt2,163.153,cubic,"['Pt', 'Tb']",2
mp-4054,YAl3Ni,96.501,ortho,"['Al', 'Ni', 'Y']",3
mp-1702,LaRh2,131.545,cubic,"['La', 'Rh']",2
mp-4105,Ho(CuSi)2,113.63,tet,"['Cu', 'Ho', 'Si']",3
mp-4072,Sm(SiRu)2,143.09,tet,"['Ru', 'Si', 'Sm']",3
mp-4075,TbZrSb,79.598,tet,"['Sb', 'Tb', 'Zr']",3
mp-1703,YbZn,32.884,cubic,"['Yb', 'Zn']",2
mp-4090,Ce(SiRh)2,143.283,tet,"['Ce', 'Rh', 'Si']",3
mp-1687,BaPd2,73.421,cubic,"['Ba', 'Pd']",2
mp-1689,HfRe2,262.427,hex_,"['Hf', 'Re']",2
mp-1684,ZnAu,114.545,cubic,"['Au', 'Zn']",2
mp-4071,Er2(NiB2)3,194.285,ortho,"['B', 'Er', 'Ni']",3
mp-4076,VCoSb,141.89,cubic,"['Co', 'Sb', 'V']",3
mp-1696,CdPd,111.855,tet,"['Cd', 'Pd']",2
mp-4065,Dy(SiIr)2,175.786,tet,"['Dy', 'Ir', 'Si']",3
mp-4073,Sm(CoB)2,152.954,tet,"['B', 'Co', 'Sm']",3
mp-1699,AlCr2,183.355,tet,"['Al', 'Cr']",2
mp-4088,La(FeSi)2,114.246,tet,"['Fe', 'La', 'Si']",3
mp-4148,Ho(SiPd)2,133.284,tet,"['Ho', 'Pd', 'Si']",3
mp-4142,MnSbPd,83.912,cubic,"['Mn', 'Pd', 'Sb']",3
mp-4131,Sc(CoSi)2,154.927,tet,"['Co', 'Sc', 'Si']",3
mp-4150,Ca(MnSb)2,43.915,trig,"['Ca', 'Mn', 'Sb']",3
mp-4177,Dy(SiRu)2,155.661,tet,"['Dy', 'Ru', 'Si']",3
mp-4195,Tm(NiGe)2,108.431,tet,"['Ge', 'Ni', 'Tm']",3
mp-4233,KMnSb,22.579,tet,"['K', 'Mn', 'Sb']",3
mp-4189,Dy6FeSb2,39.048,hex_,"['Dy', 'Fe', 'Sb']",3
mp-4174,HoNiSb,92.38,cubic,"['Ho', 'Ni', 'Sb']",3
mp-4171,DySi2Ni,111.364,ortho,"['Dy', 'Ni', 'Si']",3
mp-4247,NaZnSb,31.291,tet,"['Na', 'Sb', 'Zn']",3
mp-4214,Lu2Fe14B,128.894,tet,"['B', 'Fe', 'Lu']",3
mp-4228,Nd(CoSi)2,120.144,tet,"['Co', 'Nd', 'Si']",3
mp-4196,NdFeSi2,113.322,ortho,"['Fe', 'Nd', 'Si']",3
mp-4229,Nd(AgGe)2,81.818,tet,"['Ag', 'Ge', 'Nd']",3
mp-4276,NaSi2Pd3,105.869,ortho,"['Na', 'Pd', 'Si']",3
mp-4283,LaSi2Pt,117.105,ortho,"['La', 'Pt', 'Si']",3
mp-4288,TbNiGe2,95.826,ortho,"['Ge', 'Ni', 'Tb']",3
mp-4291,Ho(NiGe)2,115.228,tet,"['Ge', 'Ho', 'Ni']",3
mp-4322,Pr(CoB)2,144.516,tet,"['B', 'Co', 'Pr']",3
mp-4275,Sm(SiPd)2,127.742,tet,"['Pd', 'Si', 'Sm']",3
mp-4250,Tb(SiPd)2,130.983,tet,"['Pd', 'Si', 'Tb']",3
mp-4251,Pr(Sb3Os)4,100.522,cubic,"['Os', 'Pr', 'Sb']",3
mp-4305,Er(CuSi)2,122.639,tet,"['Cu', 'Er', 'Si']",3
mp-4302,Nd(NiGe)2,111.919,tet,"['Ge', 'Nd', 'Ni']",3
mp-4323,Nd(SiPd)2,123.29,tet,"['Nd', 'Pd', 'Si']",3
mp-4259,Ca(CoGe)2,73.576,tet,"['Ca', 'Co', 'Ge']",3
mp-4364,NbGaCo2,193.763,cubic,"['Co', 'Ga', 'Nb']",3
mp-4441,Ca(CuGe)2,79.246,tet,"['Ca', 'Cu', 'Ge']",3
mp-4367,Cu2NiSn,124.8,cubic,"['Cu', 'Ni', 'Sn']",3
mp-4415,Ho(CoGe)2,135.84,tet,"['Co', 'Ge', 'Ho']",3
mp-4466,Tb(SiNi)2,120.154,tet,"['Ni', 'Si', 'Tb']",3
mp-4433,Ce(SiIr)2,166.749,tet,"['Ce', 'Ir', 'Si']",3
mp-4410,Yb(Al2Mo)2,121.247,tet,"['Al', 'Mo', 'Yb']",3
mp-4458,Th(MnSi)2,149.607,tet,"['Mn', 'Si', 'Th']",3
mp-4454,CeCo3B2,321.221,hex_,"['B', 'Ce', 'Co']",3
mp-4439,Pr(SiNi)2,126.482,tet,"['Ni', 'Pr', 'Si']",3
mp-4382,YB2Ru3,221.788,hex_,"['B', 'Ru', 'Y']",3
mp-4395,TbScGe,71.319,tet,"['Ge', 'Sc', 'Tb']",3
mp-4492,MnCo2Si,218.693,cubic,"['Co', 'Mn', 'Si']",3
mp-4478,CaSiPt,82.686,cubic,"['Ca', 'Pt', 'Si']",3
mp-4508,ErInPd,89.71,hex_,"['Er', 'In', 'Pd']",3
mp-4510,DyNiSb,90.475,cubic,"['Dy', 'Ni', 'Sb']",3
mp-4520,Y(CuGe)2,103.38,tet,"['Cu', 'Ge', 'Y']",3
mp-4536,ScNi2Sn,126.056,cubic,"['Ni', 'Sc', 'Sn']",3
mp-4552,ErInCu2,88.491,cubic,"['Cu', 'Er', 'In']",3
mp-4561,UAl3Pd2,116.197,hex_,"['Al', 'Pd', 'U']",3
mp-4583,NbCo2Sn,189.708,cubic,"['Co', 'Nb', 'Sn']",3
mp-4595,VFe2Si,243.627,cubic,"['Fe', 'Si', 'V']",3
mp-4612,TiCo2Ge,188.455,cubic,"['Co', 'Ge', 'Ti']",3
mp-4611,Th(SiPt)2,161.712,tet,"['Pt', 'Si', 'Th']",3
mp-4664,MnGeRh2,189.249,cubic,"['Ge', 'Mn', 'Rh']",3
mp-4633,Yb(SiPd)2,108.371,tet,"['Pd', 'Si', 'Yb']",3
mp-4656,Y(Al2Fe)4,123.771,tet,"['Al', 'Fe', 'Y']",3
mp-4634,LaNi4B,141.277,hex_,"['B', 'La', 'Ni']",3
mp-4652,MnRh2Pb,151.048,cubic,"['Mn', 'Pb', 'Rh']",3
mp-4653,Y(SiIr)2,173.891,tet,"['Ir', 'Si', 'Y']",3
mp-4692,Dy(SiNi)2,114.571,tet,"['Dy', 'Ni', 'Si']",3
mp-4725,Nd(GePd)2,107.798,tet,"['Ge', 'Nd', 'Pd']",3
mp-4720,Si2Ni6B,211.027,hex_,"['B', 'Ni', 'Si']",3
mp-4768,Eu(SiNi)2,94.667,tet,"['Eu', 'Ni', 'Si']",3
mp-4793,U(SiPd)2,141.952,tet,"['Pd', 'Si', 'U']",3
mp-4815,Pr(SiRh)2,137.912,tet,"['Pr', 'Rh', 'Si']",3
mp-4828,HfNi2Sn,153.406,cubic,"['Hf', 'Ni', 'Sn']",3
mp-4813,NbAlNi2,181.822,cubic,"['Al', 'Nb', 'Ni']",3
mp-4771,TiAlCu2,134.483,cubic,"['Al', 'Cu', 'Ti']",3
mp-4817,CeAl5Ni2,96.912,ortho,"['Al', 'Ce', 'Ni']",3
mp-4756,ZnSnSb2,40.984,tet,"['Sb', 'Sn', 'Zn']",3
mp-4738,PrScGe,64.503,tet,"['Ge', 'Pr', 'Sc']",3
mp-4767,Ce(SiOs)2,168.404,tet,"['Ce', 'Os', 'Si']",3
mp-4743,ErTiGe,90.675,tet,"['Er', 'Ge', 'Ti']",3
mp-4785,CeAl3Pd2,108.295,hex_,"['Al', 'Ce', 'Pd']",3
mp-4732,UGa5Co,105.256,tet,"['Co', 'Ga', 'U']",3
mp-4822,Y(SiPd)2,130.582,tet,"['Pd', 'Si', 'Y']",3
mp-4836,Yb(MnSb)2,43.87,trig,"['Mn', 'Sb', 'Yb']",3
mp-4835,LaCuSi,82.111,hex_,"['Cu', 'La', 'Si']",3
mp-4881,Er(SiNi)2,122.991,tet,"['Er', 'Ni', 'Si']",3
mp-4846,MnSbRh,112.852,cubic,"['Mn', 'Rh', 'Sb']",3
mp-4865,Er(NiGe)2,122.05,tet,"['Er', 'Ge', 'Ni']",3
mp-4856,HoGa5Co,86.145,tet,"['Co', 'Ga', 'Ho']",3
mp-4854,NdScGe,65.782,tet,"['Ge', 'Nd', 'Sc']",3
mp-4901,Y2MgCu2,62.66,tet,"['Cu', 'Mg', 'Y']",3
mp-4922,MnAlNi2,158.539,cubic,"['Al', 'Mn', 'Ni']",3
mp-4903,Tm(CuSi)2,116.757,tet,"['Cu', 'Si', 'Tm']",3
mp-4920,Nd(GeRh)2,123.385,tet,"['Ge', 'Nd', 'Rh']",3
mp-4896,Sm(SiPt)2,140.382,tet,"['Pt', 'Si', 'Sm']",3
mp-4924,Pr(CuGe)2,95.907,tet,"['Cu', 'Ge', 'Pr']",3
mp-4913,LiGa2Rh,103.896,cubic,"['Ga', 'Li', 'Rh']",3
mp-4897,ScSnPd2,123.983,cubic,"['Pd', 'Sc', 'Sn']",3
mp-4889,Y(GeRh)2,132.96,tet,"['Ge', 'Rh', 'Y']",3
mp-4904,Pr(SiRu)2,130.298,tet,"['Pr', 'Ru', 'Si']",3
mp-4908,Y(CoGe)2,136.227,tet,"['Co', 'Ge', 'Y']",3
mp-4972,LuInCu2,89.584,cubic,"['Cu', 'In', 'Lu']",3
mp-4939,Dy(FeSi)2,148.31,tet,"['Dy', 'Fe', 'Si']",3
mp-4938,ScCo3B2,244.868,hex_,"['B', 'Co', 'Sc']",3
mp-4964,YSbPt,96.369,cubic,"['Pt', 'Sb', 'Y']",3
mp-4955,AlVCo2,195.177,cubic,"['Al', 'Co', 'V']",3
mp-4969,TbCoSi2,125.927,ortho,"['Co', 'Si', 'Tb']",3
mp-4936,Yb(SiPt)2,122.842,tet,"['Pt', 'Si', 'Yb']",3
mp-4982,SmBRh3,175.916,cubic,"['B', 'Rh', 'Sm']",3
mp-4954,La(SiPd)2,120.576,tet,"['La', 'Pd', 'Si']",3
mp-4985,Dy(MnSi)2,128.929,tet,"['Dy', 'Mn', 'Si']",3
mp-5015,UAlRh,130.046,hex_,"['Al', 'Rh', 'U']",3
mp-5019,YCo3B2,203.252,hex_,"['B', 'Co', 'Y']",3
mp-4999,Nd(CoGe)2,111.275,tet,"['Co', 'Ge', 'Nd']",3
mp-4990,MnSnRh2,169.635,cubic,"['Mn', 'Rh', 'Sn']",3
mp-5022,Er(SiRu)2,156.818,tet,"['Er', 'Ru', 'Si']",3
mp-5068,DyZrSb,79.781,tet,"['Dy', 'Sb', 'Zr']",3
mp-5042,YTiGe,86.156,tet,"['Ge', 'Ti', 'Y']",3
mp-5063,YAl3Ni2,110.087,hex_,"['Al', 'Ni', 'Y']",3
mp-5112,Pr(CoSi)2,120.671,tet,"['Co', 'Pr', 'Si']",3
mp-5135,Dy(CoB)2,155.789,tet,"['B', 'Co', 'Dy']",3
mp-5167,Sm(NiGe)2,101.792,tet,"['Ge', 'Ni', 'Sm']",3
mp-5176,Y(SiNi)2,127.098,tet,"['Ni', 'Si', 'Y']",3
mp-5170,NdCoSi2,119.87,ortho,"['Co', 'Nd', 'Si']",3
mp-5111,YbCuGe,57.103,hex_,"['Cu', 'Ge', 'Yb']",3
mp-5109,Y(NiGe)2,102.131,tet,"['Ge', 'Ni', 'Y']",3
mp-5173,Ce(SiAu)2,112.156,tet,"['Au', 'Ce', 'Si']",3
mp-5124,MnNi2Sb,137.829,cubic,"['Mn', 'Ni', 'Sb']",3
mp-5165,Th(SiRu)2,168.505,tet,"['Ru', 'Si', 'Th']",3
mp-5260,Ho(GeRu)2,135.733,tet,"['Ge', 'Ho', 'Ru']",3
mp-5150,HoSi2Ni,128.804,ortho,"['Ho', 'Ni', 'Si']",3
mp-5159,LiGa2Pd,83.371,cubic,"['Ga', 'Li', 'Pd']",3
mp-5221,HfAlCo2,172.038,cubic,"['Al', 'Co', 'Hf']",3
mp-5186,ScNiSn,93.391,ortho,"['Ni', 'Sc', 'Sn']",3
mp-5197,ErB2Ir3,249.809,hex_,"['B', 'Er', 'Ir']",3
mp-5149,NbAlCo2,195.157,cubic,"['Al', 'Co', 'Nb']",3
mp-5219,Ho(SiOs)2,173.944,tet,"['Ho', 'Os', 'Si']",3
mp-5200,PrBRh3,169.867,cubic,"['B', 'Pr', 'Rh']",3
mp-5239,NdSiRu,82.341,tet,"['Nd', 'Ru', 'Si']",3
mp-5129,Y(CoSi)2,133.147,tet,"['Co', 'Si', 'Y']",3
mp-5215,NdNiGe2,100.569,ortho,"['Ge', 'Nd', 'Ni']",3
mp-5284,U(CrSi)2,149.59,tet,"['Cr', 'Si', 'U']",3
mp-5288,Y(FeSi)2,147.103,tet,"['Fe', 'Si', 'Y']",3
mp-5326,Yb(CoSi)2,110.853,tet,"['Co', 'Si', 'Yb']",3
mp-5313,HoCo3B2,203.405,hex_,"['B', 'Co', 'Ho']",3
mp-5292,Ca(SiNi)2,115.307,tet,"['Ca', 'Ni', 'Si']",3
mp-5318,MnCoSb,116.415,cubic,"['Co', 'Mn', 'Sb']",3
mp-5346,Lu(CuSi)2,121.177,tet,"['Cu', 'Lu', 'Si']",3
mp-5382,Sc6Si7Ni16,159.405,cubic,"['Ni', 'Sc', 'Si']",3
mp-5353,ErCo3B2,213.346,hex_,"['B', 'Co', 'Er']",3
mp-5369,PrB2Rh3,214.536,hex_,"['B', 'Pr', 'Rh']",3
mp-5386,Er(SiRh)2,157.308,tet,"['Er', 'Rh', 'Si']",3
mp-5429,Tb(SiOs)2,170.188,tet,"['Os', 'Si', 'Tb']",3
mp-5419,LiGa2Ir,121.949,cubic,"['Ga', 'Ir', 'Li']",3
mp-5407,TiAlCo2,179.963,cubic,"['Al', 'Co', 'Ti']",3
mp-5399,Tb(FeSi)2,145.871,tet,"['Fe', 'Si', 'Tb']",3
mp-5423,Pr(MnSi)2,114.758,tet,"['Mn', 'Pr', 'Si']",3
mp-5396,MnCo2Sb,174.535,cubic,"['Co', 'Mn', 'Sb']",3
mp-5410,SmCo3B2,197.382,hex_,"['B', 'Co', 'Sm']",3
mp-5400,Th(CrSi)2,134.222,tet,"['Cr', 'Si', 'Th']",3
mp-5452,Ce(CuSi)2,113.036,tet,"['Ce', 'Cu', 'Si']",3
mp-5438,TmBRh3,186.37,cubic,"['B', 'Rh', 'Tm']",3
mp-5486,Ca(CuSi)2,97.787,tet,"['Ca', 'Cu', 'Si']",3
mp-5451,Er(FeGe)2,134.12,tet,"['Er', 'Fe', 'Ge']",3
mp-5491,MnAlAu2,121.118,cubic,"['Al', 'Au', 'Mn']",3
mp-5436,FeCo2Si,200.083,cubic,"['Co', 'Fe', 'Si']",3
mp-5526,La(CoSi)2,117.558,tet,"['Co', 'La', 'Si']",3
mp-5519,HoGeAu,93.299,hex_,"['Au', 'Ge', 'Ho']",3
mp-5508,Th(SiPd)2,141.173,tet,"['Pd', 'Si', 'Th']",3
mp-5493,PrSi2Ni,106.474,ortho,"['Ni', 'Pr', 'Si']",3
mp-5497,Er(CoGe)2,134.9,tet,"['Co', 'Er', 'Ge']",3
mp-5544,U(Al2Cr)4,182.023,tet,"['Al', 'Cr', 'U']",3
mp-5549,MgSnAu,65.619,cubic,"['Au', 'Mg', 'Sn']",3
mp-5556,U(SiRh)2,162.197,tet,"['Rh', 'Si', 'U']",3
mp-5538,YSnPd2,107.794,cubic,"['Pd', 'Sn', 'Y']",3
mp-5578,LuB2Ru3,227.908,hex_,"['B', 'Lu', 'Ru']",3
mp-5529,MnFe2Si,237.181,cubic,"['Fe', 'Mn', 'Si']",3
mp-5577,Ce(GeRh)2,129.851,tet,"['Ce', 'Ge', 'Rh']",3
mp-5590,YMgGa,59.971,hex_,"['Ga', 'Mg', 'Y']",3
mp-5541,ZrVSi,156.335,tet,"['Si', 'V', 'Zr']",3
mp-5564,Pr(AgGe)2,81.263,tet,"['Ag', 'Ge', 'Pr']",3
mp-5591,U(NiGe)2,187.564,tet,"['Ge', 'Ni', 'U']",3
mp-5627,Pr(FeSi)2,114.059,tet,"['Fe', 'Pr', 'Si']",3
mp-5605,Ce(SiAg)2,90.121,tet,"['Ag', 'Ce', 'Si']",3
mp-5620,TmB2Ru3,225.91,hex_,"['B', 'Ru', 'Tm']",3
mp-5688,Er(FeSi)2,132.768,tet,"['Er', 'Fe', 'Si']",3
mp-5723,ZrAlNi,130.593,hex_,"['Al', 'Ni', 'Zr']",3
mp-5714,TmCo3B2,210.234,hex_,"['B', 'Co', 'Tm']",3
mp-5676,MnSbPt,110.879,cubic,"['Mn', 'Pt', 'Sb']",3
mp-5720,Ho(SiRu)2,159.103,tet,"['Ho', 'Ru', 'Si']",3
mp-5729,YAgSn,71.171,hex_,"['Ag', 'Sn', 'Y']",3
mp-5748,HfAlNi2,160.645,cubic,"['Al', 'Hf', 'Ni']",3
mp-5752,Tb(SiIr)2,175.73,tet,"['Ir', 'Si', 'Tb']",3
mp-5757,CeB2Rh3,205.713,hex_,"['B', 'Ce', 'Rh']",3
mp-5778,AlVFe2,220.899,cubic,"['Al', 'Fe', 'V']",3
mp-5835,Ho(CoSi)2,135.687,tet,"['Co', 'Ho', 'Si']",3
mp-5819,Pr(NiGe)2,116.144,tet,"['Ge', 'Ni', 'Pr']",3
mp-5852,Pr(SiOs)2,146.212,tet,"['Os', 'Pr', 'Si']",3
mp-5866,MnCuSb,75.954,cubic,"['Cu', 'Mn', 'Sb']",3
mp-5848,ErZrSb,80.18,tet,"['Er', 'Sb', 'Zr']",3
mp-5921,TaAlNi2,192.409,cubic,"['Al', 'Ni', 'Ta']",3
mp-5948,Th(CuSi)2,133.026,tet,"['Cu', 'Si', 'Th']",3
mp-5916,Yb(SiNi)2,106.765,tet,"['Ni', 'Si', 'Yb']",3
mp-5944,MnSbAu,77.433,cubic,"['Au', 'Mn', 'Sb']",3
mp-5910,CaCuSb,52.044,hex_,"['Ca', 'Cu', 'Sb']",3
mp-5934,Yb(CuSi)2,98.953,tet,"['Cu', 'Si', 'Yb']",3
mp-5951,CeMnNi4,155.95,cubic,"['Ce', 'Mn', 'Ni']",3
mp-5971,YBPt2,159.168,hex_,"['B', 'Pt', 'Y']",3
mp-5967,TiCoSb,141.018,cubic,"['Co', 'Sb', 'Ti']",3
mp-5983,Tm(CoGe)2,131.945,tet,"['Co', 'Ge', 'Tm']",3
mp-5976,Dy(CoSi)2,120.084,tet,"['Co', 'Dy', 'Si']",3
mp-5984,Y(BRh)4,229.147,tet,"['B', 'Rh', 'Y']",3
mp-6912,Mn2Sb,62.221,hex_,"['Mn', 'Sb']",2
mp-6908,YMgZn,52.989,hex_,"['Mg', 'Y', 'Zn']",3
mp-6919,ScSnAu,81.571,hex_,"['Au', 'Sc', 'Sn']",3
mp-6939,Sr(BIr)2,165.802,ortho,"['B', 'Ir', 'Sr']",3
mp-6938,ZnRh,171.239,cubic,"['Rh', 'Zn']",2
mp-6917,TmAgSn,73.521,hex_,"['Ag', 'Sn', 'Tm']",3
mp-6961,Sr(SbPd)2,69.54,tet,"['Pd', 'Sb', 'Sr']",3
mp-6963,Ba(SbPd)2,63.981,tet,"['Ba', 'Pd', 'Sb']",3
mp-6969,Sc(CuSi)2,124.705,tet,"['Cu', 'Sc', 'Si']",3
mp-7066,ScNiGe,124.163,ortho,"['Ge', 'Ni', 'Sc']",3
mp-7099,NdB2Ru3,214.904,hex_,"['B', 'Nd', 'Ru']",3
mp-7083,LaSi,65.047,ortho,"['La', 'Si']",2
mp-7093,HoAgGe,78.153,hex_,"['Ag', 'Ge', 'Ho']",3
mp-7092,TiSi,145.819,ortho,"['Si', 'Ti']",2
mp-7186,NdAl3Ni2,105.597,hex_,"['Al', 'Nd', 'Ni']",3
mp-7187,TiAlNi2,164.644,cubic,"['Al', 'Ni', 'Ti']",3
mp-7188,Al2Os,190.012,tet,"['Al', 'Os']",2
mp-7173,ScSbPt,112.645,cubic,"['Pt', 'Sb', 'Sc']",3
mp-7189,AlPd,149.85,cubic,"['Al', 'Pd']",2
mp-7192,Sc2Sb,72.039,tet,"['Sb', 'Sc']",2
mp-7247,CeZn3Cu2,88.31,hex_,"['Ce', 'Cu', 'Zn']",3
mp-7229,B5Mo2,244.031,trig,"['B', 'Mo']",2
mp-7243,LiSnPd2,108.005,cubic,"['Li', 'Pd', 'Sn']",3
mp-7226,V3Ni,202.988,cubic,"['Ni', 'V']",2
mp-7250,Nb6Co7,220.75,trig,"['Co', 'Nb']",2
mp-7363,Sr(ZnGe)2,53.367,tet,"['Ge', 'Sr', 'Zn']",3
mp-7283,LaB4,170.08,tet,"['B', 'La']",2
mp-7343,Y3Pt,55.615,ortho,"['Pt', 'Y']",2
mp-7350,Li(YSi)2,67.911,tet,"['Li', 'Si', 'Y']",3
mp-7303,ErCd3,57.028,ortho,"['Cd', 'Er']",2
mp-7361,Sr(CoGe)2,71.077,tet,"['Co', 'Ge', 'Sr']",3
mp-7285,HfNi3,176.825,trig,"['Hf', 'Ni']",2
mp-7349,Ba(BRh)2,83.444,tet,"['B', 'Ba', 'Rh']",3
mp-7364,Ca(SiAu)2,93.089,tet,"['Au', 'Ca', 'Si']",3
mp-7365,Sr(SiAu)2,86.085,tet,"['Au', 'Si', 'Sr']",3
mp-7366,Sr(AgSn)2,49.71,tet,"['Ag', 'Sn', 'Sr']",3
mp-7429,Ca(ZnSb)2,43.544,trig,"['Ca', 'Sb', 'Zn']",3
mp-7432,Sr(CdSb)2,37.561,trig,"['Cd', 'Sb', 'Sr']",3
mp-7430,Ca(CdSb)2,39.354,trig,"['Ca', 'Cd', 'Sb']",3
mp-7438,KZnSb,24.441,hex_,"['K', 'Sb', 'Zn']",3
mp-7431,Sr(ZnSb)2,42.07,trig,"['Sb', 'Sr', 'Zn']",3
mp-7424,BPd2,173.199,ortho,"['B', 'Pd']",2
mp-7473,LiCu2Si,105.396,cubic,"['Cu', 'Li', 'Si']",3
mp-7506,Cr5Si3,224.113,tet,"['Cr', 'Si']",2
mp-7544,ZrSiRu,191.197,hex_,"['Ru', 'Si', 'Zr']",3
mp-7576,CrSi,183.655,cubic,"['Cr', 'Si']",2
mp-7559,YNi4B,148.286,hex_,"['B', 'Ni', 'Y']",3
mp-7558,TaGe2,148.824,hex_,"['Ge', 'Ta']",2
mp-7574,AlBMo,211.148,ortho,"['Al', 'B', 'Mo']",3
mp-7565,SbRu,145.517,ortho,"['Ru', 'Sb']",2
mp-7573,Co(BW)2,335.374,ortho,"['B', 'Co', 'W']",3
mp-7577,CoSi,226.984,cubic,"['Co', 'Si']",2
mp-7600,Th(FeSi)2,146.711,tet,"['Fe', 'Si', 'Th']",3
mp-7643,K2AgSb,17.264,ortho,"['Ag', 'K', 'Sb']",3
mp-7692,Al(CrB)2,227.31,ortho,"['Al', 'B', 'Cr']",3
mp-7707,Zr(SiNi)2,179.797,tet,"['Ni', 'Si', 'Zr']",3
mp-7753,MgPd3,128.765,cubic,"['Mg', 'Pd']",2
mp-7754,Si2Ru,173.191,tet,"['Ru', 'Si']",2
mp-7804,HfCo3B2,253.383,hex_,"['B', 'Co', 'Hf']",3
mp-7829,MnNbSi,198.194,hex_,"['Mn', 'Nb', 'Si']",3
mp-7822,Sc5Si3,87.764,hex_,"['Sc', 'Si']",2
mp-7821,VSb,91.597,hex_,"['Sb', 'V']",2
mp-7832,BW,341.8,tet,"['B', 'W']",2
mp-7857,TiB,207.405,ortho,"['B', 'Ti']",2
mp-7878,Ca(AgGe)2,64.213,tet,"['Ag', 'Ca', 'Ge']",3
mp-7882,Ba(AgSn)2,47.006,tet,"['Ag', 'Ba', 'Sn']",3
mp-7879,Sr(AgGe)2,59.767,tet,"['Ag', 'Ge', 'Sr']",3
mp-7877,Sr(CuSi)2,86.566,tet,"['Cu', 'Si', 'Sr']",3
mp-7892,Mn2AlB2,199.942,ortho,"['Al', 'B', 'Mn']",3
mp-7881,Sr(CdGe)2,46.529,tet,"['Cd', 'Ge', 'Sr']",3
mp-7880,Sr(SiAg)2,71.734,tet,"['Ag', 'Si', 'Sr']",3
mp-11515,NbRh,219.994,ortho,"['Nb', 'Rh']",2
mp-11503,MnZn,91.942,cubic,"['Mn', 'Zn']",2
mp-11514,NbPt2,241.924,ortho,"['Nb', 'Pt']",2
mp-11504,MnZn3,80.961,cubic,"['Mn', 'Zn']",2
mp-11511,LaAlGe,70.446,tet,"['Al', 'Ge', 'La']",3
mp-11507,Ni4Mo,209.68,tet,"['Mo', 'Ni']",2
mp-11506,Ni3Mo,214.444,ortho,"['Mo', 'Ni']",2
mp-11513,NbNi3,197.229,tet,"['Nb', 'Ni']",2
mp-11516,NbRu,228.567,cubic,"['Nb', 'Ru']",2
mp-11517,NbRu3,254.366,cubic,"['Nb', 'Ru']",2
mp-11512,LiAl2Ir,135.916,cubic,"['Al', 'Ir', 'Li']",3
mp-11552,TiPt,185.077,cubic,"['Pt', 'Ti']",2
mp-11523,Ni3Sn,163.22,cubic,"['Ni', 'Sn']",2
mp-11521,ScNi,106.024,cubic,"['Ni', 'Sc']",2
mp-11541,ZrOs,208.008,cubic,"['Os', 'Zr']",2
mp-11539,SmAl3Pd2,111.237,hex_,"['Al', 'Pd', 'Sm']",3
mp-11522,Ni3Sn,166.201,cubic,"['Ni', 'Sn']",2
mp-11520,YNiSb,88.707,cubic,"['Ni', 'Sb', 'Y']",3
mp-11536,NpRh3,215.446,cubic,"['Np', 'Rh']",2
mp-11553,TlPt,62.299,hex_,"['Pt', 'Tl']",2
mp-11531,VNi2,229.507,ortho,"['Ni', 'V']",2
mp-11550,Sc2Pt,90.609,ortho,"['Pt', 'Sc']",2
mp-11519,NiSnRh2,180.244,cubic,"['Ni', 'Rh', 'Sn']",3
mp-11533,ZrZnNi4,162.623,cubic,"['Ni', 'Zn', 'Zr']",3
mp-11554,ZrPt,165.913,cubic,"['Pt', 'Zr']",2
mp-11526,TmNi5,155.253,hex_,"['Ni', 'Tm']",2
mp-11537,NbAlRu2,230.476,cubic,"['Al', 'Nb', 'Ru']",3
mp-11546,TiPd,153.552,cubic,"['Pd', 'Ti']",2
mp-11547,YTlPd,81.983,hex_,"['Pd', 'Tl', 'Y']",3
mp-11549,VPd2,192.283,ortho,"['Pd', 'V']",2
mp-11561,TbRh,109.058,cubic,"['Rh', 'Tb']",2
mp-11564,TmRh,118.772,cubic,"['Rh', 'Tm']",2
mp-11563,TiRh,187.05,cubic,"['Rh', 'Ti']",2
mp-11593,CeB2Ir3,243.781,hex_,"['B', 'Ce', 'Ir']",3
mp-11566,ScZn,75.344,cubic,"['Sc', 'Zn']",2
mp-11572,TaTc,257.672,cubic,"['Ta', 'Tc']",2
mp-11573,TiTc,204.076,cubic,"['Tc', 'Ti']",2
mp-11565,YRh5,178.749,hex_,"['Rh', 'Y']",2
mp-11571,YSn3,57.293,cubic,"['Sn', 'Y']",2
mp-11567,ScZn12,81.144,tet,"['Sc', 'Zn']",2
mp-11557,ScRe2,226.157,hex_,"['Re', 'Sc']",2
mp-11560,TiSiRu,203.131,ortho,"['Ru', 'Si', 'Ti']",3
mp-11577,YbZn,27.526,cubic,"['Yb', 'Zn']",2
mp-11562,TbRh5,179.088,hex_,"['Rh', 'Tb']",2
mp-11578,VZn3,117.948,cubic,"['V', 'Zn']",2
mp-11596,PrBPt3,167.556,tet,"['B', 'Pr', 'Pt']",3
mp-11615,TmMnGe,97.514,hex_,"['Ge', 'Mn', 'Tm']",3
mp-11597,NdBPt3,170.929,tet,"['B', 'Nd', 'Pt']",3
mp-11610,PrCo4B,152.622,hex_,"['B', 'Co', 'Pr']",3
mp-11620,ZnNi3Sb2,93.503,trig,"['Ni', 'Sb', 'Zn']",3
mp-11621,ZnNiSb,96.917,cubic,"['Ni', 'Sb', 'Zn']",3
mp-11667,Nd2(Zn2Ge)3,75.88,hex_,"['Ge', 'Nd', 'Zn']",3
mp-11594,PrB2Ir3,231.473,hex_,"['B', 'Ir', 'Pr']",3
mp-11697,TaSb2,101.369,mono,"['Sb', 'Ta']",2
mp-11700,BaCuSb,43.743,hex_,"['Ba', 'Cu', 'Sb']",3
mp-11755,Lu6Sb2Mo,64.762,hex_,"['Lu', 'Mo', 'Sb']",3
mp-11750,Ti6Si2B,149.647,hex_,"['B', 'Si', 'Ti']",3
mp-11818,BaZnGe,39.873,hex_,"['Ba', 'Ge', 'Zn']",3
mp-11808,ScNi4Sn,140.435,cubic,"['Ni', 'Sc', 'Sn']",3
mp-11809,TiAl2,109.309,ortho,"['Al', 'Ti']",2
mp-11833,UCuGe,92.884,hex_,"['Cu', 'Ge', 'U']",3
mp-11819,BaSnHg,30.976,hex_,"['Ba', 'Hg', 'Sn']",3
mp-11826,CaPd5,115.09,hex_,"['Ca', 'Pd']",2
mp-11841,CeAg,39.055,tet,"['Ag', 'Ce']",2
mp-11836,ErSbPd,90.514,cubic,"['Er', 'Pd', 'Sb']",3
mp-11834,CuNiSb2,81.671,trig,"['Cu', 'Ni', 'Sb']",3
mp-11816,BaCdGe,34.647,hex_,"['Ba', 'Cd', 'Ge']",3
mp-11807,LiPt,113.442,hex_,"['Li', 'Pt']",2
mp-11869,HfSnPd,123.996,cubic,"['Hf', 'Pd', 'Sn']",3
mp-11971,HoSnRh,108.644,hex_,"['Ho', 'Rh', 'Sn']",3
mp-11870,Hg2Rh,88.269,tet,"['Hg', 'Rh']",2
mp-11879,BaNiSn3,46.496,tet,"['Ba', 'Ni', 'Sn']",3
mp-11883,MgIr2,197.34,hex_,"['Ir', 'Mg']",2
mp-11959,CaSn2Rh,66.913,ortho,"['Ca', 'Rh', 'Sn']",3
mp-11964,Ce2CdPt2,80.182,tet,"['Cd', 'Ce', 'Pt']",3
mp-11957,CaSn2Ir,75.338,ortho,"['Ca', 'Ir', 'Sn']",3
mp-11973,YbSnRh,82.861,hex_,"['Rh', 'Sn', 'Yb']",3
mp-11882,TiCuHg2,100.973,cubic,"['Cu', 'Hg', 'Ti']",3
mp-11974,TmSnRh,111.197,hex_,"['Rh', 'Sn', 'Tm']",3
mp-11947,LiAlAg2,71.27,cubic,"['Ag', 'Al', 'Li']",3
mp-11958,CaSn2Pd,58.694,ortho,"['Ca', 'Pd', 'Sn']",3
mp-12065,Ag3Pt,121.006,cubic,"['Ag', 'Pt']",2
mp-12067,MnAl,145.789,cubic,"['Al', 'Mn']",2
mp-12008,ErCdCu4,101.387,cubic,"['Cd', 'Cu', 'Er']",3
mp-12061,Lu(FeB)2,187.743,tet,"['B', 'Fe', 'Lu']",3
mp-12063,Ce(AgGe)2,74.431,tet,"['Ag', 'Ce', 'Ge']",3
mp-12006,CeCdNi4,121.691,cubic,"['Cd', 'Ce', 'Ni']",3
mp-12062,AgB2,144.873,hex_,"['Ag', 'B']",2
mp-11984,YMgTl,53.855,hex_,"['Mg', 'Tl', 'Y']",3
mp-12007,HoCdCu4,104.872,cubic,"['Cd', 'Cu', 'Ho']",3
mp-12054,Cr2B3,298.232,ortho,"['B', 'Cr']",2
mp-12055,LaCd2,45.263,hex_,"['Cd', 'La']",2
mp-11977,LiSnAu,58.955,hex_,"['Au', 'Li', 'Sn']",3
mp-12086,Cu3Pt,169.333,cubic,"['Cu', 'Pt']",2
mp-12075,Tb(FeB)2,128.275,tet,"['B', 'Fe', 'Tb']",3
mp-12100,Lu(SiNi)2,128.686,tet,"['Lu', 'Ni', 'Si']",3
mp-12110,TaRu,241.27,cubic,"['Ru', 'Ta']",2
mp-12077,Y(FeB)2,126.563,tet,"['B', 'Fe', 'Y']",3
mp-12104,NbSi2,175.016,hex_,"['Nb', 'Si']",2
mp-12107,TiPt3,238.047,cubic,"['Pt', 'Ti']",2
mp-12072,UAu2,111.096,hex_,"['Au', 'U']",2
mp-12083,CrIr3,307.958,cubic,"['Cr', 'Ir']",2
mp-12101,Lu(SiOs)2,179.764,tet,"['Lu', 'Os', 'Si']",3
mp-12097,Sm(SiIr)2,166.894,tet,"['Ir', 'Si', 'Sm']",3
mp-12073,Ba(BIr)2,100.302,tet,"['B', 'Ba', 'Ir']",3
mp-12109,ZrRe2,252.922,hex_,"['Re', 'Zr']",2
mp-12108,VPt2,246.671,ortho,"['Pt', 'V']",2
mp-12382,ErSi2Ni,126.591,ortho,"['Er', 'Ni', 'Si']",3
mp-12381,PrSnRh,96.952,hex_,"['Pr', 'Rh', 'Sn']",3
mp-12118,InCu2,100.651,hex_,"['Cu', 'In']",2
mp-12137,Ca(ZnSi)2,69.984,tet,"['Ca', 'Si', 'Zn']",3
mp-12520,SrNi2Ge,69.921,hex_,"['Ge', 'Ni', 'Sr']",3
mp-12411,Li2ZnGe,48.483,cubic,"['Ge', 'Li', 'Zn']",3
mp-12505,LuAgSn,74.223,hex_,"['Ag', 'Lu', 'Sn']",3
mp-12524,Al2W,158.714,hex_,"['Al', 'W']",2
mp-12521,SrNi3Ge2,92.315,hex_,"['Ge', 'Ni', 'Sr']",3
mp-12546,TiCu3,141.202,ortho,"['Cu', 'Ti']",2
mp-12565,MnAu4,130.268,tet,"['Au', 'Mn']",2
mp-12549,BaAl9Ni2,85.769,hex_,"['Al', 'Ba', 'Ni']",3
mp-12564,LiSbAu,53.85,cubic,"['Au', 'Li', 'Sb']",3
mp-12585,CrRh3,230.758,cubic,"['Cr', 'Rh']",2
mp-12550,AlCuPt2,194.163,tet,"['Al', 'Cu', 'Pt']",3
mp-12580,Li2CdSn,35.899,cubic,"['Cd', 'Li', 'Sn']",3
mp-12571,HfBeSi,147.205,hex_,"['Be', 'Hf', 'Si']",3
mp-12595,MoRh,265.285,ortho,"['Mo', 'Rh']",2
mp-12594,TiIr,218.372,cubic,"['Ir', 'Ti']",2
mp-12608,CuPt7,229.485,cubic,"['Cu', 'Pt']",2
mp-12593,ScIr3,243.259,cubic,"['Ir', 'Sc']",2
mp-12598,PrPt3,153.052,cubic,"['Pr', 'Pt']",2
mp-12635,TiAu4,146.22,tet,"['Au', 'Ti']",2
mp-12605,ReSi2,222.923,tet,"['Re', 'Si']",2
mp-12613,LaNiSn,73.286,ortho,"['La', 'Ni', 'Sn']",3
mp-12614,Ca2Cu,24.15,ortho,"['Ca', 'Cu']",2
mp-12602,PrZn5,73.779,hex_,"['Pr', 'Zn']",2
mp-12684,LaAl,52.592,ortho,"['Al', 'La']",2
mp-12651,MgPt,113.116,cubic,"['Mg', 'Pt']",2
mp-12666,Be12Pd,125.309,tet,"['Be', 'Pd']",2
mp-12657,HfAl2,119.513,hex_,"['Al', 'Hf']",2
mp-12678,TaMn2,622.974,hex_,"['Mn', 'Ta']",2
mp-12693,Mg2Rh,63.8,tet,"['Mg', 'Rh']",2
mp-12700,NbPt3,249.254,mono,"['Nb', 'Pt']",2
mp-12661,Cd3In,36.705,cubic,"['Cd', 'In']",2
mp-12696,YMgPd,71.355,hex_,"['Mg', 'Pd', 'Y']",3
mp-12674,MnAu,113.61,cubic,"['Au', 'Mn']",2
mp-12699,Ca3Au4,51.992,trig,"['Au', 'Ca']",2
mp-12648,Ti2Be17,126.701,trig,"['Be', 'Ti']",2
mp-12659,Mn2Nb,223.474,hex_,"['Mn', 'Nb']",2
mp-12712,Zr3Pd4,144.324,trig,"['Pd', 'Zr']",2
mp-12723,CaAu,47.167,ortho,"['Au', 'Ca']",2
mp-12703,PrZnNi,63.238,hex_,"['Ni', 'Pr', 'Zn']",3
mp-12748,ThMn2,92.241,hex_,"['Mn', 'Th']",2
mp-12710,PrZnPd,77.401,hex_,"['Pd', 'Pr', 'Zn']",3
mp-12716,LiTlPd2,94.163,tet,"['Li', 'Pd', 'Tl']",3
mp-12724,SrZn,24.149,ortho,"['Sr', 'Zn']",2
mp-12734,NdAl3Pd2,109.306,hex_,"['Al', 'Nd', 'Pd']",3
mp-12741,MgPd2,115.038,ortho,"['Mg', 'Pd']",2
mp-12742,MgPd3,129.074,tet,"['Mg', 'Pd']",2
mp-12760,Zr6Al2Co,105.44,hex_,"['Al', 'Co', 'Zr']",3
mp-12761,BeAu2,137.288,tet,"['Au', 'Be']",2
mp-12752,Zr4Al3,107.665,hex_,"['Al', 'Zr']",2
mp-12772,Hf2Al,111.173,tet,"['Al', 'Hf']",2
mp-12781,ScAl2Ni,95.155,ortho,"['Al', 'Ni', 'Sc']",3
mp-12759,Zn2CuAu,112.113,ortho,"['Au', 'Cu', 'Zn']",3
mp-12778,VOs,284.95,cubic,"['Os', 'V']",2
mp-12782,YbAl2Ni,63.701,ortho,"['Al', 'Ni', 'Yb']",3
mp-12769,YSi2,85.55,tet,"['Si', 'Y']",2
mp-12773,Zr2Al,97.792,tet,"['Al', 'Zr']",2
mp-12777,AlCu3,138.352,cubic,"['Al', 'Cu']",2
mp-12783,Sr(CdGa)2,43.715,tet,"['Cd', 'Ga', 'Sr']",3
mp-12798,Ni3Pt,202.169,cubic,"['Ni', 'Pt']",2
mp-12802,AlCu3,131.586,ortho,"['Al', 'Cu']",2
mp-12834,ThCu6,117.353,ortho,"['Cu', 'Th']",2
mp-12794,Al2Cu,99.432,tet,"['Al', 'Cu']",2
mp-12874,Si2Ru,160.872,cubic,"['Ru', 'Si']",2
mp-12952,HfGaAu,131.425,hex_,"['Au', 'Ga', 'Hf']",3
mp-12961,YAlPd,93.559,hex_,"['Al', 'Pd', 'Y']",3
mp-12951,ZrGaAu,124.475,hex_,"['Au', 'Ga', 'Zr']",3
mp-12965,ErNi4B,159.788,hex_,"['B', 'Er', 'Ni']",3
mp-13007,PrCrGe3,88.559,hex_,"['Cr', 'Ge', 'Pr']",3
mp-13005,LaCrGe3,87.663,hex_,"['Cr', 'Ge', 'La']",3
mp-13008,NdCrGe3,8.593,hex_,"['Cr', 'Ge', 'Nd']",3
mp-13010,YSn2,59.361,ortho,"['Sn', 'Y']",2
mp-12972,Zr6Sb2Pt,118.611,hex_,"['Pt', 'Sb', 'Zr']",3
mp-12962,Zr6FeSb2,111.254,hex_,"['Fe', 'Sb', 'Zr']",3
mp-12983,ScSb,68.171,cubic,"['Sb', 'Sc']",2
mp-13074,LuNiPb,86.727,hex_,"['Lu', 'Ni', 'Pb']",3
mp-13082,Mn2CoSi,220.339,cubic,"['Co', 'Mn', 'Si']",3
mp-13092,Zr6Al2Ni,111.94,hex_,"['Al', 'Ni', 'Zr']",3
mp-13079,Mn2AlCo,158.934,cubic,"['Al', 'Co', 'Mn']",3
mp-13085,Mn2CoSb,171.446,cubic,"['Co', 'Mn', 'Sb']",3
mp-13090,YMgAl,57.528,hex_,"['Al', 'Mg', 'Y']",3
mp-13095,YAlNi,92.941,hex_,"['Al', 'Ni', 'Y']",3
mp-13094,YAl2Ni,93.804,ortho,"['Al', 'Ni', 'Y']",3
mp-13100,MoPt3,252.326,cubic,"['Mo', 'Pt']",2
mp-13138,Cu3Sn,106.478,hex_,"['Cu', 'Sn']",2
mp-13118,CeZn3Pd2,99.644,hex_,"['Ce', 'Pd', 'Zn']",3
mp-13121,CeGe3Rh,95.273,tet,"['Ce', 'Ge', 'Rh']",3
mp-13172,YMgCu4,90.416,cubic,"['Cu', 'Mg', 'Y']",3
mp-13202,YCuSn,77.995,hex_,"['Cu', 'Sn', 'Y']",3
mp-13171,YMgCu,60.094,hex_,"['Cu', 'Mg', 'Y']",3
mp-13156,HfAg,114.117,tet,"['Ag', 'Hf']",2
mp-13160,YZnGe,76.81,hex_,"['Ge', 'Y', 'Zn']",3
mp-13155,Hf2Ag,111.1,tet,"['Ag', 'Hf']",2
mp-13200,LuCuSn,78.999,hex_,"['Cu', 'Lu', 'Sn']",3
mp-13164,Ti2Pd,141.684,tet,"['Pd', 'Ti']",2
mp-13208,Mg2Pt,70.693,tet,"['Mg', 'Pt']",2
mp-13203,ScCuSn,89.047,hex_,"['Cu', 'Sc', 'Sn']",3
mp-13254,CeMgZn2,51.635,cubic,"['Ce', 'Mg', 'Zn']",3
mp-13270,CaAg2,48.592,ortho,"['Ag', 'Ca']",2
mp-13303,ErSnAu,78.252,hex_,"['Au', 'Er', 'Sn']",3
mp-13240,ScInCu4,114.133,cubic,"['Cu', 'In', 'Sc']",3
mp-13308,HoGeAu,86.61,cubic,"['Au', 'Ge', 'Ho']",3
mp-13302,LuSnAu,79.222,hex_,"['Au', 'Lu', 'Sn']",3
mp-13322,LiGeRh2,168.2,cubic,"['Ge', 'Li', 'Rh']",3
mp-13306,YbCuGe,59.822,cubic,"['Cu', 'Ge', 'Yb']",3
mp-13396,LiIn2Rh,90.326,cubic,"['In', 'Li', 'Rh']",3
mp-13452,BePd2,166.194,tet,"['Be', 'Pd']",2
mp-13398,Yb(MnSi)2,101.513,tet,"['Mn', 'Si', 'Yb']",3
mp-13364,CaZn2,46.953,hex_,"['Ca', 'Zn']",2
mp-13436,PrMgNi4,113.482,cubic,"['Mg', 'Ni', 'Pr']",3
mp-13363,SiPt3,203.951,mono,"['Pt', 'Si']",2
mp-13431,Dy2AlCo2,82.859,ortho,"['Al', 'Co', 'Dy']",3
mp-13453,BePd3,158.862,ortho,"['Be', 'Pd']",2
mp-13447,Zn13Rh,88.419,mono,"['Rh', 'Zn']",2
mp-13450,HfSb,100.739,ortho,"['Hf', 'Sb']",2
mp-13399,Lu(NiGe)2,113.636,tet,"['Ge', 'Lu', 'Ni']",3
mp-13365,SrZn2,36.313,hex_,"['Sr', 'Zn']",2
mp-13459,NaCdSb,32.293,ortho,"['Cd', 'Na', 'Sb']",3
mp-13496,ZrPd,138.768,cubic,"['Pd', 'Zr']",2
mp-13504,CeAl4Co,88.552,ortho,"['Al', 'Ce', 'Co']",3
mp-13463,FeNiPt2,211.801,tet,"['Fe', 'Ni', 'Pt']",3
mp-13503,ScZn2,81.128,hex_,"['Sc', 'Zn']",2
mp-13512,CaNiGe2,74.289,ortho,"['Ca', 'Ge', 'Ni']",3
mp-13520,Na2ZnGe,23.139,ortho,"['Ge', 'Na', 'Zn']",3
mp-13495,ZrPd,137.302,ortho,"['Pd', 'Zr']",2
mp-13525,HoInIr,111.539,hex_,"['Ho', 'In', 'Ir']",3
mp-13475,CeSi2Ir3,195.504,ortho,"['Ce', 'Ir', 'Si']",3
mp-13513,SrNiGe2,66.576,ortho,"['Ge', 'Ni', 'Sr']",3
mp-13472,HfSiRh,189.725,ortho,"['Hf', 'Rh', 'Si']",3
mp-13548,Cs2Pt,12.618,hex_,"['Cs', 'Pt']",2
mp-13570,Mg(ScGa)2,69.339,tet,"['Ga', 'Mg', 'Sc']",3
mp-13535,Tb2ZnNi2,70.66,ortho,"['Ni', 'Tb', 'Zn']",3
mp-13583,Sc2Si2Ru,121.632,mono,"['Ru', 'Sc', 'Si']",3
mp-13536,TbZnNi,78.188,hex_,"['Ni', 'Tb', 'Zn']",3
mp-13572,ScSiPt2,173.75,ortho,"['Pt', 'Sc', 'Si']",3
mp-13683,HfGe2,111.883,ortho,"['Ge', 'Hf']",2
mp-13854,B3Ru2,300.208,hex_,"['B', 'Ru']",2
mp-13915,LiNi2Sn,112.914,cubic,"['Li', 'Ni', 'Sn']",3
mp-13914,LiCo2Ge,154.032,cubic,"['Co', 'Ge', 'Li']",3
mp-13967,Nb5(CuSi)4,180.208,tet,"['Cu', 'Nb', 'Si']",3
mp-13910,Ba(AgGe)2,55.955,tet,"['Ag', 'Ba', 'Ge']",3
mp-13911,Ca(ZnGe)2,57.614,tet,"['Ca', 'Ge', 'Zn']",3
mp-13920,Ba(ZnSn)2,43.515,tet,"['Ba', 'Sn', 'Zn']",3
mp-14019,NiB,261.814,ortho,"['B', 'Ni']",2
mp-14344,Yb2(NiB2)3,166.869,ortho,"['B', 'Ni', 'Yb']",3
mp-14208,LiYSi,62.422,hex_,"['Li', 'Si', 'Y']",3
mp-14209,LiYGe,59.504,hex_,"['Ge', 'Li', 'Y']",3
mp-14622,Y(BIr)2,197.034,ortho,"['B', 'Ir', 'Y']",3
mp-14625,NdCoGe3,92.959,tet,"['Co', 'Ge', 'Nd']",3
mp-14793,Mg2SiPt,98.07,hex_,"['Mg', 'Pt', 'Si']",3
mp-15297,Hf6NiSb2,131.265,hex_,"['Hf', 'Ni', 'Sb']",3
mp-15617,Cr5B3,290.926,tet,"['B', 'Cr']",2
mp-15605,ScSi3Ni2,135.947,tet,"['Ni', 'Sc', 'Si']",3
mp-15322,ScCuSi,113.813,hex_,"['Cu', 'Sc', 'Si']",3
mp-15657,TiCoSi,177.798,hex_,"['Co', 'Si', 'Ti']",3
mp-15659,Sb2Pt3,135.898,ortho,"['Pt', 'Sb']",2
mp-15722,Fe2B4Mo,322.925,ortho,"['B', 'Fe', 'Mo']",3
mp-15779,Mg2SiNi3,124.71,trig,"['Mg', 'Ni', 'Si']",3
mp-15671,Re3B,365.183,ortho,"['B', 'Re']",2
mp-15778,MgNiSb,83.144,cubic,"['Mg', 'Ni', 'Sb']",3
mp-15809,Cr2B,292.013,tet,"['B', 'Cr']",2
mp-15819,Mn3Al9Si,114.667,hex_,"['Al', 'Mn', 'Si']",3
mp-15968,Sm(CoSi)2,118.652,tet,"['Co', 'Si', 'Sm']",3
mp-15988,Li2CuSb,52.716,cubic,"['Cu', 'Li', 'Sb']",3
mp-15987,Hf3(Cu2Si)2,145.521,hex_,"['Cu', 'Hf', 'Si']",3
mp-15965,Hf5Si3,140.749,hex_,"['Hf', 'Si']",2
mp-15964,Hf3Sb,115.025,tet,"['Hf', 'Sb']",2
mp-15985,Zr3(Cu2Ge)2,133.221,hex_,"['Cu', 'Ge', 'Zr']",3
mp-16238,Li2AgSb,46.551,cubic,"['Ag', 'Li', 'Sb']",3
mp-16260,Ca(GePd)2,85.58,tet,"['Ca', 'Ge', 'Pd']",3
mp-16246,CdSbAu,69.142,cubic,"['Au', 'Cd', 'Sb']",3
mp-16259,Ca(GeIr)2,116.99,tet,"['Ca', 'Ge', 'Ir']",3
mp-16271,Li2CdSb,36.538,cubic,"['Cd', 'Li', 'Sb']",3
mp-16250,Th(SiAu)2,127.616,tet,"['Au', 'Si', 'Th']",3
mp-16245,CaSbAu,52.219,hex_,"['Au', 'Ca', 'Sb']",3
mp-16263,CaZnGe,49.099,hex_,"['Ca', 'Ge', 'Zn']",3
mp-16266,CaZnSi,54.426,hex_,"['Ca', 'Si', 'Zn']",3
mp-16336,Zr2Fe3Si,170.614,hex_,"['Fe', 'Si', 'Zr']",3
mp-16329,ErSbPt,101.691,cubic,"['Er', 'Pt', 'Sb']",3
mp-16314,TmSbPt,103.205,cubic,"['Pt', 'Sb', 'Tm']",3
mp-16317,Si5Pt12,253.998,tet,"['Pt', 'Si']",2
mp-16320,MnCu2Sb,91.169,cubic,"['Cu', 'Mn', 'Sb']",3
mp-16327,DySbPt,100.142,cubic,"['Dy', 'Pt', 'Sb']",3
mp-16341,Li2HgGe,41.262,cubic,"['Ge', 'Hg', 'Li']",3
mp-16356,TiNiGe,158.126,ortho,"['Ge', 'Ni', 'Ti']",3
mp-16481,TiAlAu,130.385,hex_,"['Al', 'Au', 'Ti']",3
mp-16349,LiNi2Ge,132.644,cubic,"['Ge', 'Li', 'Ni']",3
mp-16483,BaAl9Fe2,79.367,hex_,"['Al', 'Ba', 'Fe']",3
mp-16491,SrAl9Co2,65.439,hex_,"['Al', 'Co', 'Sr']",3
mp-16488,Al9Co2,107.487,mono,"['Al', 'Co']",2
mp-16494,AlCrCu2,119.908,cubic,"['Al', 'Cr', 'Cu']",3
mp-16358,ZnNi2Ge,150.684,cubic,"['Ge', 'Ni', 'Zn']",3
mp-16495,AlCrFe2,223.142,cubic,"['Al', 'Cr', 'Fe']",3
mp-16376,HoSbPt,99.731,cubic,"['Ho', 'Pt', 'Sb']",3
mp-16493,YAl2Co,93.21,ortho,"['Al', 'Co', 'Y']",3
mp-16421,Zr2CuSb3,95.97,tet,"['Cu', 'Sb', 'Zr']",3
mp-16482,TiAlAu2,138.455,cubic,"['Al', 'Au', 'Ti']",3
mp-16501,HfAlPd2,156.936,cubic,"['Al', 'Hf', 'Pd']",3
mp-16514,Al3Ni5,172.818,ortho,"['Al', 'Ni']",2
mp-16516,TbAl2Ni,90.658,ortho,"['Al', 'Ni', 'Tb']",3
mp-16522,Al2Pd,109.96,cubic,"['Al', 'Pd']",2
mp-16521,Al3Os2,202.423,tet,"['Al', 'Os']",2
mp-16496,Al(CuRe)2,210.864,tet,"['Al', 'Cu', 'Re']",3
mp-16528,Al6Re,112.677,ortho,"['Al', 'Re']",2
mp-16526,AlPt2,203.954,ortho,"['Al', 'Pt']",2
mp-16503,HoAl2Ni,97.439,ortho,"['Al', 'Ho', 'Ni']",3
mp-16497,ScAlCu2,106.697,cubic,"['Al', 'Cu', 'Sc']",3
mp-16523,Al3Pd5,157.304,ortho,"['Al', 'Pd']",2
mp-16524,ScAlPd2,129.942,cubic,"['Al', 'Pd', 'Sc']",3
mp-16517,TmAl2Ni,100.232,ortho,"['Al', 'Ni', 'Tm']",3
mp-16529,Al6Ru,111.884,ortho,"['Al', 'Ru']",2
mp-16723,Y3Al2,59.161,tet,"['Al', 'Y']",2
mp-16646,PrMgRh,72.105,ortho,"['Mg', 'Pr', 'Rh']",3
mp-16645,SmMgPt,80.64,hex_,"['Mg', 'Pt', 'Sm']",3
mp-16718,Al6Tc,107.586,ortho,"['Al', 'Tc']",2
mp-16735,CrInCo2,169.302,cubic,"['Co', 'Cr', 'In']",3
mp-16724,Zr5Al3,101.787,tet,"['Al', 'Zr']",2
mp-16740,TiGePd,149.123,hex_,"['Ge', 'Pd', 'Ti']",3
mp-16719,Al12Tc,96.935,cubic,"['Al', 'Tc']",2
mp-16648,LiSn4Rh,63.729,tet,"['Li', 'Rh', 'Sn']",3
mp-16750,HoCuPb,69.964,hex_,"['Cu', 'Ho', 'Pb']",3
mp-16745,ErAgPb,66.619,hex_,"['Ag', 'Er', 'Pb']",3
mp-16751,ErCuPb,71.734,hex_,"['Cu', 'Er', 'Pb']",3
mp-16753,LuCuPb,72.224,hex_,"['Cu', 'Lu', 'Pb']",3
mp-16860,Mg13Ir3,60.24,trig,"['Ir', 'Mg']",2
mp-16775,CdCu2,100.935,hex_,"['Cd', 'Cu']",2
mp-16766,LaAl2Ag3,78.309,hex_,"['Ag', 'Al', 'La']",3
mp-16886,CdAu,93.631,trig,"['Au', 'Cd']",2
mp-17092,ScSnPd,103.247,hex_,"['Pd', 'Sc', 'Sn']",3
mp-16960,AlPt2,205.051,ortho,"['Al', 'Pt']",2
mp-17045,Hf3Rh5,192.803,ortho,"['Hf', 'Rh']",2
mp-17123,Si2Os,203.505,ortho,"['Os', 'Si']",2
mp-17017,Al12Co4Cu,122.342,mono,"['Al', 'Co', 'Cu']",3
mp-17413,Ti3Rh5,204.618,ortho,"['Rh', 'Ti']",2
mp-17332,Sc5Ga3,70.414,hex_,"['Ga', 'Sc']",2
mp-17383,Ni2Ge,170.822,ortho,"['Ge', 'Ni']",2
mp-17190,Sc5Ge3,84.782,hex_,"['Ge', 'Sc']",2
mp-17639,Y2Zn17,80.602,trig,"['Y', 'Zn']",2
mp-17751,Y5Ge3,70.05,hex_,"['Ge', 'Y']",2
mp-17695,Sc5Sn3,72.275,hex_,"['Sc', 'Sn']",2
mp-17848,Nb3Si,183.507,tet,"['Nb', 'Si']",2
mp-17856,Al7CoCu2,112.097,tet,"['Al', 'Co', 'Cu']",3
mp-17783,Mg3Au,57.457,hex_,"['Au', 'Mg']",2
mp-18695,Fe15Co,181.802,cubic,"['Co', 'Fe']",2
mp-18427,Nb2Al,159.974,tet,"['Al', 'Nb']",2
mp-18167,Ca3Cd2,28.128,tet,"['Ca', 'Cd']",2
mp-18198,ScSnPt,116.177,hex_,"['Pt', 'Sc', 'Sn']",3
mp-18712,Mg3Pd,76.484,hex_,"['Mg', 'Pd']",2
mp-18316,Mg2Pd,68.21,cubic,"['Mg', 'Pd']",2
mp-18707,Mg3Pt,69.596,hex_,"['Mg', 'Pt']",2
mp-18583,Ti4Si7Ni4,171.113,tet,"['Ni', 'Si', 'Ti']",3
mp-19740,YInPt,100.795,hex_,"['In', 'Pt', 'Y']",3
mp-19761,LaGe2,62.983,tet,"['Ge', 'La']",2
mp-19728,YSiRh,124.598,ortho,"['Rh', 'Si', 'Y']",3
mp-19724,Cu3Ge,123.646,ortho,"['Cu', 'Ge']",2
mp-19800,Fe11Si5,222.032,cubic,"['Fe', 'Si']",2
mp-19789,Mn(BW)2,297.065,tet,"['B', 'Mn', 'W']",3
mp-19791,Ca(GeRu)2,103.004,tet,"['Ca', 'Ge', 'Ru']",3
mp-19787,Sr(GeRu)2,78.082,tet,"['Ge', 'Ru', 'Sr']",3
mp-19808,Eu(ZnGe)2,56.803,tet,"['Eu', 'Ge', 'Zn']",3
mp-19782,TbInCu,76.971,hex_,"['Cu', 'In', 'Tb']",3
mp-19809,MnCoSi,160.562,ortho,"['Co', 'Mn', 'Si']",3
mp-19774,Eu(CdSb)2,38.252,trig,"['Cd', 'Eu', 'Sb']",3
mp-19824,Ca(MnGe)2,80.263,tet,"['Ca', 'Ge', 'Mn']",3
mp-19871,PbAu2,82.187,cubic,"['Au', 'Pb']",2
mp-19856,SnPt,127.368,hex_,"['Pt', 'Sn']",2
mp-19876,InNi,102.664,hex_,"['In', 'Ni']",2
mp-19870,GaFe3,169.4,cubic,"['Fe', 'Ga']",2
mp-19850,MnCo2Ge,197.347,cubic,"['Co', 'Ge', 'Mn']",3
mp-19904,ZrNi2Sb,143.863,cubic,"['Ni', 'Sb', 'Zr']",3
mp-19877,ZrNi2Sn,146.647,cubic,"['Ni', 'Sn', 'Zr']",3
mp-19928,Hf2CuSb3,101.457,tet,"['Cu', 'Hf', 'Sb']",3
mp-19886,ThSnPt,109.3,cubic,"['Pt', 'Sn', 'Th']",3
mp-19895,NiSb2,75.371,ortho,"['Ni', 'Sb']",2
mp-19934,CeMgPt,79.546,hex_,"['Ce', 'Mg', 'Pt']",3
mp-19905,Co2Si,212.261,ortho,"['Co', 'Si']",2
mp-19906,Zr2InNi2,128.163,tet,"['In', 'Ni', 'Zr']",3
mp-19929,MgInNi2,106.537,cubic,"['In', 'Mg', 'Ni']",3
mp-19983,TiCuSn,103.401,hex_,"['Cu', 'Sn', 'Ti']",3
mp-19948,CeBPd3,57.601,cubic,"['B', 'Ce', 'Pd']",3
mp-19971,ZnCo2Ge,179.248,cubic,"['Co', 'Ge', 'Zn']",3
mp-19953,ZrCuSi2,128.949,tet,"['Cu', 'Si', 'Zr']",3
mp-19955,Co2CuGe2,157.602,ortho,"['Co', 'Cu', 'Ge']",3
mp-19968,CaIn2Cu,45.357,ortho,"['Ca', 'Cu', 'In']",3
mp-19988,SmGa5Co,90.833,tet,"['Co', 'Ga', 'Sm']",3
mp-19963,TiFe2Sn,183.277,cubic,"['Fe', 'Sn', 'Ti']",3
mp-19967,LuMnSi,103.621,ortho,"['Lu', 'Mn', 'Si']",3
mp-19974,In2Ag,42.934,tet,"['Ag', 'In']",2
mp-19946,YInCu2,84.23,cubic,"['Cu', 'In', 'Y']",3
mp-19943,YCuSb2,74.523,tet,"['Cu', 'Sb', 'Y']",3
mp-19973,LaCoGe3,86.372,tet,"['Co', 'Ge', 'La']",3
mp-19962,Sn2Pt,92.692,cubic,"['Pt', 'Sn']",2
mp-20001,SrSnPt,69.787,ortho,"['Pt', 'Sn', 'Sr']",3
mp-20010,DyCuGe,83.761,hex_,"['Cu', 'Dy', 'Ge']",3
mp-19991,SrIn4Pd,47.85,ortho,"['In', 'Pd', 'Sr']",3
mp-20033,SnIr,154.138,hex_,"['Ir', 'Sn']",2
mp-20043,ErGeRh,122.853,ortho,"['Er', 'Ge', 'Rh']",3
mp-20007,MnNiGe,142.033,ortho,"['Ge', 'Mn', 'Ni']",3
mp-20054,TbGe2Pt,111.302,ortho,"['Ge', 'Pt', 'Tb']",3
mp-20058,GdAlPd,87.985,hex_,"['Al', 'Gd', 'Pd']",3
mp-20075,TbMn2,221.539,cubic,"['Mn', 'Tb']",2
mp-20061,GePt2,176.427,hex_,"['Ge', 'Pt']",2
mp-20059,ZrMnGe,81.216,ortho,"['Ge', 'Mn', 'Zr']",3
mp-20070,GdTiGe,73.046,tet,"['Gd', 'Ge', 'Ti']",3
mp-20112,Ni3Sn,161.837,hex_,"['Ni', 'Sn']",2
mp-20086,MnSn2,66.375,tet,"['Mn', 'Sn']",2
mp-20083,ScCuSi,110.432,ortho,"['Cu', 'Sc', 'Si']",3
mp-20115,Eu(SiPd)2,100.771,tet,"['Eu', 'Pd', 'Si']",3
mp-20131,YIn3,54.648,cubic,"['In', 'Y']",2
mp-20146,Zr2Ni2Sn,134.49,tet,"['Ni', 'Sn', 'Zr']",3
mp-20155,CoSn2,103.565,tet,"['Co', 'Sn']",2
mp-20145,TiGaCo2,182.718,cubic,"['Co', 'Ga', 'Ti']",3
mp-20174,Ni3Sn4,96.833,mono,"['Ni', 'Sn']",2
mp-20195,LaMnGe,59.796,tet,"['Ge', 'La', 'Mn']",3
mp-20192,HfMnSi,163.306,ortho,"['Hf', 'Mn', 'Si']",3
mp-20228,MnGaNi2,157.338,cubic,"['Ga', 'Mn', 'Ni']",3
mp-20202,MgSn4Ru,73.432,tet,"['Mg', 'Ru', 'Sn']",3
mp-20201,NdZnSn,61.258,hex_,"['Nd', 'Sn', 'Zn']",3
mp-20211,Mn3Si,227.244,cubic,"['Mn', 'Si']",2
mp-20233,CaMnSn,40.38,tet,"['Ca', 'Mn', 'Sn']",3
mp-20193,DyCo3B2,205.75,hex_,"['B', 'Co', 'Dy']",3
mp-20191,Si3Ru2,200.155,tet,"['Ru', 'Si']",2
mp-20185,LuNiSb,96.168,cubic,"['Lu', 'Ni', 'Sb']",3
mp-20235,CaMnGe,42.796,tet,"['Ca', 'Ge', 'Mn']",3
mp-20269,MnGaPt,123.891,cubic,"['Ga', 'Mn', 'Pt']",3
mp-20278,Fe(BMo)2,197.749,tet,"['B', 'Fe', 'Mo']",3
mp-20264,Tb(FeGe)2,109.098,tet,"['Fe', 'Ge', 'Tb']",3
mp-20265,LiIn2Pt,81.018,cubic,"['In', 'Li', 'Pt']",3
mp-20275,CeGeAu,70.17,cubic,"['Au', 'Ce', 'Ge']",3
mp-20245,CeFeSi,82.529,tet,"['Ce', 'Fe', 'Si']",3
mp-20255,TiCuSi,147.728,ortho,"['Cu', 'Si', 'Ti']",3
mp-20268,TiGePd,150.678,ortho,"['Ge', 'Pd', 'Ti']",3
mp-20238,Th(FeGe)2,145.046,tet,"['Fe', 'Ge', 'Th']",3
mp-20237,CoNiSn,160.052,hex_,"['Co', 'Ni', 'Sn']",3
mp-27388,Ba(SiNi)2,62.603,ortho,"['Ba', 'Ni', 'Si']",3
mp-27319,Sc2Co3Si,151.636,hex_,"['Co', 'Sc', 'Si']",3
mp-27505,Fe3Sn2,108.798,trig,"['Fe', 'Sn']",2
mp-27710,CrB4,282.538,ortho,"['B', 'Cr']",2
mp-27768,Co(BW)3,331.967,ortho,"['B', 'Co', 'W']",3
mp-27861,Ce(Re2Si)2,177.68,ortho,"['Ce', 'Re', 'Si']",3
mp-28024,YSiPd2,126.394,ortho,"['Pd', 'Si', 'Y']",3
mp-28614,NaBPt3,154.883,hex_,"['B', 'Na', 'Pt']",3
mp-28607,UReB3,264.934,hex_,"['B', 'Re', 'U']",3
mp-28629,Ta5B6,291.265,ortho,"['B', 'Ta']",2
mp-28665,NdSi2Ru,125.248,mono,"['Nd', 'Ru', 'Si']",3
mp-28786,Zn(BIr)2,219.89,tet,"['B', 'Ir', 'Zn']",3
mp-28795,LaSi2Ru,118.955,mono,"['La', 'Ru', 'Si']",3
mp-28896,CuBIr,195.576,ortho,"['B', 'Cu', 'Ir']",3
mp-28897,BIrPd,236.227,ortho,"['B', 'Ir', 'Pd']",3
mp-29111,Al2Fe3Si4,173.637,ortho,"['Al', 'Fe', 'Si']",3
mp-29207,SrMnBi2,32.353,tet,"['Bi', 'Mn', 'Sr']",3
mp-29551,Na3Hg,12.299,cubic,"['Hg', 'Na']",2
mp-29615,Ca(MnBi)2,31.174,trig,"['Bi', 'Ca', 'Mn']",3
mp-29617,V3Sb2,102.88,trig,"['Sb', 'V']",2
mp-29623,SrZnBi2,30.573,tet,"['Bi', 'Sr', 'Zn']",3
mp-29633,LiGePd2,121.813,cubic,"['Ge', 'Li', 'Pd']",3
mp-29661,Si5Pt6,180.761,mono,"['Pt', 'Si']",2
mp-29733,MgNiBi,69.981,cubic,"['Bi', 'Mg', 'Ni']",3
mp-29725,YBRh3,181.021,cubic,"['B', 'Rh', 'Y']",3
mp-29665,Sb3Au,66.29,cubic,"['Au', 'Sb']",2
mp-29663,Si3Ir,144.525,hex_,"['Ir', 'Si']",2
mp-29742,NdSi2Rh3,166.12,hex_,"['Nd', 'Rh', 'Si']",3
mp-29674,Al2B2Ru3,230.449,ortho,"['Al', 'B', 'Ru']",3
mp-29752,NiGePt2,195.587,ortho,"['Ge', 'Ni', 'Pt']",3
mp-29736,YAlGe,81.107,ortho,"['Al', 'Ge', 'Y']",3
mp-29726,LaSi2Rh3,164.797,hex_,"['La', 'Rh', 'Si']",3
mp-29772,YGe3,73.159,ortho,"['Ge', 'Y']",2
mp-29900,NiGe2,110.731,ortho,"['Ge', 'Ni']",2
mp-30040,BaCdSb2,33.265,tet,"['Ba', 'Cd', 'Sb']",3
mp-30028,YSi2Rh3,173.958,hex_,"['Rh', 'Si', 'Y']",3
mp-30047,Sn2Mo,117.067,hex_,"['Mo', 'Sn']",2
mp-30045,CoGe2,122.975,ortho,"['Co', 'Ge']",2
mp-30066,Sb7Pd20,139.813,trig,"['Pd', 'Sb']",2
mp-30043,CeSi2Ru3,185.912,hex_,"['Ce', 'Ru', 'Si']",3
mp-30069,CuNi2Sb,147.435,cubic,"['Cu', 'Ni', 'Sb']",3
mp-30044,Fe2CoGe,158.882,cubic,"['Co', 'Fe', 'Ge']",3
mp-30080,Li2GePd,62.413,cubic,"['Ge', 'Li', 'Pd']",3
mp-30177,Y(Al2Cr)4,116.53,tet,"['Al', 'Cr', 'Y']",3
mp-30178,Mg2Al5Cu6,101.138,cubic,"['Al', 'Cu', 'Mg']",3
mp-30175,Ca(AlZn)2,62.198,tet,"['Al', 'Ca', 'Zn']",3
mp-30181,PrAl3Ni2,104.057,hex_,"['Al', 'Ni', 'Pr']",3
mp-30182,ThAl3Ni2,122.373,hex_,"['Al', 'Ni', 'Th']",3
mp-30183,ZrAl5Ni2,119.733,tet,"['Al', 'Ni', 'Zr']",3
mp-30180,Al4Mo,111.709,mono,"['Al', 'Mo']",2
mp-30339,ErAg2,77.336,tet,"['Ag', 'Er']",2
mp-30338,Y3Al,49.823,cubic,"['Al', 'Y']",2
mp-30307,DyBiRh,96.913,hex_,"['Bi', 'Dy', 'Rh']",3
mp-30342,HoInAg2,77.054,cubic,"['Ag', 'Ho', 'In']",3
mp-30343,InAg3,77.989,cubic,"['Ag', 'In']",2
mp-30336,Al4W,116.786,mono,"['Al', 'W']",2
mp-30312,Ca2SiIr2,96.593,mono,"['Ca', 'Ir', 'Si']",3
mp-30341,TiAgHg2,78.331,tet,"['Ag', 'Hg', 'Ti']",3
mp-30337,Al5W,126.403,hex_,"['Al', 'W']",2
mp-30340,ErInAg2,77.665,cubic,"['Ag', 'Er', 'In']",3
mp-30352,NaAg2,47.598,cubic,"['Ag', 'Na']",2
mp-30347,ScInAg2,83.809,cubic,"['Ag', 'In', 'Sc']",3
mp-30351,MgAg3,77.693,cubic,"['Ag', 'Mg']",2
mp-30349,Li2AgPb,39.481,cubic,"['Ag', 'Li', 'Pb']",3
mp-30354,ScAg4,89.295,tet,"['Ag', 'Sc']",2
mp-30358,TbAg2,72.426,tet,"['Ag', 'Tb']",2
mp-30363,BaAu2,44.664,hex_,"['Au', 'Ba']",2
mp-30360,TmAg3,74.075,cubic,"['Ag', 'Tm']",2
mp-30355,SrAg,27.873,ortho,"['Ag', 'Sr']",2
mp-30356,SrAg2,40.502,ortho,"['Ag', 'Sr']",2
mp-30344,Li2InAg,43.023,cubic,"['Ag', 'In', 'Li']",3
mp-30392,Li2InAu,53.673,cubic,"['Au', 'In', 'Li']",3
mp-30365,BeAu,148.197,cubic,"['Au', 'Be']",2
mp-30357,Sr3Ag2,21.352,trig,"['Ag', 'Sr']",2
mp-30364,BaAu5,80.248,hex_,"['Au', 'Ba']",2
mp-30371,Cd5Au3,73.514,tet,"['Au', 'Cd']",2
mp-30381,Li2GaAu,59.891,cubic,"['Au', 'Ga', 'Li']",3
mp-30353,AgPt3,200.369,cubic,"['Ag', 'Pt']",2
mp-30374,DyInAu2,90.936,cubic,"['Au', 'Dy', 'In']",3
mp-30362,Zr3Ag,97.309,cubic,"['Ag', 'Zr']",2
mp-30395,ScInAu2,101.827,cubic,"['Au', 'In', 'Sc']",3
mp-30383,Hf2Au,133.005,tet,"['Au', 'Hf']",2
mp-30409,Mn2Au,107.796,tet,"['Au', 'Mn']",2
mp-30426,BaCdBi2,30.641,tet,"['Ba', 'Bi', 'Cd']",3
mp-30438,Be2Cr,182.568,hex_,"['Be', 'Cr']",2
mp-30403,Li2PbAu,44.376,cubic,"['Au', 'Li', 'Pb']",3
mp-30408,MgAu3,111.519,ortho,"['Au', 'Mg']",2
mp-30405,Li2SnAu,55.812,cubic,"['Au', 'Li', 'Sn']",3
mp-30419,USnAu2,25.037,cubic,"['Au', 'Sn', 'U']",3
mp-30423,VAu2,125.266,ortho,"['Au', 'V']",2
mp-30433,BaSn3Pt,60.919,tet,"['Ba', 'Pt', 'Sn']",3
mp-30428,BaCu,20.544,hex_,"['Ba', 'Cu']",2
mp-30410,Mn2Au5,127.572,mono,"['Au', 'Mn']",2
mp-30437,CaSnPd,66.403,ortho,"['Ca', 'Pd', 'Sn']",3
mp-30435,BaZn2,27.55,ortho,"['Ba', 'Zn']",2
mp-30427,BaZnBi2,31.416,tet,"['Ba', 'Bi', 'Zn']",3
mp-30418,SnAu5,114.725,trig,"['Au', 'Sn']",2
mp-30406,Li2TlAu,45.771,cubic,"['Au', 'Li', 'Tl']",3
mp-30404,Li2SbAu,54.242,cubic,"['Au', 'Li', 'Sb']",3
mp-30459,ScNiBi,87.697,cubic,"['Bi', 'Ni', 'Sc']",3
mp-30453,DyBiPt,89.435,cubic,"['Bi', 'Dy', 'Pt']",3
mp-30455,HoBiPt,90.608,cubic,"['Bi', 'Ho', 'Pt']",3
mp-30443,Be17Ru3,151.947,cubic,"['Be', 'Ru']",2
mp-30472,Ca2GaCu2,53.652,ortho,"['Ca', 'Cu', 'Ga']",3
mp-30457,LuNiBi,82.386,cubic,"['Bi', 'Lu', 'Ni']",3
mp-30461,BiPd2Pb,83.365,mono,"['Bi', 'Pb', 'Pd']",3
mp-30441,Be17Nb2,140.051,trig,"['Be', 'Nb']",2
mp-30444,Be22W,133.551,cubic,"['Be', 'W']",2
mp-30452,DyNiBi,79.997,cubic,"['Bi', 'Dy', 'Ni']",3
mp-30451,SrCuBi,40.538,hex_,"['Bi', 'Cu', 'Sr']",3
mp-30465,YBiPd2,94.378,cubic,"['Bi', 'Pd', 'Y']",3
mp-30481,CaPt5,167.886,hex_,"['Ca', 'Pt']",2
mp-30483,CaZn,32.099,ortho,"['Ca', 'Zn']",2
mp-30460,YNiBi,80.316,cubic,"['Bi', 'Ni', 'Y']",3
mp-30454,ErBiPt,90.805,cubic,"['Bi', 'Er', 'Pt']",3
mp-30449,MgCuBi,56.495,cubic,"['Bi', 'Cu', 'Mg']",3
mp-30493,ZnCdPt2,154.491,tet,"['Cd', 'Pt', 'Zn']",3
mp-30502,TmCd3,57.293,ortho,"['Cd', 'Tm']",2
mp-30498,TbCd3,56.173,hex_,"['Cd', 'Tb']",2
mp-30485,Ca3Zn,22.439,ortho,"['Ca', 'Zn']",2
mp-30501,Ti2Cd,89.283,tet,"['Cd', 'Ti']",2
mp-30490,Mg3Cd,39.972,hex_,"['Cd', 'Mg']",2
mp-30488,CdHg2,30.017,tet,"['Cd', 'Hg']",2
mp-30506,CeHg2,64.176,hex_,"['Ce', 'Hg']",2
mp-30494,ScCd3,61.151,hex_,"['Cd', 'Sc']",2
mp-30491,MgCd3,43.169,hex_,"['Cd', 'Mg']",2
mp-30495,SmCd2,53.428,hex_,"['Cd', 'Sm']",2
mp-30500,TiCd,81.552,tet,"['Cd', 'Ti']",2
mp-30507,CeIr5,231.621,hex_,"['Ce', 'Ir']",2
mp-30497,TbCd2,54.807,hex_,"['Cd', 'Tb']",2
mp-30572,Hf2Ga,119.01,tet,"['Ga', 'Hf']",2
mp-30566,Ti2Co,96.827,cubic,"['Co', 'Ti']",2
mp-30570,CrGaFe2,204.598,cubic,"['Cr', 'Fe', 'Ga']",3
mp-30560,NbCoSn,75.199,cubic,"['Co', 'Nb', 'Sn']",3
mp-30586,HoInCu2,86.981,cubic,"['Cu', 'Ho', 'In']",3
mp-30536,V5Sb4,90.199,tet,"['Sb', 'V']",2
mp-30569,Zr6Co23,173.449,cubic,"['Co', 'Zr']",2
mp-30592,CuNi2Sn,149.253,cubic,"['Cu', 'Ni', 'Sn']",3
mp-30555,TaGaCo2,195.874,cubic,"['Co', 'Ga', 'Ta']",3
mp-30587,MgInCu4,100.153,cubic,"['Cu', 'In', 'Mg']",3
mp-30579,ErCu5,106.265,cubic,"['Cu', 'Er']",2
mp-30582,HfCuHg2,105.976,cubic,"['Cu', 'Hf', 'Hg']",3
mp-30580,SrGaCu2,52.608,trig,"['Cu', 'Ga', 'Sr']",3
mp-30551,GaFeCo2,190.304,cubic,"['Co', 'Fe', 'Ga']",3
mp-30571,Tl2Au,38.126,tet,"['Au', 'Tl']",2
mp-30564,ThCo,101.93,ortho,"['Co', 'Th']",2
mp-30593,ZnCu2Ni,143.323,tet,"['Cu', 'Ni', 'Zn']",3
mp-30581,Hf2Cu,123.959,tet,"['Cu', 'Hf']",2
mp-30591,Li2CuSn,52.666,cubic,"['Cu', 'Li', 'Sn']",3
mp-30578,DyCu5,107.72,cubic,"['Cu', 'Dy']",2
mp-30563,ZrCoSn,140.779,hex_,"['Co', 'Sn', 'Zr']",3
mp-30585,HoCu5,116.726,hex_,"['Cu', 'Ho']",2
mp-30599,Ti2Cu3,139.182,tet,"['Cu', 'Ti']",2
mp-30598,SrCuSn2,47.714,ortho,"['Cu', 'Sn', 'Sr']",3
mp-30603,ZrCu5,136.626,cubic,"['Cu', 'Zr']",2
mp-30595,CuSnRh2,177.039,cubic,"['Cu', 'Rh', 'Sn']",3
mp-30619,Zr3Co,103.802,ortho,"['Co', 'Zr']",2
mp-30594,Cu4Pd,145.218,tet,"['Cu', 'Pd']",2
mp-30600,TmCu5,109.138,cubic,"['Cu', 'Tm']",2
mp-30611,ErSnPt2,131.951,hex_,"['Er', 'Pt', 'Sn']",3
mp-30620,DyRh5,180.429,hex_,"['Dy', 'Rh']",2
mp-30621,DySi2Rh3,175.481,hex_,"['Dy', 'Rh', 'Si']",3
mp-30610,Er2Pt,76.471,ortho,"['Er', 'Pt']",2
mp-30655,Ga4Ni3,135.145,cubic,"['Ga', 'Ni']",2
mp-30671,Ti2Ga,120.013,hex_,"['Ga', 'Ti']",2
mp-30684,Zr3Ga2,111.017,tet,"['Ga', 'Zr']",2
mp-30657,TiGaNi2,166.368,cubic,"['Ga', 'Ni', 'Ti']",3
mp-30683,ZrGa2,99.541,ortho,"['Ga', 'Zr']",2
mp-30686,Zr2Ga3,110.808,ortho,"['Ga', 'Zr']",2
mp-30658,VGaNi2,167.969,cubic,"['Ga', 'Ni', 'V']",3
mp-30668,Ta5Ga3,177.165,hex_,"['Ga', 'Ta']",2
mp-30672,Ti3Ga,118.806,hex_,"['Ga', 'Ti']",2
mp-30682,ZrGa,113.596,tet,"['Ga', 'Zr']",2
mp-30661,ScGaPd2,127.531,cubic,"['Ga', 'Pd', 'Sc']",3
mp-30656,TiGaNi,127.561,hex_,"['Ga', 'Ni', 'Ti']",3
mp-30717,KHg2,11.826,ortho,"['Hg', 'K']",2
mp-30673,Ti2Ga3,107.755,tet,"['Ga', 'Ti']",2
mp-30685,ZrGa3,97.364,tet,"['Ga', 'Zr']",2
mp-30746,YIr,130.242,cubic,"['Ir', 'Y']",2
mp-30721,Hg5Pd2,68.584,tet,"['Hg', 'Pd']",2
mp-30727,MgCdAg2,69.74,cubic,"['Ag', 'Cd', 'Mg']",3
mp-30725,YHg2,62.527,hex_,"['Hg', 'Y']",2
mp-30739,Mg3Ir,76.899,hex_,"['Ir', 'Mg']",2
mp-30737,YMgAg,54.978,hex_,"['Ag', 'Mg', 'Y']",3
mp-30744,IrW,333.76,ortho,"['Ir', 'W']",2
mp-30741,PaIr3,259.63,cubic,"['Ir', 'Pa']",2
mp-30738,LiIr3,242.519,ortho,"['Ir', 'Li']",2
mp-30726,YHg3,59.331,hex_,"['Hg', 'Y']",2
mp-30719,Mg2Hg,44.345,ortho,"['Hg', 'Mg']",2
mp-30722,ScHg3,63.522,hex_,"['Hg', 'Sc']",2
mp-30731,HoSnPd2,110.96,cubic,"['Ho', 'Pd', 'Sn']",3
mp-30753,LaPd5,126.008,hex_,"['La', 'Pd']",2
mp-30745,Ir3W,350.814,hex_,"['Ir', 'W']",2
mp-30750,CeAl4Ni,89.025,ortho,"['Al', 'Ce', 'Ni']",3
mp-30774,MgNi2Sn,116.057,cubic,"['Mg', 'Ni', 'Sn']",3
mp-30765,LiPt7,217.916,cubic,"['Li', 'Pt']",2
mp-30763,LiPd2Pb,81.931,cubic,"['Li', 'Pb', 'Pd']",3
mp-30790,ZrMo3,193.868,cubic,"['Mo', 'Zr']",2
mp-30789,U2Mo,179.585,tet,"['Mo', 'U']",2
mp-30796,NbSnRh,127.669,cubic,"['Nb', 'Rh', 'Sn']",3
mp-30788,SnMo3,216.251,cubic,"['Mo', 'Sn']",2
mp-30764,LiPt2,135.254,cubic,"['Li', 'Pt']",2
mp-30787,MoRh3,268.478,hex_,"['Mo', 'Rh']",2
mp-30778,Mg5Rh2,112.559,hex_,"['Mg', 'Rh']",2
mp-30784,Mg2Zn11,68.686,cubic,"['Mg', 'Zn']",2
mp-30773,MgNi2Sb,113.99,cubic,"['Mg', 'Ni', 'Sb']",3
mp-30777,MgPt3,183.899,cubic,"['Mg', 'Pt']",2
mp-30800,NdZn2,56.978,ortho,"['Nd', 'Zn']",2
mp-30799,NdTlPd,76.14,hex_,"['Nd', 'Pd', 'Tl']",3
mp-30811,Ni4W,226.168,tet,"['Ni', 'W']",2
mp-30798,NbZn2,140.627,hex_,"['Nb', 'Zn']",2
mp-30816,Li2AlPd,68.314,cubic,"['Al', 'Li', 'Pd']",3
mp-30821,LiAl2Rh,119.342,cubic,"['Al', 'Li', 'Rh']",3
mp-30825,PaRh3,212.903,cubic,"['Pa', 'Rh']",2
mp-30836,TaPd3,210.488,tet,"['Pd', 'Ta']",2
mp-30819,LiAl2Pt,124.378,cubic,"['Al', 'Li', 'Pt']",3
mp-30808,TbNi5,143.336,hex_,"['Ni', 'Tb']",2
mp-30801,NdZn5,75.202,hex_,"['Nd', 'Zn']",2
mp-30818,Li2AlPt,84.603,cubic,"['Al', 'Li', 'Pt']",3
mp-30834,SrSn3Pd,56.392,tet,"['Pd', 'Sn', 'Sr']",3
mp-30835,TaPd2,205.117,ortho,"['Pd', 'Ta']",2
mp-30817,LiAl2Pd,104.819,cubic,"['Al', 'Li', 'Pd']",3
mp-30805,SrNiSn3,51.162,tet,"['Ni', 'Sn', 'Sr']",3
mp-30815,LaAl3Pd2,102.67,hex_,"['Al', 'La', 'Pd']",3
mp-30820,Li2AlRh,80.792,cubic,"['Al', 'Li', 'Rh']",3
mp-30844,ScSnPt2,142.674,cubic,"['Pt', 'Sc', 'Sn']",3
mp-30846,Sn3Pt2,102.187,hex_,"['Pt', 'Sn']",2
mp-30856,ZnPt3,211.734,cubic,"['Pt', 'Zn']",2
mp-30839,Th3Pd5,79.566,hex_,"['Pd', 'Th']",2
mp-30851,Ti3Pt5,202.97,ortho,"['Pt', 'Ti']",2
mp-30840,Ti2Pd3,154.553,ortho,"['Pd', 'Ti']",2
mp-30847,TiSnPt,136.97,cubic,"['Pt', 'Sn', 'Ti']",3
mp-30849,TaPt2,243.933,ortho,"['Pt', 'Ta']",2
mp-30871,Ta3Sn,178.536,cubic,"['Sn', 'Ta']",2
mp-30850,TaPt3,259.644,ortho,"['Pt', 'Ta']",2
mp-30858,ZrPt3,221.479,cubic,"['Pt', 'Zr']",2
mp-30845,SmPt3,160.432,cubic,"['Pt', 'Sm']",2
mp-30866,Rh3W,282.841,hex_,"['Rh', 'W']",2
mp-30842,ZrPd3,170.268,hex_,"['Pd', 'Zr']",2
mp-30852,TiPt8,240.535,tet,"['Pt', 'Ti']",2
mp-30848,USnPt,145.047,cubic,"['Pt', 'Sn', 'U']",3
mp-30867,ScRu,148.847,cubic,"['Ru', 'Sc']",2
mp-30886,YZn12,79.823,tet,"['Y', 'Zn']",2
mp-30875,Ti2Sn,114.555,hex_,"['Sn', 'Ti']",2
mp-30883,V4Zn5,125.541,tet,"['V', 'Zn']",2
mp-30876,Zr3Sn,103.006,cubic,"['Sn', 'Zr']",2
mp-30884,YZn3,72.174,ortho,"['Y', 'Zn']",2
mp-30882,TiZn2,105.49,hex_,"['Ti', 'Zn']",2
mp-30885,YZn5,78.306,hex_,"['Y', 'Zn']",2
mp-30921,Y6CoBi2,56.904,hex_,"['Bi', 'Co', 'Y']",3
mp-30933,ZrBi,82.991,ortho,"['Bi', 'Zr']",2
mp-31011,Y2Si2Rh,106.197,mono,"['Rh', 'Si', 'Y']",3
mp-31018,SrAgBi,35.76,hex_,"['Ag', 'Bi', 'Sr']",3
mp-31080,YAlSi,87.972,ortho,"['Al', 'Si', 'Y']",3
mp-31081,Sc(MnAl2)4,153.967,tet,"['Al', 'Mn', 'Sc']",3
mp-31093,Dy2CoSi2,101.89,mono,"['Co', 'Dy', 'Si']",3
mp-31141,SrBiAu,39.321,hex_,"['Au', 'Bi', 'Sr']",3
mp-31144,Rb3Au7,45.356,ortho,"['Au', 'Rb']",2
mp-31142,YbBiAu,38.63,cubic,"['Au', 'Bi', 'Yb']",3
mp-31136,Lu2NiSn6,65.165,ortho,"['Lu', 'Ni', 'Sn']",3
mp-31140,BaBiAu,38.213,hex_,"['Au', 'Ba', 'Bi']",3
mp-31138,MnPd3,146.973,tet,"['Mn', 'Pd']",2
mp-31184,AlFe2,131.215,cubic,"['Al', 'Fe']",2
mp-31187,TiAlFe2,184.183,cubic,"['Al', 'Fe', 'Ti']",3
mp-31171,Zn2AgAu,102.933,cubic,"['Ag', 'Au', 'Zn']",3
mp-31169,ScAlAg2,93.143,cubic,"['Ag', 'Al', 'Sc']",3
mp-31148,BaZnSn,34.655,hex_,"['Ba', 'Sn', 'Zn']",3
mp-31145,BaCuBi,38.096,hex_,"['Ba', 'Bi', 'Cu']",3
mp-31160,CaZnSn,46.54,hex_,"['Ca', 'Sn', 'Zn']",3
mp-31186,AlFe2Ni,133.148,cubic,"['Al', 'Fe', 'Ni']",3
mp-31153,CaGePt,89.711,ortho,"['Ca', 'Ge', 'Pt']",3
mp-31147,BaZnSi,43.884,hex_,"['Ba', 'Si', 'Zn']",3
mp-31182,ErAl2Ni,93.639,ortho,"['Al', 'Er', 'Ni']",3
mp-31205,Zr3Fe,102.072,ortho,"['Fe', 'Zr']",2
mp-31170,Cd2AgAu,82.477,cubic,"['Ag', 'Au', 'Cd']",3
mp-31172,Ca5Ag3,30.043,tet,"['Ag', 'Ca']",2
mp-31173,CeCd2Ag,53.25,cubic,"['Ag', 'Cd', 'Ce']",3
mp-31185,MnAlFe2,204.228,cubic,"['Al', 'Fe', 'Mn']",3
mp-31152,CaGaPt,81.877,ortho,"['Ca', 'Ga', 'Pt']",3
mp-31168,Li2AlAg,50.135,cubic,"['Ag', 'Al', 'Li']",3
mp-31208,LiIn2Ir,103.987,cubic,"['In', 'Ir', 'Li']",3
mp-31328,MnInPd2,70.027,cubic,"['In', 'Mn', 'Pd']",3
mp-31339,ScInPd2,118.985,cubic,"['In', 'Pd', 'Sc']",3
mp-31301,LiSn4Au3,62.451,hex_,"['Au', 'Li', 'Sn']",3
mp-31294,Sr2In3Rh2,58.384,mono,"['In', 'Rh', 'Sr']",3
mp-31219,Si3W5,267.109,tet,"['Si', 'W']",2
mp-31330,NdInRh,91.094,hex_,"['In', 'Nd', 'Rh']",3
mp-31277,Sn4Ir,71.396,tet,"['Ir', 'Sn']",2
mp-31337,InPd3,143.036,cubic,"['In', 'Pd']",2
mp-31441,Li2GaIr,95.635,cubic,"['Ga', 'Ir', 'Li']",3
mp-31451,ZrCoBi,118.226,cubic,"['Bi', 'Co', 'Zr']",3
mp-31380,SmPd,75.905,ortho,"['Pd', 'Sm']",2
mp-31452,ZrNiBi,99.372,cubic,"['Bi', 'Ni', 'Zr']",3
mp-31383,Hf6CoBi2,107.37,hex_,"['Bi', 'Co', 'Hf']",3
mp-31454,TaSbRu,176.103,cubic,"['Ru', 'Sb', 'Ta']",3
mp-31460,NbCoSb,193.533,cubic,"['Co', 'Nb', 'Sb']",3
mp-31458,TiSbRu,144.54,cubic,"['Ru', 'Sb', 'Ti']",3
mp-31455,VSbRu,161.485,cubic,"['Ru', 'Sb', 'V']",3
mp-31438,YZrSb,78.942,tet,"['Sb', 'Y', 'Zr']",3
mp-31443,Li2InIr,82.523,cubic,"['In', 'Ir', 'Li']",3
mp-31457,ZrSbRu,136.523,cubic,"['Ru', 'Sb', 'Zr']",3
mp-31402,Sm2GeRh3,131.74,trig,"['Ge', 'Rh', 'Sm']",3
mp-31442,Li2InRh,70.882,cubic,"['In', 'Li', 'Rh']",3
mp-31456,HfSbRu,142.704,cubic,"['Hf', 'Ru', 'Sb']",3
mp-31411,Th(Al2Cr)4,119.17,tet,"['Al', 'Cr', 'Th']",3
mp-31453,NbSbRh,149.831,cubic,"['Nb', 'Rh', 'Sb']",3
mp-31459,TaCoSb,165.084,cubic,"['Co', 'Sb', 'Ta']",3
mp-31379,Zr2Sb,106.569,tet,"['Sb', 'Zr']",2
mp-31498,BaPt,49.609,hex_,"['Ba', 'Pt']",2
mp-31467,Ga3Pd7,150.991,mono,"['Ga', 'Pd']",2
mp-31502,ScCd7,53.455,ortho,"['Cd', 'Sc']",2
mp-31496,Li2Sn2Au,47.106,tet,"['Au', 'Li', 'Sn']",3
mp-31469,Hf5CuSn3,118.269,hex_,"['Cu', 'Hf', 'Sn']",3
mp-35841,Li2CuGe,58.787,cubic,"['Cu', 'Ge', 'Li']",3
mp-38818,HfNbB4,268.54,ortho,"['B', 'Hf', 'Nb']",3
mp-504741,Hf(FeSi)2,181.136,ortho,"['Fe', 'Hf', 'Si']",3
mp-505207,Sm2Co7B3,178.372,hex_,"['B', 'Co', 'Sm']",3
mp-505071,Si2Pd9,163.342,ortho,"['Pd', 'Si']",2
mp-505005,CeSiOs,93.891,tet,"['Ce', 'Os', 'Si']",3
mp-505019,USb2Ru,83.812,tet,"['Ru', 'Sb', 'U']",3
mp-505332,LaFeSi,72.64,tet,"['Fe', 'La', 'Si']",3
mp-505297,NbSbRu,168.993,cubic,"['Nb', 'Ru', 'Sb']",3
mp-505331,CeMnSi,81.905,tet,"['Ce', 'Mn', 'Si']",3
mp-505282,CeGeRh,109.376,ortho,"['Ce', 'Ge', 'Rh']",3
mp-505515,Sr(CuSb)2,62.734,tet,"['Cu', 'Sb', 'Sr']",3
mp-505572,Al13(CrSi)4,112.279,cubic,"['Al', 'Cr', 'Si']",3
mp-505554,Sc(FeSi)2,172.302,ortho,"['Fe', 'Sc', 'Si']",3
mp-510306,Sc2CrB6,208.603,ortho,"['B', 'Cr', 'Sc']",3
mp-505599,VNiSb,142.304,cubic,"['Ni', 'Sb', 'V']",3
mp-505822,TiSiRu,189.963,ortho,"['Ru', 'Si', 'Ti']",3
mp-505780,Ge7Ir3,141.767,cubic,"['Ge', 'Ir']",2
mp-510219,Sn2Ru,117.026,tet,"['Ru', 'Sn']",2
mp-505781,MnGePd2,134.593,cubic,"['Ge', 'Mn', 'Pd']",3
mp-505804,Ti2CuSb3,90.931,tet,"['Cu', 'Sb', 'Ti']",3
mp-510152,DyNiSn,22.797,ortho,"['Dy', 'Ni', 'Sn']",3
mp-510198,IrPb,125.941,hex_,"['Ir', 'Pb']",2
mp-510441,YInPt2,121.073,hex_,"['In', 'Pt', 'Y']",3
mp-510437,In3Pd2,88.536,trig,"['In', 'Pd']",2
mp-510376,CeBRh3,190.777,cubic,"['B', 'Ce', 'Rh']",3
mp-510409,TiSiNi,176.474,ortho,"['Ni', 'Si', 'Ti']",3
mp-510412,Si3Ru4,230.632,ortho,"['Ru', 'Si']",2
mp-510311,BaZnPb,29.868,hex_,"['Ba', 'Pb', 'Zn']",3
mp-510691,Hf5Sn4,111.118,hex_,"['Hf', 'Sn']",2
mp-540791,Si4Rh3,178.662,ortho,"['Rh', 'Si']",2
mp-541047,ZrAlPd2,148.827,cubic,"['Al', 'Pd', 'Zr']",3
mp-542106,SbPd2,126.402,ortho,"['Pd', 'Sb']",2
mp-542170,Lu5(Si5Ir2)2,141.033,tet,"['Ir', 'Lu', 'Si']",3
mp-542065,CdAgSb,58.715,cubic,"['Ag', 'Cd', 'Sb']",3
mp-542569,AlRu,203.483,cubic,"['Al', 'Ru']",2
mp-542429,Mg3Rh,65.593,hex_,"['Mg', 'Rh']",2
mp-542458,Ce2Zn17,76.111,trig,"['Ce', 'Zn']",2
mp-542568,EuAg5,65.098,hex_,"['Ag', 'Eu']",2
mp-542640,GePt,141.112,ortho,"['Ge', 'Pt']",2
mp-542595,Ge2W,170.049,tet,"['Ge', 'W']",2
mp-542915,TiAl3,106.208,tet,"['Al', 'Ti']",2
mp-542777,CePt5,444.605,hex_,"['Ce', 'Pt']",2
mp-543001,Zr5Sn4,104.158,hex_,"['Sn', 'Zr']",2
mp-631548,Tl2SiNi,25.669,cubic,"['Ni', 'Si', 'Tl']",3
mp-631551,MnAlTc,119.44,cubic,"['Al', 'Mn', 'Tc']",3
mp-631554,Na2TiAu,37.563,cubic,"['Au', 'Na', 'Ti']",3
mp-631538,NiBiB,103.38,cubic,"['B', 'Bi', 'Ni']",3
mp-631547,In2ReB,107.248,cubic,"['B', 'In', 'Re']",3
mp-631561,ZrAgMo,116.857,cubic,"['Ag', 'Mo', 'Zr']",3
mp-631562,SiBAu,113.956,cubic,"['Au', 'B', 'Si']",3
mp-631536,KBIr2,136.47,cubic,"['B', 'Ir', 'K']",3
mp-631537,BeReB,182.019,cubic,"['B', 'Be', 'Re']",3
mp-631633,LaCoTc2,448.872,cubic,"['Co', 'La', 'Tc']",3
mp-631694,InCoSi2,150.025,cubic,"['Co', 'In', 'Si']",3
mp-631568,AlAgB,91.718,cubic,"['Ag', 'Al', 'B']",3
mp-631575,TiCrAg,76.897,cubic,"['Ag', 'Cr', 'Ti']",3
mp-631661,Y2FeB,84.228,cubic,"['B', 'Fe', 'Y']",3
mp-631571,Bi2OsAu,106.645,cubic,"['Au', 'Bi', 'Os']",3
mp-631570,BaTaB,65.046,cubic,"['B', 'Ba', 'Ta']",3
mp-631754,ReSnGe,114.439,cubic,"['Ge', 'Re', 'Sn']",3
mp-636212,GaFe2Co,157.963,cubic,"['Co', 'Fe', 'Ga']",3
mp-636328,TiPd3,179.376,cubic,"['Pd', 'Ti']",2
mp-636320,TiGaFe2,190.307,cubic,"['Fe', 'Ga', 'Ti']",3
mp-636599,FeSnRu2,200.71,cubic,"['Fe', 'Ru', 'Sn']",3
mp-637255,Ti2Sn3,87.487,ortho,"['Sn', 'Ti']",2
mp-639874,Ta2Al,161.55,tet,"['Al', 'Ta']",2
mp-640095,La3Co,32.741,ortho,"['Co', 'La']",2
mp-636368,Ga3Fe,102.587,tet,"['Fe', 'Ga']",2
mp-639910,Y(Sn3Ru2)2,117.643,tet,"['Ru', 'Sn', 'Y']",3
mp-640024,HfInNi2,145.405,cubic,"['Hf', 'In', 'Ni']",3
mp-636331,V3Pt,209.896,cubic,"['Pt', 'V']",2
mp-636698,YHf2Pb,72.894,cubic,"['Hf', 'Pb', 'Y']",3
mp-639659,InCuPt2,168.56,tet,"['Cu', 'In', 'Pt']",3
mp-637575,AlCr3B4,248.749,ortho,"['Al', 'B', 'Cr']",3
mp-636334,SnRh2,176.402,ortho,"['Rh', 'Sn']",2
mp-640708,FeGe2,128.509,ortho,"['Fe', 'Ge']",2
mp-641526,Fe13Co3,170.181,tet,"['Co', 'Fe']",2
mp-644280,GaCuPt2,188.8,tet,"['Cu', 'Ga', 'Pt']",3
mp-644311,CuPt,190.686,trig,"['Cu', 'Pt']",2
mp-644500,Zn7Mo,101.103,cubic,"['Mo', 'Zn']",2
mp-644739,LaGa6,59.389,tet,"['Ga', 'La']",2
mp-646824,Ca3Ag8,49.399,cubic,"['Ag', 'Ca']",2
mp-646507,Hf2Ni2Sn,154.562,tet,"['Hf', 'Ni', 'Sn']",3
mp-644504,NdMg2Ag,46.464,cubic,"['Ag', 'Mg', 'Nd']",3
mp-672259,AlFe2Mo,230.256,cubic,"['Al', 'Fe', 'Mo']",3
mp-672337,VGe3,86.695,cubic,"['Ge', 'V']",2
mp-669692,NbPd3,196.318,ortho,"['Nb', 'Pd']",2
mp-672250,Ti3Ga,90.431,hex_,"['Ga', 'Ti']",2
mp-672340,LiIn2Ru,95.132,cubic,"['In', 'Li', 'Ru']",3
mp-672254,CaPdPb,57.601,hex_,"['Ca', 'Pb', 'Pd']",3
mp-672661,GaFe3,169.932,cubic,"['Fe', 'Ga']",2
mp-669917,ZrRh,155.521,ortho,"['Rh', 'Zr']",2
mp-672265,Cu3Pd,152.324,tet,"['Cu', 'Pd']",2
mp-672294,Eu(CoSi)2,101.06,tet,"['Co', 'Eu', 'Si']",3
mp-672299,YInNi,85.206,hex_,"['In', 'Ni', 'Y']",3
mp-672232,AlNi3,177.562,cubic,"['Al', 'Ni']",2
mp-669918,VSnRh2,187.018,tet,"['Rh', 'Sn', 'V']",3
mp-672371,Ni3Sb,168.202,ortho,"['Ni', 'Sb']",2
mp-672645,TiSiRh,187.886,ortho,"['Rh', 'Si', 'Ti']",3
mp-672356,MnSbPt,93.999,cubic,"['Mn', 'Pt', 'Sb']",3
mp-672374,UNi2Sn,146.821,cubic,"['Ni', 'Sn', 'U']",3
mp-669546,AlPd,149.807,trig,"['Al', 'Pd']",2
mp-672227,CaZn13,71.135,cubic,"['Ca', 'Zn']",2
mp-680677,Sn3Ru2,125.829,tet,"['Ru', 'Sn']",2
mp-684031,Mg3(TiAl9)2,79.394,cubic,"['Al', 'Mg', 'Ti']",3
mp-697068,SiPd2,177.478,hex_,"['Pd', 'Si']",2
mp-753490,TiCuGe,127.282,ortho,"['Cu', 'Ge', 'Ti']",3
mp-754185,Y2MgNi2,63.25,tet,"['Mg', 'Ni', 'Y']",3
mp-754875,TbSi2Rh3,174.624,hex_,"['Rh', 'Si', 'Tb']",3
mp-755328,ZrSn2,87.588,ortho,"['Sn', 'Zr']",2
mp-755435,Tl2Au,37.616,tet,"['Au', 'Tl']",2
mp-758104,Mn11Pd21,142.138,tet,"['Mn', 'Pd']",2
mp-784630,Ni2Mo,240.432,ortho,"['Mo', 'Ni']",2
mp-784631,CrNi2,221.367,ortho,"['Cr', 'Ni']",2
mp-861617,LaHgAu2,69.273,cubic,"['Au', 'Hg', 'La']",3
mp-861481,Pr2AgRu,75.998,cubic,"['Ag', 'Pr', 'Ru']",3
mp-861501,AgHgPd2,117.832,cubic,"['Ag', 'Hg', 'Pd']",3
mp-861662,CaZrRh2,120.366,cubic,"['Ca', 'Rh', 'Zr']",3
mp-861510,Pr2SnHg,53.848,cubic,"['Hg', 'Pr', 'Sn']",3
mp-861616,LiSc2Ir,99.243,cubic,"['Ir', 'Li', 'Sc']",3
mp-861646,ThCdRh2,127.909,cubic,"['Cd', 'Rh', 'Th']",3
mp-861672,Ti2FeIr,191.953,cubic,"['Fe', 'Ir', 'Ti']",3
mp-861610,Tc3Pd,252.716,hex_,"['Pd', 'Tc']",2
mp-861498,Pr2HgPb,53.36,cubic,"['Hg', 'Pb', 'Pr']",3
mp-861656,Ti2CrIr,194.37,cubic,"['Cr', 'Ir', 'Ti']",3
mp-861640,Ti2AlRe,172.0,cubic,"['Al', 'Re', 'Ti']",3
mp-861663,LiRh2Pb,125.906,cubic,"['Li', 'Pb', 'Rh']",3
mp-861479,PrYMg2,39.202,cubic,"['Mg', 'Pr', 'Y']",3
mp-861625,LiZnAg2,65.489,cubic,"['Ag', 'Li', 'Zn']",3
mp-861637,Ti2AlTc,159.815,cubic,"['Al', 'Tc', 'Ti']",3
mp-861651,Li2PdPb,50.293,cubic,"['Li', 'Pb', 'Pd']",3
mp-861658,LiMnPt2,134.07,cubic,"['Li', 'Mn', 'Pt']",3
mp-861600,Ho2ZnIn,60.928,cubic,"['Ho', 'In', 'Zn']",3
mp-861619,TiZnPt2,182.047,cubic,"['Pt', 'Ti', 'Zn']",3
mp-861624,LiLaHg2,44.988,cubic,"['Hg', 'La', 'Li']",3
mp-861628,Er2TlCd,59.121,cubic,"['Cd', 'Er', 'Tl']",3
mp-861629,LiMnPd2,102.805,cubic,"['Li', 'Mn', 'Pd']",3
mp-861641,Ti2CoRe,190.189,cubic,"['Co', 'Re', 'Ti']",3
mp-861667,LiSbRh2,149.879,cubic,"['Li', 'Rh', 'Sb']",3
mp-861736,LiSbPd2,107.809,cubic,"['Li', 'Pd', 'Sb']",3
mp-861594,Pr2TlCd,48.605,cubic,"['Cd', 'Pr', 'Tl']",3
mp-861627,Ti2AlMo,150.337,cubic,"['Al', 'Mo', 'Ti']",3
mp-861630,Tc3Ru,303.39,hex_,"['Ru', 'Tc']",2
mp-861639,Ti2CoIr,193.269,cubic,"['Co', 'Ir', 'Ti']",3
mp-861660,LiNdHg2,48.714,cubic,"['Hg', 'Li', 'Nd']",3
mp-861724,Ac2AgIr,67.493,cubic,"['Ac', 'Ag', 'Ir']",3
mp-861643,CaLaMg2,29.61,cubic,"['Ca', 'La', 'Mg']",3
mp-861666,LiRu2W,221.989,cubic,"['Li', 'Ru', 'W']",3
mp-861499,Pr2CuIr,84.313,cubic,"['Cu', 'Ir', 'Pr']",3
mp-861508,Pr2ZnIr,78.497,cubic,"['Ir', 'Pr', 'Zn']",3
mp-861588,Pr2CuRu,78.771,cubic,"['Cu', 'Pr', 'Ru']",3
mp-861652,LiLuPt2,106.05,cubic,"['Li', 'Lu', 'Pt']",3
mp-861661,LiPr2Ru,61.849,cubic,"['Li', 'Pr', 'Ru']",3
mp-861483,Pr2IrPd,91.797,cubic,"['Ir', 'Pd', 'Pr']",3
mp-861881,LiGeAu2,77.804,cubic,"['Au', 'Ge', 'Li']",3
mp-861872,Ac2HgGe,47.445,cubic,"['Ac', 'Ge', 'Hg']",3
mp-861905,LiBiPd2,82.613,cubic,"['Bi', 'Li', 'Pd']",3
mp-861935,CaSnRh2,116.199,cubic,"['Ca', 'Rh', 'Sn']",3
mp-861880,AcCdRh2,93.343,cubic,"['Ac', 'Cd', 'Rh']",3
mp-861900,LiGaAu2,85.118,cubic,"['Au', 'Ga', 'Li']",3
mp-861909,CdGaRh2,160.28,cubic,"['Cd', 'Ga', 'Rh']",3
mp-861883,Ac2CuIr,68.935,cubic,"['Ac', 'Cu', 'Ir']",3
mp-861888,CeBiAu2,114.419,cubic,"['Au', 'Bi', 'Ce']",3
mp-861908,TaTiRu2,234.152,cubic,"['Ru', 'Ta', 'Ti']",3
mp-861933,LiTmHg2,54.296,cubic,"['Hg', 'Li', 'Tm']",3
mp-861936,LiPd3,120.749,cubic,"['Li', 'Pd']",2
mp-861896,LiHg2Pd,69.136,cubic,"['Hg', 'Li', 'Pd']",3
mp-861912,TaTiTc2,230.754,cubic,"['Ta', 'Tc', 'Ti']",3
mp-861882,LiGeIr2,206.944,cubic,"['Ge', 'Ir', 'Li']",3
mp-861889,Sc3Tc,89.781,hex_,"['Sc', 'Tc']",2
mp-861875,LiHf2Re,137.66,cubic,"['Hf', 'Li', 'Re']",3
mp-861931,LiPt3,182.434,cubic,"['Li', 'Pt']",2
mp-861878,Cd2AgRh,104.19,cubic,"['Ag', 'Cd', 'Rh']",3
mp-861930,LiPdAu2,102.194,cubic,"['Au', 'Li', 'Pd']",3
mp-861932,LiZnAu2,86.57,cubic,"['Au', 'Li', 'Zn']",3
mp-861901,LiGaCu2,86.815,cubic,"['Cu', 'Ga', 'Li']",3
mp-861961,TiZnRh2,190.201,cubic,"['Rh', 'Ti', 'Zn']",3
mp-862260,ScZn3,79.006,hex_,"['Sc', 'Zn']",2
mp-861983,Ti2MnFe,184.197,cubic,"['Fe', 'Mn', 'Ti']",3
mp-861943,BPt3,179.835,hex_,"['B', 'Pt']",2
mp-861954,LiTaRu2,190.046,cubic,"['Li', 'Ru', 'Ta']",3
mp-862259,Sc3Al,66.919,hex_,"['Al', 'Sc']",2
mp-861956,LiPm2Ir,73.728,cubic,"['Ir', 'Li', 'Pm']",3
mp-862262,LaCdHg2,52.817,cubic,"['Cd', 'Hg', 'La']",3
mp-861978,Hf2ReIr,213.322,cubic,"['Hf', 'Ir', 'Re']",3
mp-862256,Cu2PdAu,144.311,cubic,"['Au', 'Cu', 'Pd']",3
mp-861953,AlFeRh2,193.542,cubic,"['Al', 'Fe', 'Rh']",3
mp-861974,PaCdPt2,145.981,cubic,"['Cd', 'Pa', 'Pt']",3
mp-861958,Ti2MnBe,153.777,cubic,"['Be', 'Mn', 'Ti']",3
mp-861940,Ca2CdSn,34.346,cubic,"['Ca', 'Cd', 'Sn']",3
mp-861966,AcHgAu2,61.312,cubic,"['Ac', 'Au', 'Hg']",3
mp-861951,LiTaRh2,185.431,cubic,"['Li', 'Rh', 'Ta']",3
mp-861994,Ho2TlCd,59.723,cubic,"['Cd', 'Ho', 'Tl']",3
mp-861993,Ho2TlAg,63.714,cubic,"['Ag', 'Ho', 'Tl']",3
mp-862296,LiAlPt2,151.998,cubic,"['Al', 'Li', 'Pt']",3
mp-862291,BeGaRh2,200.601,cubic,"['Be', 'Ga', 'Rh']",3
mp-862312,LiBePd2,124.471,cubic,"['Be', 'Li', 'Pd']",3
mp-862368,Sc2NiPt,130.308,cubic,"['Ni', 'Pt', 'Sc']",3
mp-862290,LiFeRh2,145.894,cubic,"['Fe', 'Li', 'Rh']",3
mp-862297,LiAlRh2,147.585,cubic,"['Al', 'Li', 'Rh']",3
mp-862318,LiAl2Ni,103.846,cubic,"['Al', 'Li', 'Ni']",3
mp-862319,Ac2CdSn,42.615,cubic,"['Ac', 'Cd', 'Sn']",3
mp-862360,Sc2NiIr,137.387,cubic,"['Ir', 'Ni', 'Sc']",3
mp-862316,LiBePt2,165.822,cubic,"['Be', 'Li', 'Pt']",3
mp-862423,Sc2TcPd,123.752,cubic,"['Pd', 'Sc', 'Tc']",3
mp-862339,Sc2GaAg,81.21,cubic,"['Ag', 'Ga', 'Sc']",3
mp-862374,CdInPd2,115.643,cubic,"['Cd', 'In', 'Pd']",3
mp-862378,Sc2TcAu,124.283,cubic,"['Au', 'Sc', 'Tc']",3
mp-862361,Sc2NiOs,145.388,cubic,"['Ni', 'Os', 'Sc']",3
mp-862288,AlFe2W,238.376,cubic,"['Al', 'Fe', 'W']",3
mp-862287,BeAlRh2,199.23,cubic,"['Al', 'Be', 'Rh']",3
mp-862376,Sc2CuTc,107.482,cubic,"['Cu', 'Sc', 'Tc']",3
mp-862289,AcHg3,46.985,hex_,"['Ac', 'Hg']",2
mp-862375,Sc2TcHg,109.754,cubic,"['Hg', 'Sc', 'Tc']",3
mp-862377,LiBe2Ir,139.753,cubic,"['Be', 'Ir', 'Li']",3
mp-862379,Sc2TcAg,108.026,cubic,"['Ag', 'Sc', 'Tc']",3
mp-862338,Sc2CuRu,113.161,cubic,"['Cu', 'Ru', 'Sc']",3
mp-862340,Sc2GaCu,85.089,cubic,"['Cu', 'Ga', 'Sc']",3
mp-862372,Sc2RuRh,148.186,cubic,"['Rh', 'Ru', 'Sc']",3
mp-862563,Sc2BeTc,105.286,cubic,"['Be', 'Sc', 'Tc']",3
mp-862424,Sc2TcNi,164.547,cubic,"['Ni', 'Sc', 'Tc']",3
mp-862445,TaAlOs2,268.452,cubic,"['Al', 'Os', 'Ta']",3
mp-862553,Sc2BeRu,112.509,cubic,"['Be', 'Ru', 'Sc']",3
mp-862561,ScSbRu2,181.046,cubic,"['Ru', 'Sb', 'Sc']",3
mp-862586,Re3Pd,297.088,hex_,"['Pd', 'Re']",2
mp-862543,Sc2AlTc,109.061,cubic,"['Al', 'Sc', 'Tc']",3
mp-862546,Sc2AlRu,110.743,cubic,"['Al', 'Ru', 'Sc']",3
mp-862556,ScSiPd2,142.61,cubic,"['Pd', 'Sc', 'Si']",3
mp-862589,Re3Pt,325.952,hex_,"['Pt', 'Re']",2
mp-862600,Be2PtRh,216.114,cubic,"['Be', 'Pt', 'Rh']",3
mp-862604,Re3Ni,317.142,hex_,"['Ni', 'Re']",2
mp-862602,ScAlCo2,146.391,cubic,"['Al', 'Co', 'Sc']",3
mp-862432,Sc2AgIr,120.565,cubic,"['Ag', 'Ir', 'Sc']",3
mp-862588,LiDy2Tc,68.896,cubic,"['Dy', 'Li', 'Tc']",3
mp-862473,Sc2AgRu,111.847,cubic,"['Ag', 'Ru', 'Sc']",3
mp-862555,LiY2Al,50.306,cubic,"['Al', 'Li', 'Y']",3
mp-862548,Sc2AlZn,76.171,cubic,"['Al', 'Sc', 'Zn']",3
mp-862486,Sc2AlOs,123.137,cubic,"['Al', 'Os', 'Sc']",3
mp-862431,Sc2AgOs,123.096,cubic,"['Ag', 'Os', 'Sc']",3
mp-862446,TaAlRu2,240.988,cubic,"['Al', 'Ru', 'Ta']",3
mp-862610,LiHfIr2,174.685,cubic,"['Hf', 'Ir', 'Li']",3
mp-862662,LaMgZn2,51.066,cubic,"['La', 'Mg', 'Zn']",3
mp-862620,IrRu3,321.281,hex_,"['Ir', 'Ru']",2
mp-862657,LiCuPd2,144.978,cubic,"['Cu', 'Li', 'Pd']",3
mp-862635,ScSbRh2,156.139,cubic,"['Rh', 'Sb', 'Sc']",3
mp-862658,LiCu3,92.453,tet,"['Cu', 'Li']",2
mp-862663,LaPbAu2,71.48,cubic,"['Au', 'La', 'Pb']",3
mp-862673,LiY2Ru,70.948,cubic,"['Li', 'Ru', 'Y']",3
mp-862623,ScSnRh2,154.264,cubic,"['Rh', 'Sc', 'Sn']",3
mp-862622,BeRu2W,270.586,cubic,"['Be', 'Ru', 'W']",3
mp-862629,ScRh2Pb,139.016,cubic,"['Pb', 'Rh', 'Sc']",3
mp-862666,DyGaRh2,141.67,cubic,"['Dy', 'Ga', 'Rh']",3
mp-862655,Ru3W,308.427,hex_,"['Ru', 'W']",2
mp-862669,BeFe2Si,219.307,cubic,"['Be', 'Fe', 'Si']",3
mp-862672,LiY2Rh,94.264,cubic,"['Li', 'Rh', 'Y']",3
mp-862631,Ba2SbAu,31.487,cubic,"['Au', 'Ba', 'Sb']",3
mp-862705,AlZnIr2,220.942,cubic,"['Al', 'Ir', 'Zn']",3
mp-862710,Sc2CdTc,100.691,cubic,"['Cd', 'Sc', 'Tc']",3
mp-862684,LiHf2Os,145.945,cubic,"['Hf', 'Li', 'Os']",3
mp-862691,Al2FeCo,179.509,cubic,"['Al', 'Co', 'Fe']",3
mp-862694,Al2IrRh,211.649,cubic,"['Al', 'Ir', 'Rh']",3
mp-862695,Al2CoRu,185.345,cubic,"['Al', 'Co', 'Ru']",3
mp-862702,Sc2AgHg,79.681,cubic,"['Ag', 'Hg', 'Sc']",3
mp-862716,LiAg3,66.506,tet,"['Ag', 'Li']",2
mp-862699,ScTaOs2,235.29,cubic,"['Os', 'Sc', 'Ta']",3
mp-862698,Ac2SiAu,56.494,cubic,"['Ac', 'Au', 'Si']",3
mp-862680,DyMgAg2,65.63,cubic,"['Ag', 'Dy', 'Mg']",3
mp-862715,Al2PdRu,180.532,cubic,"['Al', 'Pd', 'Ru']",3
mp-862700,AlVOs2,270.525,cubic,"['Al', 'Os', 'V']",3
mp-862706,BeCo2Ge,201.076,cubic,"['Be', 'Co', 'Ge']",3
mp-862712,Sc2CoIr,137.361,cubic,"['Co', 'Ir', 'Sc']",3
mp-862713,BeGeRu2,227.447,cubic,"['Be', 'Ge', 'Ru']",3
mp-862714,Be3Ir,189.038,tet,"['Be', 'Ir']",2
mp-862679,TaZn2,151.886,hex_,"['Ta', 'Zn']",2
mp-862703,Sc2AgAu,91.964,cubic,"['Ag', 'Au', 'Sc']",3
mp-862704,ScZn2Pt,123.901,cubic,"['Pt', 'Sc', 'Zn']",3
mp-862725,ScTc2W,219.455,cubic,"['Sc', 'Tc', 'W']",3
mp-862742,Pm2ZnGe,62.046,cubic,"['Ge', 'Pm', 'Zn']",3
mp-862727,Pm2ZnPb,54.069,cubic,"['Pb', 'Pm', 'Zn']",3
mp-862732,PmZn3,64.957,hex_,"['Pm', 'Zn']",2
mp-862719,LiY2Os,80.346,cubic,"['Li', 'Os', 'Y']",3
mp-862755,PrCd3,53.986,cubic,"['Cd', 'Pr']",2
mp-862720,Sr2CdIn,26.36,cubic,"['Cd', 'In', 'Sr']",3
mp-862723,ScTc2Mo,207.886,cubic,"['Mo', 'Sc', 'Tc']",3
mp-862740,Sr2TlCd,25.727,cubic,"['Cd', 'Sr', 'Tl']",3
mp-862750,SrNiSn2,57.57,ortho,"['Ni', 'Sn', 'Sr']",3
mp-862728,Pm2ZnRu,78.796,cubic,"['Pm', 'Ru', 'Zn']",3
mp-862734,Pm2ZnSn,58.086,cubic,"['Pm', 'Sn', 'Zn']",3
mp-862743,LaCdAu2,73.024,cubic,"['Au', 'Cd', 'La']",3
mp-862745,Sr2LiPt,30.834,cubic,"['Li', 'Pt', 'Sr']",3
mp-862759,PrMgZn2,55.055,cubic,"['Mg', 'Pr', 'Zn']",3
mp-862721,Sr2CdPb,27.344,cubic,"['Cd', 'Pb', 'Sr']",3
mp-862730,LiGaRh2,148.873,cubic,"['Ga', 'Li', 'Rh']",3
mp-862733,Pm2ZnSi,64.649,cubic,"['Pm', 'Si', 'Zn']",3
mp-862737,LiHgPd2,97.049,cubic,"['Hg', 'Li', 'Pd']",3
mp-862752,SmBiPd2,92.277,cubic,"['Bi', 'Pd', 'Sm']",3
mp-862717,LiAlAu2,97.735,cubic,"['Al', 'Au', 'Li']",3
mp-862747,Sr2PtAu,45.405,cubic,"['Au', 'Pt', 'Sr']",3
mp-862821,PaSnAu2,109.742,cubic,"['Au', 'Pa', 'Sn']",3
mp-862805,PrSnAu2,80.55,cubic,"['Au', 'Pr', 'Sn']",3
mp-862775,LiInRh2,125.117,cubic,"['In', 'Li', 'Rh']",3
mp-862791,GaCuPt2,185.797,cubic,"['Cu', 'Ga', 'Pt']",3
mp-862824,PaInPt2,118.043,cubic,"['In', 'Pa', 'Pt']",3
mp-862830,PaTlAu2,99.51,cubic,"['Au', 'Pa', 'Tl']",3
mp-862774,LiInPt2,128.499,cubic,"['In', 'Li', 'Pt']",3
mp-862781,AlCrRu2,230.931,cubic,"['Al', 'Cr', 'Ru']",3
mp-862788,Er2ZnIn,61.635,cubic,"['Er', 'In', 'Zn']",3
mp-862778,AlSiRu2,230.759,cubic,"['Al', 'Ru', 'Si']",3
mp-862814,PaSiTc2,200.716,cubic,"['Pa', 'Si', 'Tc']",3
mp-862779,Tc3Os,325.151,hex_,"['Os', 'Tc']",2
mp-862815,LiScAu2,82.368,cubic,"['Au', 'Li', 'Sc']",3
mp-862767,TbMgCd2,54.108,cubic,"['Cd', 'Mg', 'Tb']",3
mp-862786,Ac2CuGe,54.864,cubic,"['Ac', 'Cu', 'Ge']",3
mp-862795,CaLaAg2,44.205,cubic,"['Ag', 'Ca', 'La']",3
mp-862798,Pt3W,283.476,tet,"['Pt', 'W']",2
mp-862813,PaPbAu2,102.518,cubic,"['Au', 'Pa', 'Pb']",3
mp-862790,FeSiTc2,246.944,cubic,"['Fe', 'Si', 'Tc']",3
mp-862831,PaTiTc2,172.516,cubic,"['Pa', 'Tc', 'Ti']",3
mp-862837,PmAlAg2,77.247,cubic,"['Ag', 'Al', 'Pm']",3
mp-862849,Ac2NiIr,71.229,cubic,"['Ac', 'Ir', 'Ni']",3
mp-862872,PmAgAu2,83.952,cubic,"['Ag', 'Au', 'Pm']",3
mp-862843,PaZnRu2,175.731,cubic,"['Pa', 'Ru', 'Zn']",3
mp-862842,LiPm2Pt,63.715,cubic,"['Li', 'Pm', 'Pt']",3
mp-862854,PaPd3,159.305,hex_,"['Pa', 'Pd']",2
mp-862865,PaZn3,90.652,hex_,"['Pa', 'Zn']",2
mp-862838,PmAlCu2,86.005,cubic,"['Al', 'Cu', 'Pm']",3
mp-862860,AcInAu2,66.843,cubic,"['Ac', 'Au', 'In']",3
mp-862841,LiPm2Os,74.575,cubic,"['Li', 'Os', 'Pm']",3
mp-862846,CaLaHg2,44.947,cubic,"['Ca', 'Hg', 'La']",3
mp-862873,AcAgHg2,52.065,cubic,"['Ac', 'Ag', 'Hg']",3
mp-862879,PmBiAu2,80.185,cubic,"['Au', 'Bi', 'Pm']",3
mp-862891,PmCdAu2,79.05,cubic,"['Au', 'Cd', 'Pm']",3
mp-862881,CaPmCd2,42.236,cubic,"['Ca', 'Cd', 'Pm']",3
mp-862895,Er2ZnRu,92.632,cubic,"['Er', 'Ru', 'Zn']",3
mp-862886,CaPmPt2,87.525,cubic,"['Ca', 'Pm', 'Pt']",3
mp-862882,CaPmAu2,66.309,cubic,"['Au', 'Ca', 'Pm']",3
mp-862885,CaPmRh2,83.697,cubic,"['Ca', 'Pm', 'Rh']",3
mp-862875,ThGaAu2,100.3,cubic,"['Au', 'Ga', 'Th']",3
mp-862896,PmCdRh2,111.806,cubic,"['Cd', 'Pm', 'Rh']",3
mp-862897,PmCdPt2,108.292,cubic,"['Cd', 'Pm', 'Pt']",3
mp-862890,AcAg2Sn,60.159,cubic,"['Ac', 'Ag', 'Sn']",3
mp-862903,PmGaAg2,66.067,cubic,"['Ag', 'Ga', 'Pm']",3
mp-862892,PmCdHg2,60.32,cubic,"['Cd', 'Hg', 'Pm']",3
mp-862874,PmAgHg2,66.323,cubic,"['Ag', 'Hg', 'Pm']",3
mp-862911,Ti2CoTc,187.175,cubic,"['Co', 'Tc', 'Ti']",3
mp-862880,PmBiPd2,90.9,cubic,"['Bi', 'Pd', 'Pm']",3
mp-862884,CaPmPd2,67.273,cubic,"['Ca', 'Pd', 'Pm']",3
mp-862898,PmCdPd2,90.071,cubic,"['Cd', 'Pd', 'Pm']",3
mp-862905,PmGaAu2,80.394,cubic,"['Au', 'Ga', 'Pm']",3
mp-862883,CaPmHg2,48.969,cubic,"['Ca', 'Hg', 'Pm']",3
mp-862899,PmCd3,55.77,cubic,"['Cd', 'Pm']",2
mp-862887,LiSc2Os,98.86,cubic,"['Li', 'Os', 'Sc']",3
mp-862912,PmHgAu2,80.514,cubic,"['Au', 'Hg', 'Pm']",3
mp-862888,CaPmZn2,44.865,cubic,"['Ca', 'Pm', 'Zn']",3
mp-862923,PmInAg2,71.516,cubic,"['Ag', 'In', 'Pm']",3
mp-862943,NaPmHg2,43.007,cubic,"['Hg', 'Na', 'Pm']",3
mp-862936,PmMgAg2,60.967,cubic,"['Ag', 'Mg', 'Pm']",3
mp-862938,PmMgHg2,59.195,cubic,"['Hg', 'Mg', 'Pm']",3
mp-862981,Er2CdIn,60.36,cubic,"['Cd', 'Er', 'In']",3
mp-862972,AcAgAu2,66.953,cubic,"['Ac', 'Ag', 'Au']",3
mp-862977,Pm2AgIr,86.836,cubic,"['Ag', 'Ir', 'Pm']",3
mp-862926,LiPmAu2,65.291,cubic,"['Au', 'Li', 'Pm']",3
mp-862942,NaPmAu2,59.173,cubic,"['Au', 'Na', 'Pm']",3
mp-862966,PmTlAg2,65.448,cubic,"['Ag', 'Pm', 'Tl']",3
mp-862927,LiPmHg2,49.81,cubic,"['Hg', 'Li', 'Pm']",3
mp-862974,PmZnAu2,82.867,cubic,"['Au', 'Pm', 'Zn']",3
mp-862979,Pm2AgGe,64.38,cubic,"['Ag', 'Ge', 'Pm']",3
mp-862969,PmYMg2,39.687,cubic,"['Mg', 'Pm', 'Y']",3
mp-862954,PmPd3,117.777,cubic,"['Pd', 'Pm']",2
mp-862956,PmSnAu2,83.851,cubic,"['Au', 'Pm', 'Sn']",3
mp-862962,CaLaZn2,42.467,cubic,"['Ca', 'La', 'Zn']",3
mp-862996,Pm2CdIn,52.402,cubic,"['Cd', 'In', 'Pm']",3
mp-863655,Pm2CdSn,56.296,cubic,"['Cd', 'Pm', 'Sn']",3
mp-863654,Pm2CdSi,62.306,cubic,"['Cd', 'Pm', 'Si']",3
mp-863651,Ho2CdIn,59.553,cubic,"['Cd', 'Ho', 'In']",3
mp-863652,Ho2CdOs,97.343,cubic,"['Cd', 'Ho', 'Os']",3
mp-862989,Pm2AgPt,78.671,cubic,"['Ag', 'Pm', 'Pt']",3
mp-862990,Pm2AgSn,61.036,cubic,"['Ag', 'Pm', 'Sn']",3
mp-863659,LiScHg2,57.209,cubic,"['Hg', 'Li', 'Sc']",3
mp-862994,Pm2CdGe,58.544,cubic,"['Cd', 'Ge', 'Pm']",3
mp-863251,Sr2SbAu,37.562,cubic,"['Au', 'Sb', 'Sr']",3
mp-863673,LiPm2Rh,62.498,cubic,"['Li', 'Pm', 'Rh']",3
mp-863667,Er2TlAg,64.936,cubic,"['Ag', 'Er', 'Tl']",3
mp-863664,Pm2CuGe,66.228,cubic,"['Cu', 'Ge', 'Pm']",3
mp-863674,ErMgHg2,64.404,cubic,"['Er', 'Hg', 'Mg']",3
mp-863685,Pm2GePd,73.852,cubic,"['Ge', 'Pd', 'Pm']",3
mp-863668,Pm2CuOs,92.175,cubic,"['Cu', 'Os', 'Pm']",3
mp-863676,Pm2CuSn,61.633,cubic,"['Cu', 'Pm', 'Sn']",3
mp-863709,Ir3Rh,324.498,tet,"['Ir', 'Rh']",2
mp-863686,Pm2HgGe,64.276,cubic,"['Ge', 'Hg', 'Pm']",3
mp-863690,Ti2MnCo,185.408,cubic,"['Co', 'Mn', 'Ti']",3
mp-863684,Pm2GeAu,71.259,cubic,"['Au', 'Ge', 'Pm']",3
mp-863672,ErMgCd2,54.634,cubic,"['Cd', 'Er', 'Mg']",3
mp-863669,Pm2CuPt,80.655,cubic,"['Cu', 'Pm', 'Pt']",3
mp-863675,LiPm2Ru,65.347,cubic,"['Li', 'Pm', 'Ru']",3
mp-863671,Pm2CuRu,83.241,cubic,"['Cu', 'Pm', 'Ru']",3
mp-863677,PmCu3,78.335,hex_,"['Cu', 'Pm']",2
mp-863679,ErTaRu2,185.741,cubic,"['Er', 'Ru', 'Ta']",3
mp-863724,InPd2Au,135.641,cubic,"['Au', 'In', 'Pd']",3
mp-863711,ErGaRh2,145.122,cubic,"['Er', 'Ga', 'Rh']",3
mp-863713,Pm2NiIr,97.769,cubic,"['Ir', 'Ni', 'Pm']",3
mp-863715,Pm2IrAu,95.226,cubic,"['Au', 'Ir', 'Pm']",3
mp-863743,Pm2SiAg,67.211,cubic,"['Ag', 'Pm', 'Si']",3
mp-863727,LiTiRh2,154.975,cubic,"['Li', 'Rh', 'Ti']",3
mp-863732,Pm2PtRh,96.963,cubic,"['Pm', 'Pt', 'Rh']",3
mp-863757,K2SbAu,16.33,ortho,"['Au', 'K', 'Sb']",3
mp-863716,Pm2IrPd,97.934,cubic,"['Ir', 'Pd', 'Pm']",3
mp-863738,ErCdPd2,101.867,cubic,"['Cd', 'Er', 'Pd']",3
mp-863717,Pm2NiRu,89.451,cubic,"['Ni', 'Pm', 'Ru']",3
mp-863734,ErPaTc2,139.222,cubic,"['Er', 'Pa', 'Tc']",3
mp-863744,Ca2PdAu,51.164,cubic,"['Au', 'Ca', 'Pd']",3
mp-863735,ErRh2Pb,126.347,cubic,"['Er', 'Pb', 'Rh']",3
mp-863736,Ho2OsAu,113.765,cubic,"['Au', 'Ho', 'Os']",3
mp-863720,HgPd3,139.163,cubic,"['Hg', 'Pd']",2
mp-863733,Pm2RuAu,91.146,cubic,"['Au', 'Pm', 'Ru']",3
mp-863739,ErCdRh2,125.414,cubic,"['Cd', 'Er', 'Rh']",3
mp-863725,Pm2PdPt,89.689,cubic,"['Pd', 'Pm', 'Pt']",3
mp-863740,Pm2IrRu,111.946,cubic,"['Ir', 'Pm', 'Ru']",3
mp-863750,AgAu3,121.457,cubic,"['Ag', 'Au']",2
mp-863741,Pm2PdRu,92.259,cubic,"['Pd', 'Pm', 'Ru']",3
mp-924128,HfNiSn,127.878,cubic,"['Hf', 'Ni', 'Sn']",3
mp-867985,SmPbAu2,77.954,cubic,"['Au', 'Pb', 'Sm']",3
mp-867927,LiVIr2,223.046,cubic,"['Ir', 'Li', 'V']",3
mp-924130,TiNiSn,123.819,cubic,"['Ni', 'Sn', 'Ti']",3
mp-867928,ScGaRh2,163.021,cubic,"['Ga', 'Rh', 'Sc']",3
mp-924129,ZrNiSn,115.909,cubic,"['Ni', 'Sn', 'Zr']",3
mp-867979,LaInHg2,52.025,cubic,"['Hg', 'In', 'La']",3
mp-867978,SmInRh2,121.874,cubic,"['In', 'Rh', 'Sm']",3
mp-961650,AlVNi,119.158,cubic,"['Al', 'Ni', 'V']",3
mp-961653,FeSiW,226.039,cubic,"['Fe', 'Si', 'W']",3
mp-961674,VGePt,145.001,cubic,"['Ge', 'Pt', 'V']",3
mp-961655,YCdGa,40.768,cubic,"['Cd', 'Ga', 'Y']",3
mp-961662,ZrNiGe,94.091,cubic,"['Ge', 'Ni', 'Zr']",3
mp-961659,TiSiPd,145.487,cubic,"['Pd', 'Si', 'Ti']",3
mp-961661,ZrSiPd,138.82,cubic,"['Pd', 'Si', 'Zr']",3
mp-961669,NbGaPt,135.124,cubic,"['Ga', 'Nb', 'Pt']",3
mp-956096,HfFe2,170.582,hex_,"['Fe', 'Hf']",2
mp-961668,AlVPt,139.456,cubic,"['Al', 'Pt', 'V']",3
mp-961670,HfSiPt,146.902,cubic,"['Hf', 'Pt', 'Si']",3
mp-961665,MgScGa,54.545,cubic,"['Ga', 'Mg', 'Sc']",3
mp-961671,TiGePt,123.324,cubic,"['Ge', 'Pt', 'Ti']",3
mp-961652,ZrFeSb,119.495,cubic,"['Fe', 'Sb', 'Zr']",3
mp-961664,VSnPd,120.16,cubic,"['Pd', 'Sn', 'V']",3
mp-961679,TaAlPt,140.712,cubic,"['Al', 'Pt', 'Ta']",3
mp-961691,HfNiGe,96.833,cubic,"['Ge', 'Hf', 'Ni']",3
mp-961709,ZrPtPb,93.141,cubic,"['Pb', 'Pt', 'Zr']",3
mp-961696,MnCoSi,181.264,cubic,"['Co', 'Mn', 'Si']",3
mp-961706,TiSiPt,165.342,cubic,"['Pt', 'Si', 'Ti']",3
mp-961688,VGaPt,136.177,cubic,"['Ga', 'Pt', 'V']",3
mp-961693,ZrInAu,106.206,cubic,"['Au', 'In', 'Zr']",3
mp-961680,NbAlPt,134.021,cubic,"['Al', 'Nb', 'Pt']",3
mp-961703,NaLiPt,28.036,cubic,"['Li', 'Na', 'Pt']",3
mp-961677,TaGaPt,143.51,cubic,"['Ga', 'Pt', 'Ta']",3
mp-961676,HfGePt,114.252,cubic,"['Ge', 'Hf', 'Pt']",3
mp-961687,ZrSnPd,118.393,cubic,"['Pd', 'Sn', 'Zr']",3
mp-961682,TiSnPd,118.974,cubic,"['Pd', 'Sn', 'Ti']",3
mp-961694,TiNiGe,106.389,cubic,"['Ge', 'Ni', 'Ti']",3
mp-961701,ZrAgB,99.922,cubic,"['Ag', 'B', 'Zr']",3
mp-961697,ScGeAu,95.062,cubic,"['Au', 'Ge', 'Sc']",3
mp-961681,ZrGePt,109.47,cubic,"['Ge', 'Pt', 'Zr']",3
mp-961686,HfSiNi,125.6,cubic,"['Hf', 'Ni', 'Si']",3
mp-961705,TiPtPb,100.641,cubic,"['Pb', 'Pt', 'Ti']",3
mp-961692,TaInNi,107.624,cubic,"['In', 'Ni', 'Ta']",3
mp-961708,NbInPt,122.186,cubic,"['In', 'Nb', 'Pt']",3
mp-961722,TiBiRh,100.988,cubic,"['Bi', 'Rh', 'Ti']",3
mp-961713,ZrSnPt,133.908,cubic,"['Pt', 'Sn', 'Zr']",3
mp-961727,TaGeRh,148.038,cubic,"['Ge', 'Rh', 'Ta']",3
mp-962060,NaYSi,38.721,cubic,"['Na', 'Si', 'Y']",3
mp-961723,LiCaRh,42.619,cubic,"['Ca', 'Li', 'Rh']",3
mp-962076,SrCdSi,25.431,cubic,"['Cd', 'Si', 'Sr']",3
mp-962074,YTlCd,36.492,cubic,"['Cd', 'Tl', 'Y']",3
mp-961726,NbGeRh,141.318,cubic,"['Ge', 'Nb', 'Rh']",3
mp-961711,ZrSiPt,154.395,cubic,"['Pt', 'Si', 'Zr']",3
mp-961716,VSnPt,137.912,cubic,"['Pt', 'Sn', 'V']",3
mp-961725,CrGeRh,118.263,cubic,"['Cr', 'Ge', 'Rh']",3
mp-962061,YMgTl,31.472,cubic,"['Mg', 'Tl', 'Y']",3
mp-962078,CaCdSi,46.537,cubic,"['Ca', 'Cd', 'Si']",3
mp-962071,MgScTl,35.436,cubic,"['Mg', 'Sc', 'Tl']",3
mp-961712,TaTlPt,153.2,cubic,"['Pt', 'Ta', 'Tl']",3
mp-962064,NaYSn,31.152,cubic,"['Na', 'Sn', 'Y']",3
mp-962070,LiScSi,48.827,cubic,"['Li', 'Sc', 'Si']",3
mp-971669,FeSb3,100.502,cubic,"['Fe', 'Sb']",2
mp-971703,V3Ag,159.817,cubic,"['Ag', 'V']",2
mp-962063,LaMgTl,35.592,cubic,"['La', 'Mg', 'Tl']",3
mp-962072,KYSn,26.23,cubic,"['K', 'Sn', 'Y']",3
mp-961710,VSiPt,171.875,cubic,"['Pt', 'Si', 'V']",3
mp-971702,YbNdCd2,42.101,cubic,"['Cd', 'Nd', 'Yb']",3
mp-971738,ZnCuNi2,155.672,cubic,"['Cu', 'Ni', 'Zn']",3
mp-971757,ZnHg3,18.132,cubic,"['Hg', 'Zn']",2
mp-971803,ZnHg3,21.227,cubic,"['Hg', 'Zn']",2
mp-971779,ZnRh3,209.272,tet,"['Rh', 'Zn']",2
mp-971761,ZnSi3,78.371,cubic,"['Si', 'Zn']",2
mp-971827,Zn2CuPt,142.949,cubic,"['Cu', 'Pt', 'Zn']",3
mp-971753,ZnGe3,61.403,cubic,"['Ge', 'Zn']",2
mp-971799,DyYHg2,66.15,cubic,"['Dy', 'Hg', 'Y']",3
mp-971763,ZnSb3,51.452,cubic,"['Sb', 'Zn']",2
mp-971752,ZnCr3,108.873,cubic,"['Cr', 'Zn']",2
mp-971853,Zn3B,98.999,cubic,"['B', 'Zn']",2
mp-971891,Zn2PdAu,128.444,cubic,"['Au', 'Pd', 'Zn']",3
mp-971909,ZnPd3,149.877,hex_,"['Pd', 'Zn']",2
mp-971718,ZnBi3,49.557,tet,"['Bi', 'Zn']",2
mp-971836,Zn2NiIr,176.569,cubic,"['Ir', 'Ni', 'Zn']",3
mp-971859,Zn3B,95.012,tet,"['B', 'Zn']",2
mp-971739,ZnCuPt2,183.726,cubic,"['Cu', 'Pt', 'Zn']",3
mp-971720,ZnGa3,48.624,cubic,"['Ga', 'Zn']",2
mp-971744,ZnCo3,183.266,cubic,"['Co', 'Zn']",2
mp-971922,DyYAl2,65.046,cubic,"['Al', 'Dy', 'Y']",3
mp-971933,YZr,62.206,hex_,"['Y', 'Zr']",2
mp-972077,TcGe3,114.297,tet,"['Ge', 'Tc']",2
mp-971960,Zn3Os,150.672,tet,"['Os', 'Zn']",2
mp-971928,Zn3Ge,65.75,tet,"['Ge', 'Zn']",2
mp-971948,Zn3Co,101.878,tet,"['Co', 'Zn']",2
mp-972048,Zn6Mo,91.897,cubic,"['Mo', 'Zn']",2
mp-972042,Zn3Cu,92.401,hex_,"['Cu', 'Zn']",2
mp-972071,V3Mo,203.583,cubic,"['Mo', 'V']",2
mp-972209,Ta2TcW,250.356,cubic,"['Ta', 'Tc', 'W']",3
mp-971985,TbAlCu2,92.528,cubic,"['Al', 'Cu', 'Tb']",3
mp-972069,Ti3Ga,116.433,tet,"['Ga', 'Ti']",2
mp-972156,TbY3,39.722,cubic,"['Tb', 'Y']",2
mp-972183,ZrGaPd2,146.226,cubic,"['Ga', 'Pd', 'Zr']",3
mp-971914,SrSiPt,78.261,cubic,"['Pt', 'Si', 'Sr']",3
mp-972062,YbTmHg2,53.312,cubic,"['Hg', 'Tm', 'Yb']",3
mp-972088,Zr3Zn,94.083,tet,"['Zn', 'Zr']",2
mp-971951,Zr3Pt,128.477,cubic,"['Pt', 'Zr']",2
mp-972205,V2MoOs,263.582,cubic,"['Mo', 'Os', 'V']",3
mp-972217,Ti2CuTc,167.17,cubic,"['Cu', 'Tc', 'Ti']",3
mp-972220,TiPt3,233.898,hex_,"['Pt', 'Ti']",2
mp-971924,DyYAg2,67.395,cubic,"['Ag', 'Dy', 'Y']",3
mp-971979,Tm2ZnAg,68.975,cubic,"['Ag', 'Tm', 'Zn']",3
mp-972185,Tl3Hg,26.92,cubic,"['Hg', 'Tl']",2
mp-971950,Zn3Sn,51.36,tet,"['Sn', 'Zn']",2
mp-972323,TaNbTc2,251.053,cubic,"['Nb', 'Ta', 'Tc']",3
mp-972337,Ti2IrW,216.082,cubic,"['Ir', 'Ti', 'W']",3
mp-972238,Ti2VIr,179.691,cubic,"['Ir', 'Ti', 'V']",3
mp-972241,Ti2ReTc,217.331,cubic,"['Re', 'Tc', 'Ti']",3
mp-972275,Ti2ReRu,219.69,cubic,"['Re', 'Ru', 'Ti']",3
mp-972370,Yb2InHg,36.324,cubic,"['Hg', 'In', 'Yb']",3
mp-972274,Tm2ZnHg,68.285,cubic,"['Hg', 'Tm', 'Zn']",3
mp-972326,TcPt3,261.344,tet,"['Pt', 'Tc']",2
mp-972244,Tm2ZnGa,68.836,cubic,"['Ga', 'Tm', 'Zn']",3
mp-972257,LaTb3,34.964,hex_,"['La', 'Tb']",2
mp-972536,Sm2TlAg,57.182,cubic,"['Ag', 'Sm', 'Tl']",3
mp-972406,YbSi2Ni,94.349,ortho,"['Ni', 'Si', 'Yb']",3
mp-972504,Sm2AlZn,56.309,cubic,"['Al', 'Sm', 'Zn']",3
mp-972540,SmYZn2,59.049,cubic,"['Sm', 'Y', 'Zn']",3
mp-972623,SmHgAu2,83.971,cubic,"['Au', 'Hg', 'Sm']",3
mp-972635,SmErHg2,62.653,cubic,"['Er', 'Hg', 'Sm']",3
mp-972456,Sm3V,42.339,cubic,"['Sm', 'V']",2
mp-972396,Ti2MnRe,230.659,cubic,"['Mn', 'Re', 'Ti']",3
mp-972420,YErAg2,68.674,cubic,"['Ag', 'Er', 'Y']",3
mp-972528,SmYAg2,63.294,cubic,"['Ag', 'Sm', 'Y']",3
mp-972526,SmSnAu2,84.809,cubic,"['Au', 'Sm', 'Sn']",3
mp-972522,SmTmZn2,58.598,cubic,"['Sm', 'Tm', 'Zn']",3
mp-972640,SmDyZn2,57.307,cubic,"['Dy', 'Sm', 'Zn']",3
mp-972511,Sm2AgSn,62.377,cubic,"['Ag', 'Sm', 'Sn']",3
mp-972626,SmGaAu2,82.054,cubic,"['Au', 'Ga', 'Sm']",3
mp-972641,SmHoIr2,127.431,cubic,"['Ho', 'Ir', 'Sm']",3
mp-972530,Sm2AgRh,79.206,cubic,"['Ag', 'Rh', 'Sm']",3
mp-972415,YErAl2,65.872,cubic,"['Al', 'Er', 'Y']",3
mp-972680,Sm(AgGe)2,83.302,tet,"['Ag', 'Ge', 'Sm']",3
mp-972659,SmCoSi3,136.209,tet,"['Co', 'Si', 'Sm']",3
mp-972763,Si3Pt,117.273,hex_,"['Pt', 'Si']",2
mp-972748,Si3W,144.11,hex_,"['Si', 'W']",2
mp-972810,SiTc2W,286.173,cubic,"['Si', 'Tc', 'W']",3
mp-972657,SmBiAu2,81.328,cubic,"['Au', 'Bi', 'Sm']",3
mp-972828,Cu3Si,136.43,tet,"['Cu', 'Si']",2
mp-972949,LaSmZn2,49.862,cubic,"['La', 'Sm', 'Zn']",3
mp-972866,Sc2PdAu,107.16,cubic,"['Au', 'Pd', 'Sc']",3
mp-972892,MgHg5,22.072,ortho,"['Hg', 'Mg']",2
mp-972882,Sc2CdAg,72.853,cubic,"['Ag', 'Cd', 'Sc']",3
mp-972884,Sc2AlCu,81.231,cubic,"['Al', 'Cu', 'Sc']",3
mp-972845,SiMo,199.027,hex_,"['Mo', 'Si']",2
mp-972945,HoErAg2,69.968,cubic,"['Ag', 'Er', 'Ho']",3
mp-972912,La3Er,29.595,tet,"['Er', 'La']",2
mp-972914,Sc2AlCd,72.984,cubic,"['Al', 'Cd', 'Sc']",3
mp-972895,ScAu3,116.515,hex_,"['Au', 'Sc']",2
mp-972907,Sc2AlAg,78.735,cubic,"['Ag', 'Al', 'Sc']",3
mp-972876,Sc3Cd,59.118,hex_,"['Cd', 'Sc']",2
mp-972908,La3Dy,29.518,tet,"['Dy', 'La']",2
mp-972861,Sc2TlTc,103.541,cubic,"['Sc', 'Tc', 'Tl']",3
mp-972898,Sc2GaAu,90.144,cubic,"['Au', 'Ga', 'Sc']",3
mp-972879,Sc2RuAu,125.306,cubic,"['Au', 'Ru', 'Sc']",3
mp-972954,MgCd2,42.98,hex_,"['Cd', 'Mg']",2
mp-972869,Sc2GaPt,107.133,cubic,"['Ga', 'Pt', 'Sc']",3
mp-972877,Sc2AlIr,117.54,cubic,"['Al', 'Ir', 'Sc']",3
mp-972899,Sc2GaIr,118.555,cubic,"['Ga', 'Ir', 'Sc']",3
mp-972925,ScZn2Au,98.751,cubic,"['Au', 'Sc', 'Zn']",3
mp-973088,MgInAg2,68.284,cubic,"['Ag', 'In', 'Mg']",3
mp-973141,ScCdCu2,90.97,cubic,"['Cd', 'Cu', 'Sc']",3
mp-972961,Sc2NiRh,118.07,cubic,"['Ni', 'Rh', 'Sc']",3
mp-972957,ScTiRu2,177.267,cubic,"['Ru', 'Sc', 'Ti']",3
mp-973022,ScRu3,203.422,tet,"['Ru', 'Sc']",2
mp-972960,La2IrAu,86.527,cubic,"['Au', 'Ir', 'La']",3
mp-973004,ScRu3,203.337,cubic,"['Ru', 'Sc']",2
mp-973024,La3Hf,40.645,cubic,"['Hf', 'La']",2
mp-973066,ScGeRh2,172.9,cubic,"['Ge', 'Rh', 'Sc']",3
mp-973067,ScGa2Ru,128.767,cubic,"['Ga', 'Ru', 'Sc']",3
mp-973092,ScCu3,103.118,tet,"['Cu', 'Sc']",2
mp-972966,Sc2OsAu,135.881,cubic,"['Au', 'Os', 'Sc']",3
mp-973100,ScCu3,102.363,cubic,"['Cu', 'Sc']",2
mp-973060,MgCr,57.229,cubic,"['Cr', 'Mg']",2
mp-972970,ScSiRh2,179.189,cubic,"['Rh', 'Sc', 'Si']",3
mp-973056,Na2CdHg,17.144,cubic,"['Cd', 'Hg', 'Na']",3
mp-973109,NdYIr2,120.551,cubic,"['Ir', 'Nd', 'Y']",3
mp-973133,ScCuPd2,127.319,cubic,"['Cu', 'Pd', 'Sc']",3
mp-973181,Mn3Zn,199.466,tet,"['Mn', 'Zn']",2
mp-973166,NaCd3,27.528,hex_,"['Cd', 'Na']",2
mp-973153,ScAlPt2,157.156,cubic,"['Al', 'Pt', 'Sc']",3
mp-973142,ScZn2Pd,104.061,cubic,"['Pd', 'Sc', 'Zn']",3
mp-973149,Mn3Al,179.795,cubic,"['Al', 'Mn']",2
mp-973174,NaAg3,52.516,tet,"['Ag', 'Na']",2
mp-973256,LaMgTl2,44.465,cubic,"['La', 'Mg', 'Tl']",3
mp-973265,K3Zr,6.941,cubic,"['K', 'Zr']",2
mp-973270,Ho2RuAu,104.31,cubic,"['Au', 'Ho', 'Ru']",3
mp-973250,KLa3,19.467,tet,"['K', 'La']",2
mp-973229,ScNb,102.567,hex_,"['Nb', 'Sc']",2
mp-973175,ScBi3,55.254,tet,"['Bi', 'Sc']",2
mp-973143,ScZn3,78.798,cubic,"['Sc', 'Zn']",2
mp-973276,HoLuCd2,59.674,cubic,"['Cd', 'Ho', 'Lu']",3
mp-973352,NaCo3,29.646,hex_,"['Co', 'Na']",2
mp-973442,Lu2AgPt,99.763,cubic,"['Ag', 'Lu', 'Pt']",3
mp-973342,SbRh3,205.763,cubic,"['Rh', 'Sb']",2
mp-973434,Hf2IrRu,199.022,cubic,"['Hf', 'Ir', 'Ru']",3
mp-973343,Li2MgHg,30.915,cubic,"['Hg', 'Li', 'Mg']",3
mp-973446,K3W,8.076,cubic,"['K', 'W']",2
mp-973271,K3Y,7.141,tet,"['K', 'Y']",2
mp-973402,SbPd3,143.223,cubic,"['Pd', 'Sb']",2
mp-973432,LuScRh2,130.571,cubic,"['Lu', 'Rh', 'Sc']",3
mp-973415,LiLa3,23.83,hex_,"['La', 'Li']",2
mp-973443,Hf2ReTc,199.747,cubic,"['Hf', 'Re', 'Tc']",3
mp-973353,SbPt3,178.413,cubic,"['Pt', 'Sb']",2
mp-973564,La2TlZn,45.039,cubic,"['La', 'Tl', 'Zn']",3
mp-973534,FeRe,319.664,hex_,"['Fe', 'Re']",2
mp-973606,Nd2IrAu,92.21,cubic,"['Au', 'Ir', 'Nd']",3
mp-973626,Hg3Au,35.965,hex_,"['Au', 'Hg']",2
mp-973633,LuSi2Ni,128.819,ortho,"['Lu', 'Ni', 'Si']",3
mp-973646,Lu2ZnHg,70.073,cubic,"['Hg', 'Lu', 'Zn']",3
mp-973533,FeAg3,99.882,cubic,"['Ag', 'Fe']",2
mp-973535,K3Sc,23.854,cubic,"['K', 'Sc']",2
mp-973572,La2TlHg,48.249,cubic,"['Hg', 'La', 'Tl']",3
mp-973538,Lu2AlZn,67.89,cubic,"['Al', 'Lu', 'Zn']",3
mp-973636,Lu2ZnGa,68.94,cubic,"['Ga', 'Lu', 'Zn']",3
mp-973561,LiCe2Ru,65.477,cubic,"['Ce', 'Li', 'Ru']",3
mp-973771,Lu2MgHg,57.128,cubic,"['Hg', 'Lu', 'Mg']",3
mp-973652,LuRu3,191.106,cubic,"['Lu', 'Ru']",2
mp-973653,Lu2ZnAg,69.957,cubic,"['Ag', 'Lu', 'Zn']",3
mp-973734,Lu2InHg,65.863,cubic,"['Hg', 'In', 'Lu']",3
mp-973834,PdAu3,143.059,cubic,"['Au', 'Pd']",2
mp-973824,LiHg3,22.639,cubic,"['Hg', 'Li']",2
mp-973893,Lu2TlHg,63.57,cubic,"['Hg', 'Lu', 'Tl']",3
mp-973910,PaAlCu2,112.124,cubic,"['Al', 'Cu', 'Pa']",3
mp-973874,LiLa2Al,36.572,cubic,"['Al', 'La', 'Li']",3
mp-973957,La2ZnAg,48.916,cubic,"['Ag', 'La', 'Zn']",3
mp-973890,HoHfRu2,157.415,cubic,"['Hf', 'Ho', 'Ru']",3
mp-973940,LiCd3,41.518,cubic,"['Cd', 'Li']",2
mp-973887,LaPrHg2,51.146,cubic,"['Hg', 'La', 'Pr']",3
mp-973894,LaNdZn2,47.768,cubic,"['La', 'Nd', 'Zn']",3
mp-973979,LiFePd2,119.616,cubic,"['Fe', 'Li', 'Pd']",3
mp-973983,NiPd3,174.379,hex_,"['Ni', 'Pd']",2
mp-973847,La2ZnGa,47.145,cubic,"['Ga', 'La', 'Zn']",3
mp-973956,Lu2CdAg,66.319,cubic,"['Ag', 'Cd', 'Lu']",3
mp-974341,RuRh3,267.514,hex_,"['Rh', 'Ru']",2
mp-974370,PtRh3,252.972,cubic,"['Pt', 'Rh']",2
mp-974063,HoScRu2,130.162,cubic,"['Ho', 'Ru', 'Sc']",3
mp-974358,Ir3Ru,337.871,tet,"['Ir', 'Ru']",2
mp-974387,Nd2AgHg,56.88,cubic,"['Ag', 'Hg', 'Nd']",3
mp-974335,RuRh3,265.771,cubic,"['Rh', 'Ru']",2
mp-974253,HoErZn2,62.845,cubic,"['Er', 'Ho', 'Zn']",3
mp-974326,OsRu3,331.196,hex_,"['Os', 'Ru']",2
mp-974421,IrRu,329.122,hex_,"['Ir', 'Ru']",2
mp-974416,Re3W,342.858,tet,"['Re', 'W']",2
mp-974430,Re3Ir,366.016,tet,"['Ir', 'Re']",2
mp-974395,Pt3Rh,248.019,cubic,"['Pt', 'Rh']",2
mp-974417,Re3Sb,259.398,cubic,"['Re', 'Sb']",2
mp-974455,Re3Ru,352.99,ortho,"['Re', 'Ru']",2
mp-974411,Re3Tc,348.896,hex_,"['Re', 'Tc']",2
mp-974426,Re3Sn,261.298,hex_,"['Re', 'Sn']",2
mp-974415,Re3Pb,244.499,cubic,"['Pb', 'Re']",2
mp-974782,NdTlAg2,62.88,cubic,"['Ag', 'Nd', 'Tl']",3
mp-974583,NdSmIr2,116.681,cubic,"['Ir', 'Nd', 'Sm']",3
mp-974642,LiAg2Pb,47.164,cubic,"['Ag', 'Li', 'Pb']",3
mp-974638,NdErZn2,57.029,cubic,"['Er', 'Nd', 'Zn']",3
mp-974617,Hg3Pd,68.071,cubic,"['Hg', 'Pd']",2
mp-974527,NdSmZn2,53.007,cubic,"['Nd', 'Sm', 'Zn']",3
mp-974743,Rb3V,5.686,cubic,"['Rb', 'V']",2
mp-974774,Rb3Tc,5.4030000000000005,tet,"['Rb', 'Tc']",2
mp-974625,Re3Ru,350.663,hex_,"['Re', 'Ru']",2
mp-974616,Pt3Rh,249.556,tet,"['Pt', 'Rh']",2
mp-974810,Rb3Ru,3.293,cubic,"['Rb', 'Ru']",2
mp-974933,Rb3Mo,5.203,cubic,"['Mo', 'Rb']",2
mp-974865,NdY3,38.765,cubic,"['Nd', 'Y']",2
mp-975044,Li(SiRh)2,162.926,tet,"['Li', 'Rh', 'Si']",3
mp-974943,HfZrTc2,182.079,cubic,"['Hf', 'Tc', 'Zr']",3
mp-974990,Rb3Hg,3.088,cubic,"['Hg', 'Rb']",2
mp-975028,Rb3Cd,3.5700000000000003,cubic,"['Cd', 'Rb']",2
mp-975049,NdSmHg2,57.477,cubic,"['Hg', 'Nd', 'Sm']",3
mp-974973,HfZrZn2,109.761,cubic,"['Hf', 'Zn', 'Zr']",3
mp-975050,Rb3Co,9.437,cubic,"['Co', 'Rb']",2
mp-975176,Rb2HgAu,10.354,cubic,"['Au', 'Hg', 'Rb']",3
mp-974843,Rb3Os,6.657,cubic,"['Os', 'Rb']",2
mp-974949,Rb3Ir,12.992,cubic,"['Ir', 'Rb']",2
mp-975578,Li2SnHg,36.577,cubic,"['Hg', 'Li', 'Sn']",3
mp-975656,Pr2NiIr,62.475,cubic,"['Ir', 'Ni', 'Pr']",3
mp-975638,Pr3Hf,43.976,cubic,"['Hf', 'Pr']",2
mp-975608,Li2TlPt,56.12,cubic,"['Li', 'Pt', 'Tl']",3
mp-975822,PrNdZn2,51.524,cubic,"['Nd', 'Pr', 'Zn']",3
mp-975788,Pr2AgHg,54.491,cubic,"['Ag', 'Hg', 'Pr']",3
mp-975834,MoRu3,295.76,hex_,"['Mo', 'Ru']",2
mp-975650,Pr2ZnHg,52.434,cubic,"['Hg', 'Pr', 'Zn']",3
mp-975640,Pr3(CuSn)4,79.671,ortho,"['Cu', 'Pr', 'Sn']",3
mp-975769,PrYZn2,55.032,cubic,"['Pr', 'Y', 'Zn']",3
mp-975801,PrTlAg2,61.809,cubic,"['Ag', 'Pr', 'Tl']",3
mp-975904,Li3Cd,22.645,tet,"['Cd', 'Li']",2
mp-975882,Li3Cu,31.489,tet,"['Cu', 'Li']",2
mp-975909,LiAu3,102.226,tet,"['Au', 'Li']",2
mp-975883,PrNdHg2,55.153,cubic,"['Hg', 'Nd', 'Pr']",3
mp-976047,Li3Hg,25.641,tet,"['Hg', 'Li']",2
mp-976010,Li3Cr,22.421,cubic,"['Cr', 'Li']",2
mp-975994,NaLa3,21.316,cubic,"['La', 'Na']",2
mp-976220,NaCdHg2,24.122,cubic,"['Cd', 'Hg', 'Na']",3
mp-976114,Li2CdHg,30.724,cubic,"['Cd', 'Hg', 'Li']",3
mp-976082,Mn2GaW,240.29,cubic,"['Ga', 'Mn', 'W']",3
mp-976125,PrGaAu2,75.216,cubic,"['Au', 'Ga', 'Pr']",3
mp-976113,LaAu3,80.791,cubic,"['Au', 'La']",2
mp-976129,PrErZn2,55.889,cubic,"['Er', 'Pr', 'Zn']",3
mp-976106,Hf3Tl,104.481,tet,"['Hf', 'Tl']",2
mp-976265,Hf2OsPd,187.278,cubic,"['Hf', 'Os', 'Pd']",3
mp-976292,NaCu,33.222,hex_,"['Cu', 'Na']",2
mp-976259,LiTmRh2,103.934,cubic,"['Li', 'Rh', 'Tm']",3
mp-976260,LiTm2Au,64.88,cubic,"['Au', 'Li', 'Tm']",3
mp-976334,Li3Tc,34.091,cubic,"['Li', 'Tc']",2
mp-976273,Hf3Ge2,133.921,tet,"['Ge', 'Hf']",2
mp-976343,HoErPd2,92.604,cubic,"['Er', 'Ho', 'Pd']",3
mp-976263,Li3Nb,31.347,tet,"['Li', 'Nb']",2
mp-976330,LiZr2Ir,131.667,cubic,"['Ir', 'Li', 'Zr']",3
mp-976289,NaCd2Au,49.057,cubic,"['Au', 'Cd', 'Na']",3
mp-976341,Nd2ZnAg,54.104,cubic,"['Ag', 'Nd', 'Zn']",3
mp-976408,Li3Ag,25.865,tet,"['Ag', 'Li']",2
mp-976423,Nd3Pd,44.412,tet,"['Nd', 'Pd']",2
mp-976725,Hf3Au,122.505,cubic,"['Au', 'Hf']",2
mp-976598,LiHf2Ir,142.948,cubic,"['Hf', 'Ir', 'Li']",3
mp-976344,Nd2ZnGa,54.936,cubic,"['Ga', 'Nd', 'Zn']",3
mp-976426,LiLuHg2,54.534,cubic,"['Hg', 'Li', 'Lu']",3
mp-976600,LiHf2Tc,127.886,cubic,"['Hf', 'Li', 'Tc']",3
mp-976356,NdSc3,44.174,hex_,"['Nd', 'Sc']",2
mp-976414,Li3Zn,23.562,tet,"['Li', 'Zn']",2
mp-976424,LiLa3,30.515,cubic,"['La', 'Li']",2
mp-976406,MgMnPt2,140.637,cubic,"['Mg', 'Mn', 'Pt']",3
mp-976751,Nd3Zr,41.816,hex_,"['Nd', 'Zr']",2
mp-976412,Li3Zn,23.55,cubic,"['Li', 'Zn']",2
mp-976419,Hf3Bi,102.841,tet,"['Bi', 'Hf']",2
mp-976784,NiAu3,144.369,cubic,"['Au', 'Ni']",2
mp-976799,Ni3Bi,136.809,cubic,"['Bi', 'Ni']",2
mp-976806,NiAu3,131.736,hex_,"['Au', 'Ni']",2
mp-976893,Ni3Sb,161.359,hex_,"['Ni', 'Sb']",2
mp-976818,Ni3Au,173.428,tet,"['Au', 'Ni']",2
mp-976772,NiAg3,127.322,cubic,"['Ag', 'Ni']",2
mp-976884,PrBiPd2,88.095,cubic,"['Bi', 'Pd', 'Pr']",3
mp-976847,Ni3Sb,164.639,cubic,"['Ni', 'Sb']",2
mp-976943,NaRe3,236.918,cubic,"['Na', 'Re']",2
mp-976774,NiGe3,86.001,tet,"['Ge', 'Ni']",2
mp-976838,Ni3Au,173.553,hex_,"['Au', 'Ni']",2
mp-976870,NaNi3,96.01,tet,"['Na', 'Ni']",2
mp-976971,NaPd3,97.437,tet,"['Na', 'Pd']",2
mp-977128,NaRu3,172.715,tet,"['Na', 'Ru']",2
mp-977059,MgPd5,140.05,hex_,"['Mg', 'Pd']",2
mp-976976,MgPd5,140.811,trig,"['Mg', 'Pd']",2
mp-977143,LaDyRu2,101.916,cubic,"['Dy', 'La', 'Ru']",3
mp-977138,NaTc3,186.78,cubic,"['Na', 'Tc']",2
mp-977126,Li3Ag,26.62,hex_,"['Ag', 'Li']",2
mp-977140,NaTa3,132.843,cubic,"['Na', 'Ta']",2
mp-977113,MgPdAu2,113.186,cubic,"['Au', 'Mg', 'Pd']",3
mp-977110,NaSnPd2,80.165,cubic,"['Na', 'Pd', 'Sn']",3
mp-977358,Ho2AgIr,101.795,cubic,"['Ag', 'Ho', 'Ir']",3
mp-977230,Li3Tc,37.523,tet,"['Li', 'Tc']",2
mp-977283,MgRe3,261.655,cubic,"['Mg', 'Re']",2
mp-977354,HoTaOs2,210.79,cubic,"['Ho', 'Os', 'Ta']",3
mp-977362,ZnGaRh2,177.634,cubic,"['Ga', 'Rh', 'Zn']",3
mp-977181,NaMo3,165.314,cubic,"['Mo', 'Na']",2
mp-977310,OsAu3,183.641,cubic,"['Au', 'Os']",2
mp-977273,MgRh5,198.411,mono,"['Mg', 'Rh']",2
mp-977187,La2MgTl,40.649,cubic,"['La', 'Mg', 'Tl']",3
mp-977352,ThMgZn2,67.816,cubic,"['Mg', 'Th', 'Zn']",3
mp-977353,Ta2ReMo,256.583,cubic,"['Mo', 'Re', 'Ta']",3
mp-977356,ZnGaIr2,216.901,cubic,"['Ga', 'Ir', 'Zn']",3
mp-977363,Ta2TcMo,242.63,cubic,"['Mo', 'Ta', 'Tc']",3
mp-977165,Li3Co,39.728,hex_,"['Co', 'Li']",2
mp-977182,NaNb3,116.717,cubic,"['Na', 'Nb']",2
mp-977376,TbCdAu2,87.541,cubic,"['Au', 'Cd', 'Tb']",3
mp-977369,HoMgHg2,62.805,cubic,"['Hg', 'Ho', 'Mg']",3
mp-977367,CdInRh2,144.382,cubic,"['Cd', 'In', 'Rh']",3
mp-977374,LiLuPd2,84.798,cubic,"['Li', 'Lu', 'Pd']",3
mp-977415,HoCdAu2,89.835,cubic,"['Au', 'Cd', 'Ho']",3
mp-977391,LiNd2Os,73.027,cubic,"['Li', 'Nd', 'Os']",3
mp-977407,Hf2ReRh,197.44,cubic,"['Hf', 'Re', 'Rh']",3
mp-977398,TbCdAg2,71.476,cubic,"['Ag', 'Cd', 'Tb']",3
mp-977401,NbGaRu2,233.221,cubic,"['Ga', 'Nb', 'Ru']",3
mp-977372,Pm2SnHg,58.633,cubic,"['Hg', 'Pm', 'Sn']",3
mp-977383,ZnPd2Au,142.517,cubic,"['Au', 'Pd', 'Zn']",3
mp-977421,TbGaRh2,132.553,cubic,"['Ga', 'Rh', 'Tb']",3
mp-977390,Ta3Ru,225.21,cubic,"['Ru', 'Ta']",2
mp-977418,LiMgAu2,68.967,cubic,"['Au', 'Li', 'Mg']",3
mp-977399,LiMgPd2,84.673,cubic,"['Li', 'Mg', 'Pd']",3
mp-977396,TbMgRh2,113.246,cubic,"['Mg', 'Rh', 'Tb']",3
mp-977382,Ta2VRu,227.823,cubic,"['Ru', 'Ta', 'V']",3
mp-977404,Nd2AgIr,83.856,cubic,"['Ag', 'Ir', 'Nd']",3
mp-977416,Er2AgIr,103.391,cubic,"['Ag', 'Er', 'Ir']",3
mp-977380,LiMg2Pd,57.675,cubic,"['Li', 'Mg', 'Pd']",3
mp-977384,ZnSiRh2,204.49,cubic,"['Rh', 'Si', 'Zn']",3
mp-977463,MgMnRh2,136.68,cubic,"['Mg', 'Mn', 'Rh']",3
mp-977427,Zn2PtRh,174.554,cubic,"['Pt', 'Rh', 'Zn']",3
mp-977439,Ce2ZnPb,35.63,cubic,"['Ce', 'Pb', 'Zn']",3
mp-977436,ZrAlRu2,188.517,cubic,"['Al', 'Ru', 'Zr']",3
mp-977547,MgZnRh2,140.599,cubic,"['Mg', 'Rh', 'Zn']",3
mp-977442,Yb2ZnGa,37.583,cubic,"['Ga', 'Yb', 'Zn']",3
mp-977428,YbAl2Cu,68.224,trig,"['Al', 'Cu', 'Yb']",3
mp-977462,ZrCdAu2,121.203,cubic,"['Au', 'Cd', 'Zr']",3
mp-977550,ZrScOs2,188.108,cubic,"['Os', 'Sc', 'Zr']",3
mp-977445,Nd2ZnIr,80.699,cubic,"['Ir', 'Nd', 'Zn']",3
mp-977541,Hf2TcOs,206.099,cubic,"['Hf', 'Os', 'Tc']",3
mp-977549,Zr2OsRu,196.255,cubic,"['Os', 'Ru', 'Zr']",3
mp-977430,MgNbRu2,188.842,cubic,"['Mg', 'Nb', 'Ru']",3
mp-977546,Pm2ZnGa,56.628,cubic,"['Ga', 'Pm', 'Zn']",3
mp-977552,Be3Tc,175.35,cubic,"['Be', 'Tc']",2
mp-977440,LiTiPt2,148.971,cubic,"['Li', 'Pt', 'Ti']",3
mp-977537,ZrCdRh2,161.156,cubic,"['Cd', 'Rh', 'Zr']",3
mp-977434,Nb3Ru,208.891,cubic,"['Nb', 'Ru']",2
mp-977444,PaAgAu2,121.198,cubic,"['Ag', 'Au', 'Pa']",3
mp-977534,ZrNbTc2,203.512,cubic,"['Nb', 'Tc', 'Zr']",3
mp-977443,ZrGeRu2,205.066,cubic,"['Ge', 'Ru', 'Zr']",3
mp-977438,MgInRh2,136.968,cubic,"['In', 'Mg', 'Rh']",3
mp-977545,ZrTc2W,238.342,cubic,"['Tc', 'W', 'Zr']",3
mp-977553,Yb2PtAu,63.365,cubic,"['Au', 'Pt', 'Yb']",3
mp-977425,Ta2CrRu,243.884,cubic,"['Cr', 'Ru', 'Ta']",3
mp-977435,ZrAlRh2,179.07,cubic,"['Al', 'Rh', 'Zr']",3
mp-977565,NdBiAu2,78.758,cubic,"['Au', 'Bi', 'Nd']",3
mp-977572,Hf2MnRh,175.266,cubic,"['Hf', 'Mn', 'Rh']",3
mp-977585,Zr3Tl,96.017,cubic,"['Tl', 'Zr']",2
mp-977580,MgSc2Al,64.52,cubic,"['Al', 'Mg', 'Sc']",3
mp-978085,Pr2TlAg,52.072,cubic,"['Ag', 'Pr', 'Tl']",3
mp-977554,MgScAg2,72.567,cubic,"['Ag', 'Mg', 'Sc']",3
mp-977561,LiTaIr2,222.448,cubic,"['Ir', 'Li', 'Ta']",3
mp-977555,MgNbRh2,175.381,cubic,"['Mg', 'Nb', 'Rh']",3
mp-977570,LiPr2Os,70.817,cubic,"['Li', 'Os', 'Pr']",3
mp-978089,Pr2IrAu,89.437,cubic,"['Au', 'Ir', 'Pr']",3
mp-977997,ZnMo3,217.767,cubic,"['Mo', 'Zn']",2
mp-977563,LiNbIr2,209.556,cubic,"['Ir', 'Li', 'Nb']",3
mp-977562,NdCdAu2,79.109,cubic,"['Au', 'Cd', 'Nd']",3
mp-977568,ZrSnPd2,142.057,cubic,"['Pd', 'Sn', 'Zr']",3
mp-977583,LiNpIr2,183.332,cubic,"['Ir', 'Li', 'Np']",3
mp-978009,HgOs,188.781,hex_,"['Hg', 'Os']",2
mp-977589,Tm2TlCd,60.245,cubic,"['Cd', 'Tl', 'Tm']",3
mp-977582,ZrZnRh2,172.759,cubic,"['Rh', 'Zn', 'Zr']",3
mp-978083,Pr2ZnAg,52.345,cubic,"['Ag', 'Pr', 'Zn']",3
mp-977566,MgScPd2,101.961,cubic,"['Mg', 'Pd', 'Sc']",3
mp-977578,Zr2TcPd,159.375,cubic,"['Pd', 'Tc', 'Zr']",3
mp-978095,Pr2CdPb,50.071,cubic,"['Cd', 'Pb', 'Pr']",3
mp-977571,MgRh2Pb,130.825,cubic,"['Mg', 'Pb', 'Rh']",3
mp-978273,Mg3Cd,37.897,cubic,"['Cd', 'Mg']",2
mp-978267,Mg2ZnRh,84.27,cubic,"['Mg', 'Rh', 'Zn']",3
mp-978261,MnBe2Co,172.297,cubic,"['Be', 'Co', 'Mn']",3
mp-978100,Pr2InAg,51.212,cubic,"['Ag', 'In', 'Pr']",3
mp-978276,Mg3Co,59.866,cubic,"['Co', 'Mg']",2
mp-978268,MgZn,50.041,ortho,"['Mg', 'Zn']",2
mp-978282,Mg3Hg,40.931,cubic,"['Hg', 'Mg']",2
mp-978270,MgZr3,80.271,hex_,"['Mg', 'Zr']",2
mp-978277,Mg3Cr,44.069,tet,"['Cr', 'Mg']",2
mp-978264,MgW3,151.681,hex_,"['Mg', 'W']",2
mp-978265,Mg2ZnPd,72.28,cubic,"['Mg', 'Pd', 'Zn']",3
mp-978274,MgCd,42.072,ortho,"['Cd', 'Mg']",2
mp-978500,Si2TcOs,264.313,cubic,"['Os', 'Si', 'Tc']",3
mp-978303,Mg3Re,80.582,cubic,"['Mg', 'Re']",2
mp-978285,Mg3Mn,46.208,cubic,"['Mg', 'Mn']",2
mp-978287,Mg3Mo,72.683,cubic,"['Mg', 'Mo']",2
mp-978286,Mg3Mn,44.054,cubic,"['Mg', 'Mn']",2
mp-978304,Mg3Ta,69.102,cubic,"['Mg', 'Ta']",2
mp-978290,Mg3Os,85.241,tet,"['Mg', 'Os']",2
mp-978498,Sc3Al,64.254,cubic,"['Al', 'Sc']",2
mp-978509,Si3Ru,153.635,cubic,"['Ru', 'Si']",2
mp-978557,SmDyHg2,61.688,cubic,"['Dy', 'Hg', 'Sm']",3
mp-978546,Sc3Sb,66.598,tet,"['Sb', 'Sc']",2
mp-978554,SmRe3,218.927,cubic,"['Re', 'Sm']",2
mp-978525,Si3Mo,122.507,hex_,"['Mo', 'Si']",2
mp-978515,SmYAl2,61.458,cubic,"['Al', 'Sm', 'Y']",3
mp-978524,Si3Ag,84.687,tet,"['Ag', 'Si']",2
mp-978529,SmTmHg2,63.549,cubic,"['Hg', 'Sm', 'Tm']",3
mp-978549,SmLuZn2,59.305,cubic,"['Lu', 'Sm', 'Zn']",3
mp-978537,SmHoZn2,57.325,cubic,"['Ho', 'Sm', 'Zn']",3
mp-978555,Sm2CdIr,83.241,cubic,"['Cd', 'Ir', 'Sm']",3
mp-978564,SmYTl2,53.46,cubic,"['Sm', 'Tl', 'Y']",3
mp-978545,Sm2AgHg,59.622,cubic,"['Ag', 'Hg', 'Sm']",3
mp-978519,Sm2AlCd,56.287,cubic,"['Al', 'Cd', 'Sm']",3
mp-978533,SiHg3,44.605,tet,"['Hg', 'Si']",2
mp-978523,Sc2ZnCu,81.396,cubic,"['Cu', 'Sc', 'Zn']",3
mp-978568,Si3MoPt2,193.812,ortho,"['Mo', 'Pt', 'Si']",3
mp-978552,SiRh3,238.173,tet,"['Rh', 'Si']",2
mp-978815,Sm2TlZn,55.425,cubic,"['Sm', 'Tl', 'Zn']",3
mp-978823,SmY3,39.02,cubic,"['Sm', 'Y']",2
mp-978807,Sm2TlHg,57.031,cubic,"['Hg', 'Sm', 'Tl']",3
mp-978833,SmYIn2,55.99,cubic,"['In', 'Sm', 'Y']",3
mp-978797,Sm3Hf,47.667,cubic,"['Hf', 'Sm']",2
mp-978824,Sm2RuAu,93.022,cubic,"['Au', 'Ru', 'Sm']",3
mp-978911,TbYHg2,64.962,cubic,"['Hg', 'Tb', 'Y']",3
mp-978832,Sm3Pd,47.59,tet,"['Pd', 'Sm']",2
mp-978808,Sm2ZnGa,58.628,cubic,"['Ga', 'Sm', 'Zn']",3
mp-978624,Sm2MgIr,75.698,cubic,"['Ir', 'Mg', 'Sm']",3
mp-978918,TbZr,59.661,hex_,"['Tb', 'Zr']",2
mp-978907,TbTlAg2,68.02,cubic,"['Ag', 'Tb', 'Tl']",3
mp-978853,Sr(GeIr)2,90.062,tet,"['Ge', 'Ir', 'Sr']",3
mp-978973,Sm2ZnHg,56.78,cubic,"['Hg', 'Sm', 'Zn']",3
mp-978969,TlAu3,86.313,tet,"['Au', 'Tl']",2
mp-978986,Sr(GePd)2,76.495,tet,"['Ge', 'Pd', 'Sr']",3
mp-978988,TbTmHg2,68.08,cubic,"['Hg', 'Tb', 'Tm']",3
mp-978975,TbYTl2,54.245,cubic,"['Tb', 'Tl', 'Y']",3
mp-979044,Tm2CuAu,86.553,cubic,"['Au', 'Cu', 'Tm']",3
mp-978929,SrAcZn2,34.157,cubic,"['Ac', 'Sr', 'Zn']",3
mp-978995,TmMnRh2,135.403,cubic,"['Mn', 'Rh', 'Tm']",3
mp-978987,SrGe3Pd,70.823,tet,"['Ge', 'Pd', 'Sr']",3
mp-978950,Sm2ZnIn,55.434,cubic,"['In', 'Sm', 'Zn']",3
mp-978976,Ti6Al16Pt7,131.544,cubic,"['Al', 'Pt', 'Ti']",3
mp-979039,Th3Au,72.964,cubic,"['Au', 'Th']",2
mp-979011,TmZr,67.086,hex_,"['Tm', 'Zr']",2
mp-979258,Tm2CdHg,65.115,cubic,"['Cd', 'Hg', 'Tm']",3
mp-979270,Tb2AgIr,96.964,cubic,"['Ag', 'Ir', 'Tb']",3
mp-979057,Sm2ZnAg,57.911,cubic,"['Ag', 'Sm', 'Zn']",3
mp-979267,Ta2FeMo,231.554,cubic,"['Fe', 'Mo', 'Ta']",3
mp-979287,TbLuHg2,67.917,cubic,"['Hg', 'Lu', 'Tb']",3
mp-979417,DyYCd2,56.229,cubic,"['Cd', 'Dy', 'Y']",3
mp-979421,YErZn2,61.225,cubic,"['Er', 'Y', 'Zn']",3
mp-979419,Dy3Y,40.892,cubic,"['Dy', 'Y']",2
mp-979176,Tm2AgHg,71.509,cubic,"['Ag', 'Hg', 'Tm']",3
mp-979289,TaW3,275.924,cubic,"['Ta', 'W']",2
mp-979269,Tl3Cd,27.4,cubic,"['Cd', 'Tl']",2
mp-979422,YGaAu2,85.925,cubic,"['Au', 'Ga', 'Y']",3
mp-979115,Ti2Ag,115.12,tet,"['Ag', 'Ti']",2
mp-979073,TmMg2Sc,46.104,cubic,"['Mg', 'Sc', 'Tm']",3
mp-979234,Sm3Y,35.996,hex_,"['Sm', 'Y']",2
mp-979339,Sm3Cd,41.081,hex_,"['Cd', 'Sm']",2
mp-979435,YMg2Sc,44.842,cubic,"['Mg', 'Sc', 'Y']",3
mp-979923,SmMn3,72.777,hex_,"['Mn', 'Sm']",2
mp-979430,YLuTl2,55.052,cubic,"['Lu', 'Tl', 'Y']",3
mp-979431,YLuZn2,62.844,cubic,"['Lu', 'Y', 'Zn']",3
mp-979424,YErIn2,57.035,cubic,"['Er', 'In', 'Y']",3
mp-979423,YGa3,69.461,cubic,"['Ga', 'Y']",2
mp-979751,TaTiFe2,211.21,cubic,"['Fe', 'Ta', 'Ti']",3
mp-979712,DyYZn2,59.82,cubic,"['Dy', 'Y', 'Zn']",3
mp-979910,VCuRh2,218.716,cubic,"['Cu', 'Rh', 'V']",3
mp-979427,YHoZn2,60.525,cubic,"['Ho', 'Y', 'Zn']",3
mp-979434,DyYTl2,54.087,cubic,"['Dy', 'Tl', 'Y']",3
mp-979931,YNbRu2,169.646,cubic,"['Nb', 'Ru', 'Y']",3
mp-979465,SmCd3,54.374,hex_,"['Cd', 'Sm']",2
mp-979425,YHoAg2,68.344,cubic,"['Ag', 'Ho', 'Y']",3
mp-979934,YErHg2,63.799,cubic,"['Er', 'Hg', 'Y']",3
mp-979715,YHoAl2,65.616,cubic,"['Al', 'Ho', 'Y']",3
mp-979429,YHoCd2,57.371,cubic,"['Cd', 'Ho', 'Y']",3
mp-979945,Yb3V,20.968,cubic,"['V', 'Yb']",2
mp-979938,Yb3Tc,31.688,tet,"['Tc', 'Yb']",2
mp-979989,Yb2AgPd,47.651,cubic,"['Ag', 'Pd', 'Yb']",3
mp-979963,Yb3Ti,20.615,cubic,"['Ti', 'Yb']",2
mp-979987,YbThPt2,106.657,cubic,"['Pt', 'Th', 'Yb']",3
mp-979962,AcYbCd2,36.361,cubic,"['Ac', 'Cd', 'Yb']",3
mp-979940,Yb3Zr,25.447,cubic,"['Yb', 'Zr']",2
mp-979965,YbSmPt2,93.151,cubic,"['Pt', 'Sm', 'Yb']",3
mp-979968,Yb2CdHg,34.65,cubic,"['Cd', 'Hg', 'Yb']",3
mp-979967,Yb2GaHg,39.597,cubic,"['Ga', 'Hg', 'Yb']",3
mp-980004,SmGa2Co,93.932,ortho,"['Co', 'Ga', 'Sm']",3
mp-979961,Yb2AgHg,38.785,cubic,"['Ag', 'Hg', 'Yb']",3
mp-979937,Yb3Ru,39.52,cubic,"['Ru', 'Yb']",2
mp-979955,Yb3Mn,19.156,cubic,"['Mn', 'Yb']",2
mp-1018068,CrFe2Si,227.075,cubic,"['Cr', 'Fe', 'Si']",3
mp-1018057,HfBe,116.852,ortho,"['Be', 'Hf']",2
mp-1018060,GaCo2Ni,177.04,tet,"['Co', 'Ga', 'Ni']",3
mp-1018054,HfPt3,231.325,cubic,"['Hf', 'Pt']",2
mp-1018082,CrCo2Sb,173.777,cubic,"['Co', 'Cr', 'Sb']",3
mp-1018062,FeSnRh2,177.299,tet,"['Fe', 'Rh', 'Sn']",3
mp-1018066,CrSnRh2,167.812,tet,"['Cr', 'Rh', 'Sn']",3
mp-1018074,GaFeNi2,167.75,cubic,"['Fe', 'Ga', 'Ni']",3
mp-1018080,CrCo2Bi,137.255,cubic,"['Bi', 'Co', 'Cr']",3
mp-1018071,MnFe2Ge,213.562,cubic,"['Fe', 'Ge', 'Mn']",3
mp-1018053,InCu,68.624,hex_,"['Cu', 'In']",2
mp-1018067,CrFe3,178.768,cubic,"['Cr', 'Fe']",2
mp-1018103,ZrAu2,140.699,tet,"['Au', 'Zr']",2
mp-1018123,TiAu2,147.433,tet,"['Au', 'Ti']",2
mp-1018102,ZrPd2,145.885,tet,"['Pd', 'Zr']",2
mp-1018104,Zr2Cd,78.996,tet,"['Cd', 'Zr']",2
mp-1018085,CoSnRh2,185.482,tet,"['Co', 'Rh', 'Sn']",3
mp-1018119,VCoSn,105.185,cubic,"['Co', 'Sn', 'V']",3
mp-1018121,TiPd2,160.261,tet,"['Pd', 'Ti']",2
mp-1018112,YSb2,46.26,ortho,"['Sb', 'Y']",2
mp-1018140,MgNi,88.25,tet,"['Mg', 'Ni']",2
mp-1018149,ScCu2,101.63,tet,"['Cu', 'Sc']",2
mp-1018128,ScAg2,88.836,tet,"['Ag', 'Sc']",2
mp-1018145,MnSn,63.729,cubic,"['Mn', 'Sn']",2
mp-1018136,LaBiPt,78.997,cubic,"['Bi', 'La', 'Pt']",3
mp-1018153,HfAu2,152.12,tet,"['Au', 'Hf']",2
mp-1018124,Ti2Rh,162.15,tet,"['Rh', 'Ti']",2
mp-1018151,NbPd2,194.599,ortho,"['Nb', 'Pd']",2
mp-1018148,ScAu2,117.569,tet,"['Au', 'Sc']",2
mp-1018154,Hf2Hg,111.5,tet,"['Hf', 'Hg']",2
mp-1018139,HoNiBi,81.591,cubic,"['Bi', 'Ho', 'Ni']",3
mp-1018627,ScBPt3,187.164,cubic,"['B', 'Pt', 'Sc']",3
mp-1018652,KCdSb,21.748,tet,"['Cd', 'K', 'Sb']",3
mp-1018179,AlAu2,127.617,tet,"['Al', 'Au']",2
mp-1018643,YBPd3,142.867,cubic,"['B', 'Pd', 'Y']",3
mp-1018161,CrNiSb,104.241,cubic,"['Cr', 'Ni', 'Sb']",3
mp-1018633,LaBPt3,155.423,cubic,"['B', 'La', 'Pt']",3
mp-1018166,AlTc2,224.534,tet,"['Al', 'Tc']",2
mp-1018657,CaBiAu,49.307,hex_,"['Au', 'Bi', 'Ca']",3
mp-1018644,YBPt3,173.83,cubic,"['B', 'Pt', 'Y']",3
mp-1018689,ErZnIn,65.841,hex_,"['Er', 'In', 'Zn']",3
mp-1018709,Hf2GaSb3,93.197,tet,"['Ga', 'Hf', 'Sb']",3
mp-1018684,Er2Mg3Ru,49.451,tet,"['Er', 'Mg', 'Ru']",3
mp-1018703,EuZnGe,49.74,hex_,"['Eu', 'Ge', 'Zn']",3
mp-1018685,ErCuSn,76.553,hex_,"['Cu', 'Er', 'Sn']",3
mp-1018674,DyAlZn,70.298,hex_,"['Al', 'Dy', 'Zn']",3
mp-1018714,HfGaCu,125.165,hex_,"['Cu', 'Ga', 'Hf']",3
mp-1018694,ErZnGa,75.872,hex_,"['Er', 'Ga', 'Zn']",3
mp-1018699,EuZnGe,46.265,ortho,"['Eu', 'Ge', 'Zn']",3
mp-1018712,HfGa4Co,94.047,tet,"['Co', 'Ga', 'Hf']",3
mp-1018702,EuZnGe,42.42,ortho,"['Eu', 'Ge', 'Zn']",3
mp-1018690,ErZnGa,75.136,hex_,"['Er', 'Ga', 'Zn']",3
mp-1018725,HoFeSi,101.221,tet,"['Fe', 'Ho', 'Si']",3
mp-1018717,HfSb2,87.513,tet,"['Hf', 'Sb']",2
mp-1018743,LaNi3Rh2,109.911,hex_,"['La', 'Ni', 'Rh']",3
mp-1018723,HoCo3Cu2,135.084,hex_,"['Co', 'Cu', 'Ho']",3
mp-1018720,HfVSi,160.956,tet,"['Hf', 'Si', 'V']",3
mp-1018724,HoCuSn,76.985,hex_,"['Cu', 'Ho', 'Sn']",3
mp-1018726,HfVGe,156.878,tet,"['Ge', 'Hf', 'V']",3
mp-1018745,LaSbPd,78.626,hex_,"['La', 'Pd', 'Sb']",3
mp-1018798,MgCuGe,61.964,tet,"['Cu', 'Ge', 'Mg']",3
mp-1018895,PrFeSi,77.229,tet,"['Fe', 'Pr', 'Si']",3
mp-1018786,LiMnSb,30.709,tet,"['Li', 'Mn', 'Sb']",3
mp-1018902,PrSbPt,86.816,hex_,"['Pr', 'Pt', 'Sb']",3
mp-1018803,MnCoSb,86.94,tet,"['Co', 'Mn', 'Sb']",3
mp-1019100,SmFeSi,84.808,tet,"['Fe', 'Si', 'Sm']",3
mp-1019087,CaSnHg,38.053,hex_,"['Ca', 'Hg', 'Sn']",3
mp-1019108,SmCoSi,104.084,tet,"['Co', 'Si', 'Sm']",3
mp-1019255,SmTlCd,52.82,hex_,"['Cd', 'Sm', 'Tl']",3
mp-1019109,SmGeRu,89.845,tet,"['Ge', 'Ru', 'Sm']",3
mp-1018949,RbMnBi,15.6,tet,"['Bi', 'Mn', 'Rb']",3
mp-1019259,SrSnHg,36.162,hex_,"['Hg', 'Sn', 'Sr']",3
mp-1019317,TcB2,309.759,hex_,"['B', 'Tc']",2
mp-1019280,SrZnPb,32.355,hex_,"['Pb', 'Sr', 'Zn']",3
mp-1019277,SrHgPb,32.261,hex_,"['Hg', 'Pb', 'Sr']",3
mp-1019279,SrZnSn,37.518,hex_,"['Sn', 'Sr', 'Zn']",3
mp-1021478,SrMg6Ti,35.604,tet,"['Mg', 'Sr', 'Ti']",3
mp-1021423,KMg6Ti,48.731,tet,"['K', 'Mg', 'Ti']",3
mp-1021424,KMg6Mo,39.445,hex_,"['K', 'Mg', 'Mo']",3
mp-1023193,CaMg6Nb,42.167,tet,"['Ca', 'Mg', 'Nb']",3
mp-1023208,CaMg6W,43.917,tet,"['Ca', 'Mg', 'W']",3
mp-1023329,CaMg6Zr,38.262,tet,"['Ca', 'Mg', 'Zr']",3
mp-1022116,Mg6CuB,46.163,ortho,"['B', 'Cu', 'Mg']",3
mp-1022488,NaMg6Zr,35.637,tet,"['Mg', 'Na', 'Zr']",3
mp-1022721,AlCu,107.236,cubic,"['Al', 'Cu']",2
mp-1023366,CaYMg6,33.841,tet,"['Ca', 'Mg', 'Y']",3
mp-1022804,SrYMg6,31.352,tet,"['Mg', 'Sr', 'Y']",3
mp-1023161,CaMg6Mo,41.748,tet,"['Ca', 'Mg', 'Mo']",3
mp-1021848,KMg6V,27.035,tet,"['K', 'Mg', 'V']",3
mp-1021779,Mg6VB,40.719,ortho,"['B', 'Mg', 'V']",3
mp-1023319,CaYMg6,34.78,ortho,"['Ca', 'Mg', 'Y']",3
mp-1024954,HoCuSn,79.602,hex_,"['Cu', 'Ho', 'Sn']",3
mp-1024990,LuB2Ir3,251.607,hex_,"['B', 'Ir', 'Lu']",3
mp-1024987,HoCu4Ag,104.289,cubic,"['Ag', 'Cu', 'Ho']",3
mp-1024994,HoCu4Au,110.424,cubic,"['Au', 'Cu', 'Ho']",3
mp-1024071,SiPt2,205.034,hex_,"['Pt', 'Si']",2
mp-1024955,PrNiSb,88.333,hex_,"['Ni', 'Pr', 'Sb']",3
mp-1024991,ErCu2,86.857,ortho,"['Cu', 'Er']",2
mp-1024984,TbInPt4,161.456,cubic,"['In', 'Pt', 'Tb']",3
mp-1024993,DyB2Ir3,247.431,hex_,"['B', 'Dy', 'Ir']",3
mp-1024957,TmInCu4,109.749,cubic,"['Cu', 'In', 'Tm']",3
mp-1025028,PrSiAg,79.699,tet,"['Ag', 'Pr', 'Si']",3
mp-1025045,TiGaPd,140.178,hex_,"['Ga', 'Pd', 'Ti']",3
mp-1025030,ErPt5,189.776,hex_,"['Er', 'Pt']",2
mp-1025010,Be5Fe,146.818,cubic,"['Be', 'Fe']",2
mp-1025017,NdSi2Ru3,177.35,hex_,"['Nd', 'Ru', 'Si']",3
mp-1025067,ReGe2,157.22,mono,"['Ge', 'Re']",2
mp-1025021,YbMgCu4,79.591,cubic,"['Cu', 'Mg', 'Yb']",3
mp-1025022,HoInPt4,163.795,cubic,"['Ho', 'In', 'Pt']",3
mp-1025075,TbB2Ir3,246.928,hex_,"['B', 'Ir', 'Tb']",3
mp-1025056,ThSi2Ru3,193.609,hex_,"['Ru', 'Si', 'Th']",3
mp-1025044,AlNi2,170.075,trig,"['Al', 'Ni']",2
mp-1025071,YbB2Ir3,232.651,hex_,"['B', 'Ir', 'Yb']",3
mp-1025096,ErZn2,70.145,ortho,"['Er', 'Zn']",2
mp-1025102,CeAl3Pt2,130.404,hex_,"['Al', 'Ce', 'Pt']",3
mp-1025134,HoCu4Pd,115.869,cubic,"['Cu', 'Ho', 'Pd']",3
mp-1025167,Hf(VGa2)2,133.265,tet,"['Ga', 'Hf', 'V']",3
mp-1025116,TmCu4Ag,109.243,cubic,"['Ag', 'Cu', 'Tm']",3
mp-1025155,LuGa5Co,87.39,tet,"['Co', 'Ga', 'Lu']",3
mp-1025165,Zr(VGa2)2,131.585,tet,"['Ga', 'V', 'Zr']",3
mp-1025136,EuAl3Cu2,79.76,hex_,"['Al', 'Cu', 'Eu']",3
mp-1025113,DyInPt4,165.87,cubic,"['Dy', 'In', 'Pt']",3
mp-1025172,Ho(TiGa2)2,96.685,tet,"['Ga', 'Ho', 'Ti']",3
mp-1025176,HfGa5Ni,90.233,tet,"['Ga', 'Hf', 'Ni']",3
mp-1025223,Hf4Al3,116.342,hex_,"['Al', 'Hf']",2
mp-1025193,HfGa5Co,103.655,tet,"['Co', 'Ga', 'Hf']",3
mp-1025218,SiPt5Pb,179.035,tet,"['Pb', 'Pt', 'Si']",3
mp-1025220,SiAgPt5,197.096,tet,"['Ag', 'Pt', 'Si']",3
mp-1025170,Ti3B4,224.584,ortho,"['B', 'Ti']",2
mp-1025236,Sc(TiGa2)2,96.87,tet,"['Ga', 'Sc', 'Ti']",3
mp-1025191,ScGa5Ni,84.543,tet,"['Ga', 'Ni', 'Sc']",3
mp-1025229,TiGa5Co,108.798,tet,"['Co', 'Ga', 'Ti']",3
mp-1025225,ErGa5Co,86.188,tet,"['Co', 'Er', 'Ga']",3
mp-1025257,TmGa5Co,97.33,tet,"['Co', 'Ga', 'Tm']",3
mp-1025242,ScGa5Co,93.026,tet,"['Co', 'Ga', 'Sc']",3
mp-1025238,Tm(TiGa2)2,96.793,tet,"['Ga', 'Ti', 'Tm']",3
mp-1025241,ScGa5Fe,90.193,tet,"['Fe', 'Ga', 'Sc']",3
mp-1025288,TbGa5Co,92.096,tet,"['Co', 'Ga', 'Tb']",3
mp-1025313,TiGa5Ni,101.134,tet,"['Ga', 'Ni', 'Ti']",3
mp-1025304,Zr(TiGa2)2,112.537,tet,"['Ga', 'Ti', 'Zr']",3
mp-1025325,NpGa5Co,100.231,tet,"['Co', 'Ga', 'Np']",3
mp-1025329,TlSiPt5,186.651,tet,"['Pt', 'Si', 'Tl']",3
mp-1025364,Dy(TiGa2)2,95.067,tet,"['Dy', 'Ga', 'Ti']",3
mp-1025335,Lu(TiGa2)2,98.232,tet,"['Ga', 'Lu', 'Ti']",3
mp-1025309,Pr(Re2Si)2,165.622,ortho,"['Pr', 'Re', 'Si']",3
mp-1025324,SiSnPt5,201.214,tet,"['Pt', 'Si', 'Sn']",3
mp-1025365,Sc(VGa2)2,118.477,tet,"['Ga', 'Sc', 'V']",3
mp-1025358,Er(Al2Mo)2,134.393,tet,"['Al', 'Er', 'Mo']",3
mp-1025375,YGa5Co,85.957,tet,"['Co', 'Ga', 'Y']",3
mp-1025408,TmCoSi2,123.961,ortho,"['Co', 'Si', 'Tm']",3
mp-1025397,GeRu,171.945,cubic,"['Ge', 'Ru']",2
mp-1025390,LaSi2Ag,87.646,ortho,"['Ag', 'La', 'Si']",3
mp-1025370,InSiPt5,198.864,tet,"['In', 'Pt', 'Si']",3
mp-1025413,ThSi2Ni,132.143,ortho,"['Ni', 'Si', 'Th']",3
mp-1025366,SiSbPt5,189.634,tet,"['Pt', 'Sb', 'Si']",3
mp-1025409,TmPt,110.101,ortho,"['Pt', 'Tm']",2
mp-1025393,TmSi2Ni,116.907,ortho,"['Ni', 'Si', 'Tm']",3
mp-1025478,TbAu3,101.371,ortho,"['Au', 'Tb']",2
mp-1025457,HfAl5Ni2,126.648,tet,"['Al', 'Hf', 'Ni']",3
mp-1025420,SmSi2Ni,101.226,ortho,"['Ni', 'Si', 'Sm']",3
mp-1025449,TbInPt2,116.677,hex_,"['In', 'Pt', 'Tb']",3
mp-1025415,CePd7,143.898,cubic,"['Ce', 'Pd']",2
mp-1025448,YPt,102.153,ortho,"['Pt', 'Y']",2
mp-1025453,SmSi2Rh,122.727,ortho,"['Rh', 'Si', 'Sm']",3
mp-1025431,SmPt,97.549,ortho,"['Pt', 'Sm']",2
mp-1025504,TmGa2Ni,100.012,ortho,"['Ga', 'Ni', 'Tm']",3
mp-1025503,Cr3Co,259.931,hex_,"['Co', 'Cr']",2
mp-1025525,DyInPt2,118.146,hex_,"['Dy', 'In', 'Pt']",3
mp-1025526,LuAu3,112.13,ortho,"['Au', 'Lu']",2
mp-1025554,PrSi2Ag,91.203,ortho,"['Ag', 'Pr', 'Si']",3
mp-1025551,GaPt,167.158,cubic,"['Ga', 'Pt']",2
mp-1025552,LuGa2Ni,103.459,ortho,"['Ga', 'Lu', 'Ni']",3
mp-1038814,MgCd,42.487,cubic,"['Cd', 'Mg']",2
mp-1038829,MgCd,40.104,hex_,"['Cd', 'Mg']",2
mp-1038879,Ca3Zn,20.037,cubic,"['Ca', 'Zn']",2
mp-1038915,CaZn,26.262,hex_,"['Ca', 'Zn']",2
mp-1038767,MgCd,41.755,mono,"['Cd', 'Mg']",2
mp-1038972,MgCd,40.284,trig,"['Cd', 'Mg']",2
mp-1039147,CaZn,32.75,cubic,"['Ca', 'Zn']",2
mp-1039208,Ca2Zn,22.911,tet,"['Ca', 'Zn']",2
mp-1038975,MgCd,40.188,trig,"['Cd', 'Mg']",2
mp-1039055,Mg3Cd,38.741,hex_,"['Cd', 'Mg']",2
mp-1039229,Ca3Zn,19.475,tet,"['Ca', 'Zn']",2
mp-1039262,CaZn3,41.447,hex_,"['Ca', 'Zn']",2
mp-1039123,CaZn,18.586,hex_,"['Ca', 'Zn']",2
mp-1039124,MgCd,41.638,tet,"['Cd', 'Mg']",2
mp-1039292,Ca3Zn,20.668,hex_,"['Ca', 'Zn']",2
mp-1039447,CaZn,26.729,cubic,"['Ca', 'Zn']",2
mp-1039293,Mg3Cd,38.235,tet,"['Cd', 'Mg']",2
mp-1039434,Mg5Cd,38.04,hex_,"['Cd', 'Mg']",2
mp-1064719,LaNi,67.304,ortho,"['La', 'Ni']",2
mp-1052023,Mg2Cu,59.925,tet,"['Cu', 'Mg']",2
mp-1064554,BiRh,111.998,hex_,"['Bi', 'Rh']",2
mp-1069604,CaSi3Pt,103.918,tet,"['Ca', 'Pt', 'Si']",3
mp-1070859,TbSiNi4,151.371,ortho,"['Ni', 'Si', 'Tb']",3
mp-1071448,CeGaCo,87.707,mono,"['Ce', 'Co', 'Ga']",3
mp-1072181,FeSb2,65.924,tet,"['Fe', 'Sb']",2
mp-1070857,NdSiNi4,167.643,ortho,"['Nd', 'Ni', 'Si']",3
mp-1079437,FeB4,262.93,ortho,"['B', 'Fe']",2
mp-1079086,UAlNi,181.635,hex_,"['Al', 'Ni', 'U']",3
mp-1078464,MnGe,142.529,cubic,"['Ge', 'Mn']",2
mp-1078497,YbGa2Ni,69.78,ortho,"['Ga', 'Ni', 'Yb']",3
mp-1078253,MnB4,273.514,ortho,"['B', 'Mn']",2
mp-1078278,CrB4,274.936,ortho,"['B', 'Cr']",2
mp-1078526,GaPd,141.771,cubic,"['Ga', 'Pd']",2
mp-1079348,B3Os2,338.097,hex_,"['B', 'Os']",2
mp-1095591,Tm3(CuSn)4,85.104,mono,"['Cu', 'Sn', 'Tm']",3
mp-1101850,Ho3(CuSn)4,82.772,ortho,"['Cu', 'Ho', 'Sn']",3
mp-1095682,Fe2Mo,229.35,hex_,"['Fe', 'Mo']",2
mp-1095443,ScFe2,34.513,hex_,"['Fe', 'Sc']",2
mp-1095562,TbCo3,35.76,trig,"['Co', 'Tb']",2
mp-1102078,DyNi3,130.886,trig,"['Dy', 'Ni']",2
mp-1087505,U(FeB3)2,201.105,ortho,"['B', 'Fe', 'U']",3
mp-1080664,CrB,304.935,tet,"['B', 'Cr']",2
mp-1102585,UReB4,276.868,ortho,"['B', 'Re', 'U']",3
mp-1102187,SmFe3,101.016,trig,"['Fe', 'Sm']",2
mp-1105839,Sm(CoB)4,203.871,tet,"['B', 'Co', 'Sm']",3
mp-1106404,Nd(FeB)4,216.78,tet,"['B', 'Fe', 'Nd']",3
mp-1106184,MnB4,274.672,mono,"['B', 'Mn']",2
mp-1106180,Re7B3,362.159,hex_,"['B', 'Re']",2
mp-1186923,Re3Rh,328.997,hex_,"['Re', 'Rh']",2
mp-1184761,Ir3Os,359.91,cubic,"['Ir', 'Os']",2
mp-1185209,Li2ZnSi,52.049,hex_,"['Li', 'Si', 'Zn']",3
mp-1184771,Ir3Rh,323.477,cubic,"['Ir', 'Rh']",2
mp-1184863,K3Mo,6.71,cubic,"['K', 'Mo']",2
mp-1186018,Na3Au,18.941,cubic,"['Au', 'Na']",2
mp-1186902,Re3Ir,365.406,cubic,"['Ir', 'Re']",2
mp-1190841,Hf2Co,136.052,cubic,"['Co', 'Hf']",2
mp-1188441,TiCu4,141.045,ortho,"['Cu', 'Ti']",2
mp-1189382,La2Co7,340.64,trig,"['Co', 'La']",2
mp-1190697,ScFe2,128.842,hex_,"['Fe', 'Sc']",2
mp-1196116,Sc2ReB6,226.401,ortho,"['B', 'Re', 'Sc']",3
mp-1191630,ScCoB4,223.874,ortho,"['B', 'Co', 'Sc']",3
mp-1216295,VRe11B4,354.771,ortho,"['B', 'Re', 'V']",3
mp-1216375,VCrB4,201.539,hex_,"['B', 'Cr', 'V']",3
mp-1210846,LuCoB4,218.149,ortho,"['B', 'Co', 'Lu']",3
mp-1215178,ZrTiB4,242.634,hex_,"['B', 'Ti', 'Zr']",3
mp-1216493,V3Cr3B8,293.232,ortho,"['B', 'Cr', 'V']",3
mp-1206441,V5B6,277.143,ortho,"['B', 'V']",2
mp-1215198,ZrUB24,232.951,trig,"['B', 'U', 'Zr']",3
mp-1216475,V3ReB4,295.129,ortho,"['B', 'Re', 'V']",3
mp-1215209,ZrTaB4,268.949,hex_,"['B', 'Ta', 'Zr']",3
mp-1216445,V9Cr3B8,271.858,mono,"['B', 'Cr', 'V']",3
mp-1215211,ZrNbB4,260.513,hex_,"['B', 'Nb', 'Zr']",3
mp-1216398,VCrB2,279.569,ortho,"['B', 'Cr', 'V']",3
mp-1217898,TaTiB4,276.819,hex_,"['B', 'Ta', 'Ti']",3
mp-1216692,TiNbB4,268.26,hex_,"['B', 'Nb', 'Ti']",3
mp-1217965,TaB2Mo,296.676,ortho,"['B', 'Mo', 'Ta']",3
mp-1216966,TiCrB4,277.905,hex_,"['B', 'Cr', 'Ti']",3
mp-1217974,TaB4W3,324.571,ortho,"['B', 'Ta', 'W']",3
mp-1216667,TiVB4,267.608,hex_,"['B', 'Ti', 'V']",3
mp-1217958,TaCrB4,245.291,hex_,"['B', 'Cr', 'Ta']",3
mp-1217975,Ta3TiB4,266.336,ortho,"['B', 'Ta', 'Ti']",3
mp-1219503,RuRh,282.182,hex_,"['Rh', 'Ru']",2
mp-1217363,TcRu,306.075,hex_,"['Ru', 'Tc']",2
mp-1217818,TaVB4,293.658,hex_,"['B', 'Ta', 'V']",3
mp-1219509,ReOs,385.891,hex_,"['Os', 'Re']",2
mp-1224263,HfTiB4,247.465,hex_,"['B', 'Hf', 'Ti']",3
mp-1220383,NbB4Mo3,297.126,ortho,"['B', 'Mo', 'Nb']",3
mp-1223655,IrOs,374.508,hex_,"['Ir', 'Os']",2
mp-1220351,NbVB4,287.133,hex_,"['B', 'Nb', 'V']",3
mp-1220023,OsRu,355.651,hex_,"['Os', 'Ru']",2
mp-1224184,HfZrB4,244.894,ortho,"['B', 'Hf', 'Zr']",3
mp-1223677,Ir4Os,354.211,trig,"['Ir', 'Os']",2
mp-1223860,IrRu,326.804,trig,"['Ir', 'Ru']",2
mp-1224283,HfTaB4,277.689,hex_,"['B', 'Hf', 'Ta']",3
mp-1220650,Nb4B20Mo11,303.254,ortho,"['B', 'Mo', 'Nb']",3
mp-1224328,HfNbB4,268.296,hex_,"['B', 'Hf', 'Nb']",3
mp-1252369,Si3Os,172.924,cubic,"['Os', 'Si']",2
mp-1228631,B4OsW,320.077,hex_,"['B', 'Os', 'W']",3
mp-1228634,B4MoIr,291.541,hex_,"['B', 'Ir', 'Mo']",3
mp-1226242,CrB2W,301.097,ortho,"['B', 'Cr', 'W']",3
mp-2351903,MgHg5,23.95,trig,"['Hg', 'Mg']",2
mp-2415538,MgZn,43.601,ortho,"['Mg', 'Zn']",2
mp-2425174,PuRu2,159.058,trig,"['Pu', 'Ru']",2
mp-2479851,Mg3Cu,44.71,ortho,"['Cu', 'Mg']",2
mp-2672345,MgCu,80.417,cubic,"['Cu', 'Mg']",2
mp-2828744,KHfMg6,29.655,tet,"['Hf', 'K', 'Mg']",3
mp-2775197,Rb3Hf,6.057,cubic,"['Hf', 'Rb']",2
mp-2789384,KMg6Nb,30.941,tet,"['K', 'Mg', 'Nb']",3
mp-2828799,RbMg6Zr,25.338,tet,"['Mg', 'Rb', 'Zr']",3
mp-2790577,SiHg3,22.077,hex_,"['Hg', 'Si']",2
mp-2828768,SrMg6Zr,34.536,tet,"['Mg', 'Sr', 'Zr']",3
mp-2861134,KMg6Zr,29.002,tet,"['K', 'Mg', 'Zr']",3
mp-2876153,DyMn2,74.233,trig,"['Dy', 'Mn']",2
mp-2880538,Tm3V,51.93,cubic,"['Tm', 'V']",2
mp-2931468,ZrScB24,225.71,trig,"['B', 'Sc', 'Zr']",3
mp-2894145,LiMg6Mo,46.099,tet,"['Li', 'Mg', 'Mo']",3
mp-1720,SmRu2,157.736,cubic,"['Ru', 'Sm']",2
mp-1722,Zn13Fe,83.349,mono,"['Fe', 'Zn']",2
mp-1709,U2Ti,130.716,hex_,"['Ti', 'U']",2
mp-1714,FeSi2,182.055,ortho,"['Fe', 'Si']",2
mp-1718,ZrFe2,147.055,cubic,"['Fe', 'Zr']",2
mp-1729,SmFe2,91.626,cubic,"['Fe', 'Sm']",2
mp-1725,CaZn2,44.942,ortho,"['Ca', 'Zn']",2
mp-1731,LaCo5,786.747,hex_,"['Co', 'La']",2
mp-1754,UHg2,72.435,hex_,"['Hg', 'U']",2
mp-1757,DyFe2,90.207,cubic,"['Dy', 'Fe']",2
mp-1734,CaZn5,59.683,hex_,"['Ca', 'Zn']",2
mp-1762,ErRh2,160.655,cubic,"['Er', 'Rh']",2
mp-1755,ZnAu3,127.051,ortho,"['Au', 'Zn']",2
mp-1761,LuIr2,365.57,cubic,"['Ir', 'Lu']",2
mp-1769,SbPd,104.823,hex_,"['Pd', 'Sb']",2
mp-1791,Al5Rh2,131.181,hex_,"['Al', 'Rh']",2
mp-1775,SnAu,72.865,hex_,"['Au', 'Sn']",2
mp-1814,BaAg5,52.275,hex_,"['Ag', 'Ba']",2
mp-1823,Ti3Al,113.96,hex_,"['Al', 'Ti']",2
mp-1780,ScRh,138.583,cubic,"['Rh', 'Sc']",2
mp-1832,LaPt5,178.329,hex_,"['La', 'Pt']",2
mp-1825,Cu2Sb,79.248,tet,"['Cu', 'Sb']",2
mp-1799,TaCo2,247.841,cubic,"['Co', 'Ta']",2
mp-1808,Ti2Ni,641.344,cubic,"['Ni', 'Ti']",2
mp-1773,ReB2,337.733,hex_,"['B', 'Re']",2
mp-1786,Ti3Au,137.742,cubic,"['Au', 'Ti']",2
mp-1831,SrAu5,90.516,hex_,"['Au', 'Sr']",2
mp-1768,LaOs2,182.831,cubic,"['La', 'Os']",2
mp-1869,GaPd2,150.478,ortho,"['Ga', 'Pd']",2
mp-1841,SiIr3,298.389,tet,"['Ir', 'Si']",2
mp-1851,SnPd2,130.558,ortho,"['Pd', 'Sn']",2
mp-1837,TbCu,71.128,cubic,"['Cu', 'Tb']",2
mp-1854,EuPd2,91.067,cubic,"['Eu', 'Pd']",2
mp-1842,NbAl3,126.155,tet,"['Al', 'Nb']",2
mp-1857,YbCd,31.809,cubic,"['Cd', 'Yb']",2
mp-1867,Ta2Ni,228.033,tet,"['Ni', 'Ta']",2
mp-1860,LaSi,69.385,ortho,"['La', 'Si']",2
mp-1885,AlIr,229.406,cubic,"['Al', 'Ir']",2
mp-1910,CeNi5,146.347,hex_,"['Ce', 'Ni']",2
mp-1909,LaMg2,33.099,cubic,"['La', 'Mg']",2
mp-1878,HfBe13,125.555,cubic,"['Be', 'Hf']",2
mp-1882,CaCu5,90.279,hex_,"['Ca', 'Cu']",2
mp-1902,MnPd,132.501,cubic,"['Mn', 'Pd']",2
mp-1890,BMo,311.129,tet,"['B', 'Mo']",2
mp-1918,FeRh,198.729,cubic,"['Fe', 'Rh']",2
mp-1915,Fe2B,220.866,tet,"['B', 'Fe']",2
mp-1934,LiZn,41.652,cubic,"['Li', 'Zn']",2
mp-1937,YbCu,38.498,ortho,"['Cu', 'Yb']",2
mp-1939,ErNi2,123.362,cubic,"['Er', 'Ni']",2
mp-1913,ErPt3,177.756,cubic,"['Er', 'Pt']",2
mp-1932,Nb3Os,232.709,cubic,"['Nb', 'Os']",2
mp-1912,ZnAg,89.933,cubic,"['Ag', 'Zn']",2
mp-1926,HoFe2,83.173,cubic,"['Fe', 'Ho']",2
mp-1914,YGa2,73.693,hex_,"['Ga', 'Y']",2
mp-1955,ErCu,73.462,cubic,"['Cu', 'Er']",2
mp-1994,HfB2,252.303,hex_,"['B', 'Hf']",2
mp-1953,TiAl,113.483,tet,"['Al', 'Ti']",2
mp-1982,Al21Pt8,132.661,tet,"['Al', 'Pt']",2
mp-1989,Ta5Si3,215.33,tet,"['Si', 'Ta']",2
mp-1996,NdIr3,191.377,cubic,"['Ir', 'Nd']",2
mp-1979,HoPd3,127.535,cubic,"['Ho', 'Pd']",2
mp-1961,TiAg,98.421,tet,"['Ag', 'Ti']",2
mp-1949,TiMn2,181.973,hex_,"['Mn', 'Ti']",2
mp-1948,LaAg,48.529,cubic,"['Ag', 'La']",2
mp-1963,NbRh,227.229,tet,"['Nb', 'Rh']",2
mp-2012,LiHg,32.253,cubic,"['Hg', 'Li']",2
mp-1941,GaNi,152.55,cubic,"['Ga', 'Ni']",2
mp-1969,NbSb2,96.221,mono,"['Nb', 'Sb']",2
mp-1971,HoCu,73.432,cubic,"['Cu', 'Ho']",2
mp-1973,NbGa3,122.973,tet,"['Ga', 'Nb']",2
mp-2001,LaTl3,44.459,cubic,"['La', 'Tl']",2
mp-2006,V3Ir,239.084,cubic,"['Ir', 'V']",2
mp-2027,HfCo,123.98,cubic,"['Co', 'Hf']",2
mp-2039,ScMn2,173.191,hex_,"['Mn', 'Sc']",2
mp-2025,HfBe5,130.956,hex_,"['Be', 'Hf']",2
mp-2019,LaRu2,128.334,cubic,"['La', 'Ru']",2
mp-2058,Ni3B,217.964,ortho,"['B', 'Ni']",2
mp-2051,LaCu2,67.31,hex_,"['Cu', 'La']",2
mp-2053,Nb3Sb,173.865,cubic,"['Nb', 'Sb']",2
mp-2028,Be2Nb,156.483,cubic,"['Be', 'Nb']",2
mp-2031,Be2Cu,135.017,cubic,"['Be', 'Cu']",2
mp-2016,PrNi2,98.368,cubic,"['Ni', 'Pr']",2
mp-2018,AlFe3,171.541,cubic,"['Al', 'Fe']",2
mp-2078,TiCu,127.744,tet,"['Cu', 'Ti']",2
mp-2083,Sn2Ir,110.242,cubic,"['Ir', 'Sn']",2
mp-2090,FeCo,189.836,cubic,"['Co', 'Fe']",2
mp-2062,LaSi2,79.133,tet,"['La', 'Si']",2
mp-2091,V3B2,257.602,tet,"['B', 'V']",2
mp-2130,LuNi2,72.924,cubic,"['Lu', 'Ni']",2
mp-2123,Nb3Au2,174.046,tet,"['Au', 'Nb']",2
mp-2105,Hf3Si2,143.703,tet,"['Hf', 'Si']",2
mp-2108,Ti5Si3,139.791,hex_,"['Si', 'Ti']",2
mp-2128,Sn4Pd,56.496,ortho,"['Pd', 'Sn']",2
mp-2120,HoAg2,76.004,tet,"['Ag', 'Ho']",2
mp-2103,CuAu3,135.617,cubic,"['Au', 'Cu']",2
mp-2121,ScAl3,86.5,cubic,"['Al', 'Sc']",2
mp-2098,CeOs2,192.391,cubic,"['Ce', 'Os']",2
mp-2126,HfIr3,278.691,cubic,"['Hf', 'Ir']",2
mp-2152,YNi5,147.351,hex_,"['Ni', 'Y']",2
mp-2157,Co3W,398.598,hex_,"['Co', 'W']",2
mp-2137,Mg2Ni,71.061,hex_,"['Mg', 'Ni']",2
mp-2163,HoRh,113.966,cubic,"['Ho', 'Rh']",2
mp-2170,Li2Pt,66.968,hex_,"['Li', 'Pt']",2
mp-2180,HfSb2,84.365,ortho,"['Hf', 'Sb']",2
mp-2187,TiSb,90.133,hex_,"['Sb', 'Ti']",2
mp-2167,DyAg,66.847,cubic,"['Ag', 'Dy']",2
mp-2192,BPt,259.986,hex_,"['B', 'Pt']",2
mp-2179,TiRe,228.62,cubic,"['Re', 'Ti']",2
mp-2212,ScCo,119.727,cubic,"['Co', 'Sc']",2
mp-2199,Fe3Si,210.833,cubic,"['Fe', 'Si']",2
mp-2222,MnHg,69.323,cubic,"['Hg', 'Mn']",2
mp-2203,YB6,172.001,cubic,"['B', 'Y']",2
mp-2210,ZrCu,105.385,cubic,"['Cu', 'Zr']",2
mp-2206,LuCo2,191.768,cubic,"['Co', 'Lu']",2
mp-2221,Zr2Ag,97.936,tet,"['Ag', 'Zr']",2
mp-2213,FeNi,184.902,tet,"['Fe', 'Ni']",2
mp-2205,LuPd,102.592,cubic,"['Lu', 'Pd']",2
mp-2211,V3Pt,219.134,cubic,"['Pt', 'V']",2
mp-2225,Be2Fe,154.342,hex_,"['Be', 'Fe']",2
mp-2233,Th2Ag,71.978,tet,"['Ag', 'Th']",2
mp-2215,ThHg2,77.59,hex_,"['Hg', 'Th']",2
mp-2226,DyPd,91.251,cubic,"['Dy', 'Pd']",2
mp-2265,TbCo2,40.461,cubic,"['Co', 'Tb']",2
mp-2250,ZrNi2,166.427,cubic,"['Ni', 'Zr']",2
mp-2260,FePt,200.39,tet,"['Fe', 'Pt']",2
mp-2263,ScIr2,216.325,cubic,"['Ir', 'Sc']",2
mp-2258,Cu3Au,104.875,cubic,"['Au', 'Cu']",2
mp-2252,ScB2,191.13,hex_,"['B', 'Sc']",2
mp-2303,DyZn,59.752,cubic,"['Dy', 'Zn']",2
mp-2287,SiRh,184.478,mono,"['Rh', 'Si']",2
mp-2273,Ag3Sb,75.098,ortho,"['Ag', 'Sb']",2
mp-2291,Si2Ni,141.692,cubic,"['Ni', 'Si']",2
mp-2268,TbAg,65.884,cubic,"['Ag', 'Tb']",2
mp-2283,ZrCo,128.339,cubic,"['Co', 'Zr']",2
mp-2294,Al3Ir,150.642,hex_,"['Al', 'Ir']",2
mp-2334,DyCu,71.228,cubic,"['Cu', 'Dy']",2
mp-2339,Ti3Pt,157.855,cubic,"['Pt', 'Ti']",2
mp-2327,TiZn16,79.295,ortho,"['Ti', 'Zn']",2
mp-2338,TbZn2,65.918,ortho,"['Tb', 'Zn']",2
mp-2316,TmZn,63.975,cubic,"['Tm', 'Zn']",2
mp-2306,LaMg3,37.949,cubic,"['La', 'Mg']",2
mp-2333,NdPd3,115.77,cubic,"['Nd', 'Pd']",2
mp-2317,LaNi5,114.252,hex_,"['La', 'Ni']",2
mp-2323,BeCu,142.088,cubic,"['Be', 'Cu']",2
mp-2322,YAl2,79.891,cubic,"['Al', 'Y']",2
mp-2337,HfCo2,183.341,cubic,"['Co', 'Hf']",2
mp-2331,B2Mo,300.149,trig,"['B', 'Mo']",2
mp-2348,Zr2Au,119.202,tet,"['Au', 'Zr']",2
mp-2349,YCd3,55.533,ortho,"['Cd', 'Y']",2
mp-2361,Hf5Al3,111.876,hex_,"['Al', 'Hf']",2
mp-2379,CoSi2,173.636,cubic,"['Co', 'Si']",2
mp-2351,TmPt3,179.331,cubic,"['Pt', 'Tm']",2
mp-2354,Ti3Hg,118.442,cubic,"['Hg', 'Ti']",2
mp-2369,SnPd,97.577,ortho,"['Pd', 'Sn']",2
mp-2370,PrNi5,139.425,hex_,"['Ni', 'Pr']",2
mp-2363,HfMo2,304.609,cubic,"['Hf', 'Mo']",2
mp-2381,ErRh,114.582,cubic,"['Er', 'Rh']",2
mp-2391,YbPd3,107.848,cubic,"['Pd', 'Yb']",2
mp-2406,Mg5Pd2,62.662,hex_,"['Mg', 'Pd']",2
mp-2403,YPt3,169.488,cubic,"['Pt', 'Y']",2
mp-2417,DyIr3,212.008,cubic,"['Dy', 'Ir']",2
mp-2399,YHg,65.407,cubic,"['Hg', 'Y']",2
mp-2408,Ga3Pd5,144.994,ortho,"['Ga', 'Pd']",2
mp-2385,TaCr2,242.207,cubic,"['Cr', 'Ta']",2
mp-2410,SrAg5,60.814,hex_,"['Ag', 'Sr']",2
mp-2393,YTl3,46.531,cubic,"['Tl', 'Y']",2
mp-2424,LaZn5,70.032,hex_,"['La', 'Zn']",2
mp-2426,LiAg,41.392,cubic,"['Ag', 'Li']",2
mp-2444,GaRh,179.773,cubic,"['Ga', 'Rh']",2
mp-2451,YAl3,71.776,trig,"['Al', 'Y']",2
mp-2430,ZrGe2,108.179,ortho,"['Ge', 'Zr']",2
mp-2462,PrCu5,99.806,hex_,"['Cu', 'Pr']",2
mp-2465,DyPt3,172.498,cubic,"['Dy', 'Pt']",2
mp-2463,LuFe2,113.817,cubic,"['Fe', 'Lu']",2
mp-2454,TiFe2,163.482,hex_,"['Fe', 'Ti']",2
mp-2435,HoCo5,377.141,hex_,"['Co', 'Ho']",2
mp-2449,NbRh3,248.556,cubic,"['Nb', 'Rh']",2
mp-2478,NbSi2,175.204,hex_,"['Nb', 'Si']",2
mp-2488,SiOs,209.102,cubic,"['Os', 'Si']",2
mp-2500,AlCu,112.579,mono,"['Al', 'Cu']",2
mp-2474,YAg,65.962,cubic,"['Ag', 'Y']",2
mp-2510,ZrHg,101.293,tet,"['Hg', 'Zr']",2
mp-2466,ErAu2,103.81,tet,"['Au', 'Er']",2
mp-2501,BMo2,293.327,tet,"['B', 'Mo']",2
mp-2509,ThRh3,170.311,cubic,"['Rh', 'Th']",2
mp-2481,Mg2Cu,56.418,ortho,"['Cu', 'Mg']",2
mp-2515,CrPt3,231.851,cubic,"['Cr', 'Pt']",2
mp-2525,PrAg,54.408,cubic,"['Ag', 'Pr']",2
mp-2553,HfBe2,127.5,hex_,"['Be', 'Hf']",2
mp-2516,YZn,60.055,cubic,"['Y', 'Zn']",2
mp-2540,VTc,254.937,cubic,"['Tc', 'V']",2
mp-2551,DyCo5,873.978,hex_,"['Co', 'Dy']",2
mp-2529,PrRh2,138.487,cubic,"['Pr', 'Rh']",2
mp-2547,YbPd,60.162,cubic,"['Pd', 'Yb']",2
mp-2536,Ni2B,238.119,tet,"['B', 'Ni']",2
mp-2577,Mn3Rh,238.125,cubic,"['Mn', 'Rh']",2
mp-2580,NbB,263.884,ortho,"['B', 'Nb']",2
mp-2583,TiRh,187.501,tet,"['Rh', 'Ti']",2
mp-2582,TiSi2,142.135,ortho,"['Si', 'Ti']",2
mp-2560,Ti3Hg,115.477,cubic,"['Hg', 'Ti']",2
mp-2567,V3Si,192.13,cubic,"['Si', 'V']",2
mp-2554,Al3V,122.019,tet,"['Al', 'V']",2
mp-2568,YSi2,85.401,hex_,"['Si', 'Y']",2
mp-2557,Zr2Al,103.887,hex_,"['Al', 'Zr']",2
mp-2619,FeSb,110.972,hex_,"['Fe', 'Sb']",2
mp-2606,BaPd5,99.329,hex_,"['Ba', 'Pd']",2
mp-2618,DyAg2,74.554,tet,"['Ag', 'Dy']",2
mp-2615,LaZn,49.02,cubic,"['La', 'Zn']",2
mp-2598,Ta5Sb4,105.592,tet,"['Sb', 'Ta']",2
mp-2614,HfAl3,106.503,tet,"['Al', 'Hf']",2
mp-2592,Si2Mo,205.746,tet,"['Mo', 'Si']",2
mp-2621,ErAg,69.968,cubic,"['Ag', 'Er']",2
mp-2642,CdAg,73.469,cubic,"['Ag', 'Cd']",2
mp-2644,CoSb,148.223,hex_,"['Co', 'Sb']",2
mp-2647,Al2Au,104.282,cubic,"['Al', 'Au']",2
mp-2649,Zr5Sb3,106.734,hex_,"['Sb', 'Zr']",2
mp-2645,YbNi5,131.006,hex_,"['Ni', 'Yb']",2
mp-2643,Ti3Cu4,132.608,tet,"['Cu', 'Ti']",2
mp-2676,TaBe2,167.518,cubic,"['Be', 'Ta']",2
mp-2678,VPt,241.671,tet,"['Pt', 'V']",2
mp-2674,YPt2,162.277,cubic,"['Pt', 'Y']",2
mp-2667,CsAu,10.059,cubic,"['Au', 'Cs']",2
mp-2658,AlFe,170.575,cubic,"['Al', 'Fe']",2
mp-2698,YCu2,84.831,ortho,"['Cu', 'Y']",2
mp-2696,MgAg,63.271,cubic,"['Ag', 'Mg']",2
mp-2689,ThFe5,117.852,hex_,"['Fe', 'Th']",2
mp-2670,Nb3Ga,166.129,cubic,"['Ga', 'Nb']",2
mp-2694,LaAl2,64.416,cubic,"['Al', 'La']",2
mp-2695,Sb2Os,128.863,ortho,"['Os', 'Sb']",2
mp-2677,ScPd3,143.721,cubic,"['Pd', 'Sc']",2
mp-2663,Nb3Pt,203.6,cubic,"['Nb', 'Pt']",2
mp-2680,LaB6,181.75,cubic,"['B', 'La']",2
mp-2682,Sb2Rh,104.082,mono,"['Rh', 'Sb']",2
mp-2708,LaNi2,103.215,cubic,"['La', 'Ni']",2
mp-2666,CrSb2,82.324,tet,"['Cr', 'Sb']",2
mp-2665,PrRu2,151.337,cubic,"['Pr', 'Ru']",2
mp-2685,HgPd,114.745,tet,"['Hg', 'Pd']",2
mp-2705,VPt3,247.745,tet,"['Pt', 'V']",2
mp-2740,ErCo5,215.833,hex_,"['Co', 'Er']",2
mp-2725,TbIr2,196.495,cubic,"['Ir', 'Tb']",2
mp-2731,TiGa3,97.756,tet,"['Ga', 'Ti']",2
mp-2729,Sn7Os3,119.38,cubic,"['Os', 'Sn']",2
mp-2716,TiNi,150.897,trig,"['Ni', 'Ti']",2
mp-2728,MnIr,265.335,tet,"['Ir', 'Mn']",2
mp-2738,DyNi,78.297,ortho,"['Dy', 'Ni']",2
mp-2713,ErIr,140.411,cubic,"['Er', 'Ir']",2
mp-2733,Al8Mo3,142.751,mono,"['Al', 'Mo']",2
mp-2720,NdPt2,151.763,cubic,"['Nd', 'Pt']",2
mp-2743,LiPd,72.655,cubic,"['Li', 'Pd']",2
mp-2747,TbPd3,126.101,cubic,"['Pd', 'Tb']",2
mp-2772,ZrAl2,113.59,hex_,"['Al', 'Zr']",2
mp-2749,TiBe2,124.06,cubic,"['Be', 'Ti']",2
mp-2781,ScPd,110.671,cubic,"['Pd', 'Sc']",2
mp-2762,YIr2,196.294,cubic,"['Ir', 'Y']",2
mp-2776,Ga2Au,65.975,cubic,"['Au', 'Ga']",2
mp-2752,Nb3Au,184.705,cubic,"['Au', 'Nb']",2
mp-2778,HoAg,68.602,cubic,"['Ag', 'Ho']",2
mp-2767,TiGa,116.187,tet,"['Ga', 'Ti']",2
mp-2744,LiPd,79.812,hex_,"['Li', 'Pd']",2
mp-2783,Ta2Si,214.601,tet,"['Si', 'Ta']",2
mp-2757,CdAu,90.157,cubic,"['Au', 'Cd']",2
mp-2773,BeCo,196.762,cubic,"['Be', 'Co']",2
mp-2808,ZrRh,164.388,cubic,"['Rh', 'Zr']",2
mp-2802,HfRu,198.115,cubic,"['Hf', 'Ru']",2
mp-2812,HoFe5,122.739,hex_,"['Fe', 'Ho']",2
mp-2786,Ca5Zn3,27.439,tet,"['Ca', 'Zn']",2
mp-2797,YCu5,108.45,hex_,"['Cu', 'Y']",2
mp-2827,YCo5,170.478,hex_,"['Co', 'Y']",2
mp-2845,SbPt,121.63,hex_,"['Pt', 'Sb']",2
mp-2831,FePd,168.069,tet,"['Fe', 'Pd']",2
mp-2838,UNi5,183.584,cubic,"['Ni', 'U']",2
mp-2841,ScSi2,94.18,hex_,"['Sc', 'Si']",2
mp-2851,VSb2,99.681,tet,"['Sb', 'V']",2
mp-2850,B2Os,311.334,ortho,"['B', 'Os']",2
mp-2825,ErPd3,129.717,cubic,"['Er', 'Pd']",2
mp-2824,AlPd2,157.601,ortho,"['Al', 'Pd']",2
mp-2866,Yb(FeSi)2,119.518,tet,"['Fe', 'Si', 'Yb']",3
mp-2894,ScSnAu,88.353,cubic,"['Au', 'Sc', 'Sn']",3
mp-2893,Dy(SiRh)2,153.451,tet,"['Dy', 'Rh', 'Si']",3
mp-2856,Mn4Al11,123.19,tri,"['Al', 'Mn']",2
mp-2863,CeCd3,41.295,cubic,"['Cd', 'Ce']",2
mp-2880,LuB2Os3,264.273,hex_,"['B', 'Lu', 'Os']",3
mp-2877,Nd(CuSi)2,115.656,tet,"['Cu', 'Nd', 'Si']",3
mp-2909,HoAlNi,87.429,hex_,"['Al', 'Ho', 'Ni']",3
mp-2924,Ho(SiNi)2,131.02,tet,"['Ho', 'Ni', 'Si']",3
mp-2914,LaSi3Ir,122.782,tet,"['Ir', 'La', 'Si']",3
mp-2903,UAl3Ni2,135.451,hex_,"['Al', 'Ni', 'U']",3
mp-2917,Dy(CuSi)2,119.315,tet,"['Cu', 'Dy', 'Si']",3
mp-2927,LiAg2Sn,59.483,cubic,"['Ag', 'Li', 'Sn']",3
mp-2933,Pr2(ReB2)3,212.95,mono,"['B', 'Pr', 'Re']",3
mp-2947,SmB2Rh3,205.017,hex_,"['B', 'Rh', 'Sm']",3
mp-2935,Li2GeAu,61.01,cubic,"['Au', 'Ge', 'Li']",3
mp-2965,Ce(MnSi)2,123.478,tet,"['Ce', 'Mn', 'Si']",3
mp-2932,Y2Si4Mo3,156.022,mono,"['Mo', 'Si', 'Y']",3
mp-2960,HfSnRh,148.752,hex_,"['Hf', 'Rh', 'Sn']",3
mp-2949,Ca(NiGe)2,80.39,tet,"['Ca', 'Ge', 'Ni']",3
mp-2967,La(CoB)2,125.812,tet,"['B', 'Co', 'La']",3
mp-2968,Sr(MnSb)2,30.716,trig,"['Mn', 'Sb', 'Sr']",3
mp-3018,Nd(MnSi)2,118.634,tet,"['Mn', 'Nd', 'Si']",3
mp-2990,TmAgSn,75.464,hex_,"['Ag', 'Sn', 'Tm']",3
mp-2976,PrBPd3,131.577,cubic,"['B', 'Pd', 'Pr']",3
mp-3011,Th(GeRh)2,145.97,tet,"['Ge', 'Rh', 'Th']",3
mp-3022,TbBPd3,142.81,cubic,"['B', 'Pd', 'Tb']",3
mp-2988,Li2GaRh,81.563,cubic,"['Ga', 'Li', 'Rh']",3
mp-3015,HoInCu,80.4,hex_,"['Cu', 'Ho', 'In']",3
mp-3035,Ce(FeSi)2,142.193,tet,"['Ce', 'Fe', 'Si']",3
mp-3040,TbCo3B2,205.718,hex_,"['B', 'Co', 'Tb']",3
mp-3034,MgAl2Cu,76.205,ortho,"['Al', 'Cu', 'Mg']",3
mp-3053,DyAlNi,119.796,hex_,"['Al', 'Dy', 'Ni']",3
mp-3055,NdB2Rh3,199.655,hex_,"['B', 'Nd', 'Rh']",3
mp-3093,ErB2Ru3,225.055,hex_,"['B', 'Er', 'Ru']",3
mp-3065,Ho(FeGe)2,108.973,tet,"['Fe', 'Ge', 'Ho']",3
mp-3105,LuBPd3,148.81,cubic,"['B', 'Lu', 'Pd']",3
mp-3097,Tb(SiRh)2,152.124,tet,"['Rh', 'Si', 'Tb']",3
mp-3092,DyB2Ru3,223.115,hex_,"['B', 'Dy', 'Ru']",3
mp-3088,LaBRh3,165.301,cubic,"['B', 'La', 'Rh']",3
mp-3108,Lu(SiRh)2,158.887,tet,"['Lu', 'Rh', 'Si']",3
mp-3128,ErCoSi2,124.346,ortho,"['Co', 'Er', 'Si']",3
mp-3186,TbB2Ru3,222.108,hex_,"['B', 'Ru', 'Tb']",3
mp-3183,DyBRh3,183.388,cubic,"['B', 'Dy', 'Rh']",3
mp-3158,Li2SbPt,79.179,cubic,"['Li', 'Pt', 'Sb']",3
mp-3190,Er(FeB)2,120.929,tet,"['B', 'Er', 'Fe']",3
mp-3148,Dy(SiPt)2,145.085,tet,"['Dy', 'Pt', 'Si']",3
mp-3166,Th(SiOs)2,183.234,tet,"['Os', 'Si', 'Th']",3
mp-3204,YbSnPd,69.65,ortho,"['Pd', 'Sn', 'Yb']",3
mp-3223,ThB2Ru3,230.004,hex_,"['B', 'Ru', 'Th']",3
mp-3201,Li2GaPd,67.604,cubic,"['Ga', 'Li', 'Pd']",3
mp-3207,Sr(NiGe)2,62.062,tet,"['Ge', 'Ni', 'Sr']",3
mp-3197,TbAlPd,93.543,hex_,"['Al', 'Pd', 'Tb']",3
mp-3218,Er(SiPd)2,134.258,tet,"['Er', 'Pd', 'Si']",3
mp-3274,NiGePd,165.803,tet,"['Ge', 'Ni', 'Pd']",3
mp-3239,Er(CoSi)2,131.977,tet,"['Co', 'Er', 'Si']",3
mp-3301,Dy(SiPd)2,133.933,tet,"['Dy', 'Pd', 'Si']",3
mp-3292,Tb(CoSi)2,113.474,tet,"['Co', 'Si', 'Tb']",3
mp-3241,Sr(CuGe)2,77.539,tet,"['Cu', 'Ge', 'Sr']",3
mp-3286,Ce(AlZn)2,72.027,tet,"['Al', 'Ce', 'Zn']",3
mp-3264,Th(NiGe)2,115.166,tet,"['Ge', 'Ni', 'Th']",3
mp-3325,Ce(NiGe)2,87.924,tet,"['Ce', 'Ge', 'Ni']",3
mp-3346,HoZrSb,80.205,tet,"['Ho', 'Sb', 'Zr']",3
mp-3363,Sc2Ni2Sn,105.02,tet,"['Ni', 'Sc', 'Sn']",3
mp-3340,TaAlCo2,203.111,cubic,"['Al', 'Co', 'Ta']",3
mp-3329,Tb(NiGe)2,112.504,tet,"['Ge', 'Ni', 'Tb']",3
mp-3348,LiBIr,163.719,ortho,"['B', 'Ir', 'Li']",3
mp-3398,Ho2Ni2Pb,74.964,ortho,"['Ho', 'Ni', 'Pb']",3
mp-3388,U(SiRu)2,326.477,tet,"['Ru', 'Si', 'U']",3
mp-3400,Lu(MnGe)6,141.054,hex_,"['Ge', 'Lu', 'Mn']",3
mp-3412,Eu(CuSi)2,85.94,tet,"['Cu', 'Eu', 'Si']",3
mp-3390,Y(CuSi)2,118.289,tet,"['Cu', 'Si', 'Y']",3
mp-3415,Yb(SiRu)2,133.202,tet,"['Ru', 'Si', 'Yb']",3
mp-3428,SmBPd3,137.352,cubic,"['B', 'Pd', 'Sm']",3
mp-3433,YMgNi4,90.883,cubic,"['Mg', 'Ni', 'Y']",3
mp-3437,Ce(CoSi)2,137.291,tet,"['Ce', 'Co', 'Si']",3
mp-3469,ZrNi2Sb,145.512,hex_,"['Ni', 'Sb', 'Zr']",3
mp-3432,ScNiSb,103.751,cubic,"['Ni', 'Sb', 'Sc']",3
mp-3441,Y(SiRh)2,151.48,tet,"['Rh', 'Si', 'Y']",3
mp-3456,Tb(CuSi)2,119.971,tet,"['Cu', 'Si', 'Tb']",3
mp-3467,SmB2Ru3,217.544,hex_,"['B', 'Ru', 'Sm']",3
mp-3464,FeSiRu2,232.733,cubic,"['Fe', 'Ru', 'Si']",3
mp-3471,La2Ni5B4,136.781,mono,"['B', 'La', 'Ni']",3
mp-3515,Y(CoB)2,153.952,tet,"['B', 'Co', 'Y']",3
mp-3494,CeGa3Pd2,101.993,hex_,"['Ce', 'Ga', 'Pd']",3
mp-3489,Nd(FeSi)2,118.239,tet,"['Fe', 'Nd', 'Si']",3
mp-3498,HfGaNi2,128.242,cubic,"['Ga', 'Hf', 'Ni']",3
mp-3499,MnSbPd2,122.697,cubic,"['Mn', 'Pd', 'Sb']",3
mp-3501,Er(Fe2Ge)2,98.162,tet,"['Er', 'Fe', 'Ge']",3
mp-3504,NbNi2Sn,156.967,cubic,"['Nb', 'Ni', 'Sn']",3
mp-3507,Lu(SiPd)2,136.258,tet,"['Lu', 'Pd', 'Si']",3
mp-3539,NbGaNi2,186.563,cubic,"['Ga', 'Nb', 'Ni']",3
mp-3522,MgCuSb,66.779,cubic,"['Cu', 'Mg', 'Sb']",3
mp-3574,MnAlCu2,125.381,cubic,"['Al', 'Cu', 'Mn']",3
mp-3576,HfGaCo2,172.836,cubic,"['Co', 'Ga', 'Hf']",3
mp-3569,Nd(Sb3Os)4,100.469,cubic,"['Nd', 'Os', 'Sb']",3
mp-3587,Sc(SiNi)2,151.528,tet,"['Ni', 'Sc', 'Si']",3
mp-3591,NdBRh3,174.728,cubic,"['B', 'Nd', 'Rh']",3
mp-3605,Th(CoGe)2,142.488,tet,"['Co', 'Ge', 'Th']",3
mp-3585,La(SiIr)2,145.667,tet,"['Ir', 'La', 'Si']",3
mp-3618,Sc2FeSi2,110.477,mono,"['Fe', 'Sc', 'Si']",3
mp-3623,MnAlCo2,188.169,cubic,"['Al', 'Co', 'Mn']",3
mp-3640,Nb6Si7Ni16,218.334,cubic,"['Nb', 'Ni', 'Si']",3
mp-3602,YAl4Ni,92.48,ortho,"['Al', 'Ni', 'Y']",3
mp-3676,MgCu4Sn,97.854,cubic,"['Cu', 'Mg', 'Sn']",3
mp-3686,YbBRh3,161.964,cubic,"['B', 'Rh', 'Yb']",3
mp-3740,TiNi2Sn,159.419,cubic,"['Ni', 'Sn', 'Ti']",3
mp-3805,Al(FeB)2,224.5,ortho,"['Al', 'B', 'Fe']",3
mp-3701,Sc(Al2Fe)4,128.938,tet,"['Al', 'Fe', 'Sc']",3
mp-3716,TbNiSb,89.316,cubic,"['Ni', 'Sb', 'Tb']",3
mp-3717,LuBRh3,188.744,cubic,"['B', 'Lu', 'Rh']",3
mp-3826,Ce(SiPd)2,124.834,tet,"['Ce', 'Pd', 'Si']",3
mp-3702,FeCuPt2,197.434,tet,"['Cu', 'Fe', 'Pt']",3
mp-3689,NdCo4B,157.015,hex_,"['B', 'Co', 'Nd']",3
mp-3648,Zn2CuAu,112.628,cubic,"['Au', 'Cu', 'Zn']",3
mp-3726,Li2GaPt,82.351,cubic,"['Ga', 'Li', 'Pt']",3
mp-3791,ScCo2Sn,137.52,cubic,"['Co', 'Sc', 'Sn']",3
mp-3693,HoBPd3,145.69,cubic,"['B', 'Ho', 'Pd']",3
mp-3678,Tb(SiRu)2,152.051,tet,"['Ru', 'Si', 'Tb']",3
mp-3709,Tb(CoGe)2,131.45,tet,"['Co', 'Ge', 'Tb']",3
mp-3710,HoBRh3,184.167,cubic,"['B', 'Ho', 'Rh']",3
mp-3657,TiCo2Si,206.714,cubic,"['Co', 'Si', 'Ti']",3
mp-3736,ZrAlCu2,127.356,cubic,"['Al', 'Cu', 'Zr']",3
mp-3854,Y(MnSi)2,125.819,tet,"['Mn', 'Si', 'Y']",3
mp-3909,ZrAlCo2,162.789,cubic,"['Al', 'Co', 'Zr']",3
mp-3895,Ho(SiRh)2,156.376,tet,"['Ho', 'Rh', 'Si']",3
mp-3896,Y(SiIr)2,179.899,tet,"['Ir', 'Si', 'Y']",3
mp-3944,ZrAlNi2,151.414,cubic,"['Al', 'Ni', 'Zr']",3
mp-3958,Er(SiOs)2,175.465,tet,"['Er', 'Os', 'Si']",3
mp-3942,TmSnPd2,113.153,cubic,"['Pd', 'Sn', 'Tm']",3
mp-3950,ErInCu,76.827,hex_,"['Cu', 'Er', 'In']",3
mp-4007,Nd(SiNi)2,147.126,tet,"['Nd', 'Ni', 'Si']",3
mp-4022,Zr2CoSi2,167.087,mono,"['Co', 'Si', 'Zr']",3
mp-3999,Y(SiPt)2,144.639,tet,"['Pt', 'Si', 'Y']",3
mp-4014,Pr(CuSi)2,108.486,tet,"['Cu', 'Pr', 'Si']",3
mp-4025,TmNiSb,91.824,cubic,"['Ni', 'Sb', 'Tm']",3
mp-4013,Nd(SiRu)2,134.593,tet,"['Nd', 'Ru', 'Si']",3
mp-7930,Zr3(Cu2Si)2,132.377,hex_,"['Cu', 'Si', 'Zr']",3
mp-8048,NdNi4B,140.198,hex_,"['B', 'Nd', 'Ni']",3
mp-8093,Ba2Cd,14.827,tet,"['Ba', 'Cd']",2
mp-8122,ErCuSi,97.809,hex_,"['Cu', 'Er', 'Si']",3
mp-8150,Ba(CdSb)2,35.993,trig,"['Ba', 'Cd', 'Sb']",3
mp-8126,YCuSi,93.076,hex_,"['Cu', 'Si', 'Y']",3
mp-8125,LuCuSi,100.492,hex_,"['Cu', 'Lu', 'Si']",3
mp-8094,Ba2Hg,16.104,tet,"['Ba', 'Hg']",2
mp-8053,YCo,73.704,ortho,"['Co', 'Y']",2
mp-8123,TmCuSi,98.396,hex_,"['Cu', 'Si', 'Tm']",3
mp-8307,CaNi4B,132.728,hex_,"['B', 'Ca', 'Ni']",3
mp-8320,SmScSi,69.1,tet,"['Sc', 'Si', 'Sm']",3
mp-8375,Th(SiTc)2,151.246,tet,"['Si', 'Tc', 'Th']",3
mp-8308,Ca3Ni7B2,102.596,trig,"['B', 'Ca', 'Ni']",3
mp-8487,CaSbPt,81.669,ortho,"['Ca', 'Pt', 'Sb']",3
mp-8431,Ca(BRh)2,151.502,ortho,"['B', 'Ca', 'Rh']",3
mp-8462,Hf3Al2,116.6,tet,"['Al', 'Hf']",2
mp-8468,Sr(SbPd)2,76.461,tet,"['Pd', 'Sb', 'Sr']",3
mp-8535,ErSi2Rh3,171.529,ortho,"['Er', 'Rh', 'Si']",3
mp-8528,Tm(SiRh)2,157.698,tet,"['Rh', 'Si', 'Tm']",3
mp-8606,BaSbPt,57.332,hex_,"['Ba', 'Pt', 'Sb']",3
mp-8605,SrSbPt,58.536,hex_,"['Pt', 'Sb', 'Sr']",3
mp-8700,K2Au3,33.183,ortho,"['Au', 'K']",2
mp-8675,HgPd,103.076,cubic,"['Hg', 'Pd']",2
mp-8742,DyCoSi2,127.501,ortho,"['Co', 'Dy', 'Si']",3
mp-8648,TiFeSi,187.835,ortho,"['Fe', 'Si', 'Ti']",3
mp-8654,PrSiRu,77.836,tet,"['Pr', 'Ru', 'Si']",3
mp-8771,Lu2(NiB2)3,202.613,ortho,"['B', 'Lu', 'Ni']",3
mp-8772,ScB12,218.18,cubic,"['B', 'Sc']",2
mp-8843,SrSiPd,68.756,cubic,"['Pd', 'Si', 'Sr']",3
mp-8842,CaSiPd,65.66,mono,"['Ca', 'Pd', 'Si']",3
mp-8937,CrSi2,189.969,tet,"['Cr', 'Si']",2
mp-8939,Si2W,220.371,hex_,"['Si', 'W']",2
mp-8938,Si2Mo,207.258,hex_,"['Mo', 'Si']",2
mp-8895,Ca2B4Rh5,156.278,ortho,"['B', 'Ca', 'Rh']",3
mp-8896,Sr2B4Rh5,146.854,ortho,"['B', 'Rh', 'Sr']",3
mp-8982,CaSiPt,61.333,mono,"['Ca', 'Pt', 'Si']",3
mp-9023,ScSiAu,113.183,hex_,"['Au', 'Sc', 'Si']",3
mp-9164,ThSiAu,119.857,hex_,"['Au', 'Si', 'Th']",3
mp-9025,YSiAu,92.683,hex_,"['Au', 'Si', 'Y']",3
mp-8983,CaSiPt,102.152,ortho,"['Ca', 'Pt', 'Si']",3
mp-9177,Y2Al3Si2,86.1,mono,"['Al', 'Si', 'Y']",3
mp-9225,ScSiPt,149.146,ortho,"['Pt', 'Sc', 'Si']",3
mp-9208,V2B3,279.124,ortho,"['B', 'V']",2
mp-9223,ScGeRu,147.039,hex_,"['Ge', 'Ru', 'Sc']",3
mp-9257,Yb(CdSb)2,40.555,trig,"['Cd', 'Sb', 'Yb']",3
mp-9274,Rb3Sb2Au3,15.491,trig,"['Au', 'Rb', 'Sb']",3
mp-9387,TbCuGe,86.002,hex_,"['Cu', 'Ge', 'Tb']",3
mp-9350,ScGeAu,100.236,hex_,"['Au', 'Ge', 'Sc']",3
mp-9389,HoCuGe,89.851,hex_,"['Cu', 'Ge', 'Ho']",3
mp-9351,LuGeAu,95.16,hex_,"['Au', 'Ge', 'Lu']",3
mp-9472,LiAg2Ge,64.676,cubic,"['Ag', 'Ge', 'Li']",3
mp-9440,YbAgSb,53.668,ortho,"['Ag', 'Sb', 'Yb']",3
mp-9487,USiAu,105.688,hex_,"['Au', 'Si', 'U']",3
mp-9437,NbFeSb,164.016,cubic,"['Fe', 'Nb', 'Sb']",3
mp-9463,ZrGeSb,98.407,tet,"['Ge', 'Sb', 'Zr']",3
mp-9527,NdMnSi2,106.828,ortho,"['Mn', 'Nd', 'Si']",3
mp-9550,ScMnSi,117.52,hex_,"['Mn', 'Sc', 'Si']",3
mp-9556,SrZnSi,49.807,hex_,"['Si', 'Sr', 'Zn']",3
mp-9549,ScFeGe,98.654,hex_,"['Fe', 'Ge', 'Sc']",3
mp-9827,RbHg2,10.747,ortho,"['Hg', 'Rb']",2
mp-9835,CoSb2,99.768,ortho,"['Co', 'Sb']",2
mp-9776,YbAgGe,60.397,hex_,"['Ag', 'Ge', 'Yb']",3
mp-9768,BaSb2Pd,54.789,ortho,"['Ba', 'Pd', 'Sb']",3
mp-9906,Y(Re2Si)2,238.54,tet,"['Re', 'Si', 'Y']",3
mp-9873,EuZnGe,52.444,hex_,"['Eu', 'Ge', 'Zn']",3
mp-9916,NbCrSi,209.159,hex_,"['Cr', 'Nb', 'Si']",3
mp-9919,LiZnSb,46.251,hex_,"['Li', 'Sb', 'Zn']",3
mp-9902,Sc2CoSi2,120.146,mono,"['Co', 'Sc', 'Si']",3
mp-9939,Hf2Ge,133.014,tet,"['Ge', 'Hf']",2
mp-9938,Hf2Si,141.732,tet,"['Hf', 'Si']",2
mp-9951,MnNbGe,182.253,hex_,"['Ge', 'Mn', 'Nb']",3
mp-9970,ScGe,89.435,ortho,"['Ge', 'Sc']",2
mp-9969,ScSi,101.131,ortho,"['Sc', 'Si']",2
mp-9971,YGe,78.14,ortho,"['Ge', 'Y']",2
mp-9999,Ni(BMo)2,308.058,ortho,"['B', 'Mo', 'Ni']",3
mp-10015,SiOs,290.957,cubic,"['Os', 'Si']",2
mp-10003,Nb4CoSi,194.139,tet,"['Co', 'Nb', 'Si']",3
mp-10025,SiRu2,256.319,ortho,"['Ru', 'Si']",2
mp-9973,VB,268.991,ortho,"['B', 'V']",2
mp-10010,Al(CoSi)2,187.321,trig,"['Al', 'Co', 'Si']",3
mp-9972,YSi,89.203,ortho,"['Si', 'Y']",2
mp-9985,NbNiB,230.082,ortho,"['B', 'Nb', 'Ni']",3
mp-10057,VCoB3,296.493,ortho,"['B', 'Co', 'V']",3
mp-10065,UFe3B2,256.215,hex_,"['B', 'Fe', 'U']",3
mp-10056,UCo3B2,479.093,hex_,"['B', 'Co', 'U']",3
mp-10078,TbTiGe,83.674,tet,"['Ge', 'Tb', 'Ti']",3
mp-10058,YbCo3B2,188.619,hex_,"['B', 'Co', 'Yb']",3
mp-10059,ZrCo3B2,244.042,hex_,"['B', 'Co', 'Zr']",3
mp-10076,Hf3(NiGe)4,157.766,ortho,"['Ge', 'Hf', 'Ni']",3
mp-10055,Co2B4Mo,312.139,ortho,"['B', 'Co', 'Mo']",3
mp-10060,DyBPd3,143.573,cubic,"['B', 'Dy', 'Pd']",3
mp-10061,ErBPd3,146.762,cubic,"['B', 'Er', 'Pd']",3
mp-10063,CdSnSb2,36.646,tet,"['Cd', 'Sb', 'Sn']",3
mp-10142,Ta3B4,294.112,ortho,"['B', 'Ta']",2
mp-10110,SiRh,209.057,cubic,"['Rh', 'Si']",2
mp-10113,ScBIr3,242.814,cubic,"['B', 'Ir', 'Sc']",3
mp-10132,UB2Os3,295.443,hex_,"['B', 'Os', 'U']",3
mp-10118,Mn3B4,237.291,ortho,"['B', 'Mn']",2
mp-10125,SbIr,160.755,hex_,"['Ir', 'Sb']",2
mp-10120,NdBPd3,134.869,cubic,"['B', 'Nd', 'Pd']",3
mp-10115,ThB2Ir3,255.394,hex_,"['B', 'Ir', 'Th']",3
mp-10133,Sc3BPb,79.042,cubic,"['B', 'Pb', 'Sc']",3
mp-10135,YbBPd3,128.223,cubic,"['B', 'Pd', 'Yb']",3
mp-10136,Ti2ReB2,251.582,tet,"['B', 'Re', 'Ti']",3
mp-10134,TmBPd3,147.36,cubic,"['B', 'Pd', 'Tm']",3
mp-10139,Sc3SnB,83.179,cubic,"['B', 'Sc', 'Sn']",3
mp-10140,Sc3TlB,76.574,cubic,"['B', 'Sc', 'Tl']",3
mp-10161,KZnSb,24.144,hex_,"['K', 'Sb', 'Zn']",3
mp-10143,TiB,102.537,cubic,"['B', 'Ti']",2
mp-10181,LiSiNi2,149.838,cubic,"['Li', 'Ni', 'Si']",3
mp-10183,MgSbPd,79.924,cubic,"['Mg', 'Pd', 'Sb']",3
mp-10154,MnSbIr,131.258,cubic,"['Ir', 'Mn', 'Sb']",3
mp-10180,Li2SbPd,68.437,cubic,"['Li', 'Pd', 'Sb']",3
mp-10144,B2W,321.856,hex_,"['B', 'W']",2
mp-10162,La3Si2,58.118,tet,"['La', 'Si']",2
mp-10212,ScGe2,80.354,ortho,"['Ge', 'Sc']",2
mp-10194,LuSbPt,104.751,cubic,"['Lu', 'Pt', 'Sb']",3
mp-10184,MgSbPt,88.916,cubic,"['Mg', 'Pt', 'Sb']",3
mp-10201,Ge2Mo,171.888,tet,"['Ge', 'Mo']",2
mp-10214,Y2GeRh3,136.722,trig,"['Ge', 'Rh', 'Y']",3
mp-10200,ZrBeSi,138.583,hex_,"['Be', 'Si', 'Zr']",3
mp-10213,YGe2,68.32,tet,"['Ge', 'Y']",2
mp-10245,Hf3(CuSi)4,155.079,ortho,"['Cu', 'Hf', 'Si']",3
mp-10244,Zr3(CuSi)4,148.032,ortho,"['Cu', 'Si', 'Zr']",3
mp-10261,TiNi2Sb,137.552,cubic,"['Ni', 'Sb', 'Ti']",3
mp-10255,Nb3B4,274.679,ortho,"['B', 'Nb']",2
mp-10260,Ni3Sb,166.012,cubic,"['Ni', 'Sb']",2
mp-10284,YSi3Ni,120.066,ortho,"['Ni', 'Si', 'Y']",3
mp-10311,ZrVGe,144.113,tet,"['Ge', 'V', 'Zr']",3
mp-10381,K2CuSb,17.39,ortho,"['Cu', 'K', 'Sb']",3
mp-10398,HoNi4B,150.211,hex_,"['B', 'Ho', 'Ni']",3
mp-10366,Nb2Co3Si,225.621,hex_,"['Co', 'Nb', 'Si']",3
mp-10367,HfSbRh,104.089,cubic,"['Hf', 'Rh', 'Sb']",3
mp-10435,Y(AlSi)2,77.086,trig,"['Al', 'Si', 'Y']",3
mp-10312,HfVGe,154.643,tet,"['Ge', 'Hf', 'V']",3
mp-10394,CrCoGe,183.828,hex_,"['Co', 'Cr', 'Ge']",3
mp-10379,Hf3(Cu2Ge)2,137.085,hex_,"['Cu', 'Ge', 'Hf']",3
mp-10443,YbSiAu,80.541,ortho,"['Au', 'Si', 'Yb']",3
mp-10455,YTiGe,82.596,tet,"['Ge', 'Ti', 'Y']",3
mp-10469,NbSiPt,215.103,ortho,"['Nb', 'Pt', 'Si']",3
mp-10463,YCo4B,173.919,hex_,"['B', 'Co', 'Y']",3
mp-10470,NbSiRh,221.086,ortho,"['Nb', 'Rh', 'Si']",3
mp-10453,Lu(SiRu)2,160.669,tet,"['Lu', 'Ru', 'Si']",3
mp-10456,HfSiPt,192.495,ortho,"['Hf', 'Pt', 'Si']",3
mp-10457,HfSiPd,169.282,ortho,"['Hf', 'Pd', 'Si']",3
mp-10521,Y(AlGe)2,70.326,trig,"['Al', 'Ge', 'Y']",3
mp-10527,Y2AlSi2,84.925,ortho,"['Al', 'Si', 'Y']",3
mp-10598,CuSn,76.069,hex_,"['Cu', 'Sn']",2
mp-10624,USbRh,134.411,cubic,"['Rh', 'Sb', 'U']",3
mp-10626,Yb(SiRh)2,129.084,tet,"['Rh', 'Si', 'Yb']",3
mp-10638,ZrSb,94.274,ortho,"['Sb', 'Zr']",2
mp-10623,ThSbRh,112.537,cubic,"['Rh', 'Sb', 'Th']",3
mp-10685,CdCuSb,55.365,cubic,"['Cd', 'Cu', 'Sb']",3
mp-10676,Sc2AlSi2,101.354,tet,"['Al', 'Sc', 'Si']",3
mp-10686,Li2CdGe,40.135,cubic,"['Cd', 'Ge', 'Li']",3
mp-10697,Sr(GeRh)2,80.352,tet,"['Ge', 'Rh', 'Sr']",3
mp-10744,Si3Pt2,161.294,hex_,"['Pt', 'Si']",2
mp-10746,Mg2Cu3Si,96.222,hex_,"['Cu', 'Mg', 'Si']",3
mp-10711,VSi2,175.432,hex_,"['Si', 'V']",2
mp-10698,Ba(GeRh)2,65.958,tet,"['Ba', 'Ge', 'Rh']",3
mp-10756,VFeSb,83.654,cubic,"['Fe', 'Sb', 'V']",3
mp-10749,SrCuSb,47.985,hex_,"['Cu', 'Sb', 'Sr']",3
mp-10755,TiFeSb,119.461,cubic,"['Fe', 'Sb', 'Ti']",3
mp-10797,CaSiNi2,78.964,hex_,"['Ca', 'Ni', 'Si']",3
mp-10873,ScAlAu2,114.629,cubic,"['Al', 'Au', 'Sc']",3
mp-10876,Ca3Al7Cu2,70.706,trig,"['Al', 'Ca', 'Cu']",3
mp-10885,AlCrNi2,160.697,cubic,"['Al', 'Cr', 'Ni']",3
mp-10884,AlFeCo2,187.706,cubic,"['Al', 'Co', 'Fe']",3
mp-10877,Ca(Al2Cu)4,81.186,tet,"['Al', 'Ca', 'Cu']",3
mp-10871,AlAu,108.705,cubic,"['Al', 'Au']",2
mp-10878,Ca(MnAl2)4,32.632,tet,"['Al', 'Ca', 'Mn']",3
mp-10872,HfAlAu2,142.057,cubic,"['Al', 'Au', 'Hf']",3
mp-10883,AlCrCo2,199.303,cubic,"['Al', 'Co', 'Cr']",3
mp-10905,Al3Pt2,150.267,trig,"['Al', 'Pt']",2
mp-10893,MnAlPt2,179.073,cubic,"['Al', 'Mn', 'Pt']",3
mp-10889,La3Al,33.748,cubic,"['Al', 'La']",2
mp-10887,HfAlCu2,134.159,cubic,"['Al', 'Cu', 'Hf']",3
mp-10909,AlRe2,244.694,tet,"['Al', 'Re']",2
mp-10898,ScAlNi2,129.687,cubic,"['Al', 'Ni', 'Sc']",3
mp-10899,AlVNi2,167.301,cubic,"['Al', 'Ni', 'V']",3
mp-10895,Mn2AlV,185.386,cubic,"['Al', 'Mn', 'V']",3
mp-10891,MnAlPd2,145.343,cubic,"['Al', 'Mn', 'Pd']",3
mp-10894,MnAlRh2,185.161,cubic,"['Al', 'Mn', 'Rh']",3
mp-10908,AlRe,218.955,cubic,"['Al', 'Re']",2
mp-10911,Sc2Al3Ru,111.883,hex_,"['Al', 'Ru', 'Sc']",3
mp-10910,Al2Ru,166.651,ortho,"['Al', 'Ru']",2
mp-10892,MnAlPt,102.361,hex_,"['Al', 'Mn', 'Pt']",3
mp-10901,Al3Pd2,127.891,trig,"['Al', 'Pd']",2
mp-10904,AlPt,179.259,cubic,"['Al', 'Pt']",2
mp-10886,Al3Cu2,97.903,trig,"['Al', 'Cu']",2
mp-10896,Y(MnAl2)4,30.177,tet,"['Al', 'Mn', 'Y']",3
mp-10897,PrAl2Ni3,108.679,hex_,"['Al', 'Ni', 'Pr']",3
mp-10903,AlPt,184.169,cubic,"['Al', 'Pt']",2
mp-10965,DyAgSb2,67.671,tet,"['Ag', 'Dy', 'Sb']",3
mp-11038,Zr6Al2Fe,101.192,hex_,"['Al', 'Fe', 'Zr']",3
mp-11073,Ti3In3Rh2,123.289,hex_,"['In', 'Rh', 'Ti']",3
mp-11029,Y(Al2Cu)4,104.534,tet,"['Al', 'Cu', 'Y']",3
mp-11091,NdMgPt,77.781,hex_,"['Mg', 'Nd', 'Pt']",3
mp-11104,HoInRh,98.675,hex_,"['Ho', 'In', 'Rh']",3
mp-11192,TaSi2,184.679,hex_,"['Si', 'Ta']",2
mp-11191,CrSi2,194.648,hex_,"['Cr', 'Si']",2
mp-11176,Ca3(SiIr)4,131.909,cubic,"['Ca', 'Ir', 'Si']",3
mp-11202,Y6FeSb2,60.461,hex_,"['Fe', 'Sb', 'Y']",3
mp-11220,Sc2Al,70.371,hex_,"['Al', 'Sc']",2
mp-11194,NdMgNi4,122.846,cubic,"['Mg', 'Nd', 'Ni']",3
mp-11201,Sc6FeSb2,71.045,hex_,"['Fe', 'Sb', 'Sc']",3
mp-11190,VSi2,174.655,hex_,"['Si', 'V']",2
mp-11228,YAl,53.421,ortho,"['Al', 'Y']",2
mp-11227,Al12W,92.968,cubic,"['Al', 'W']",2
mp-11235,SmMg2Ag,47.298,cubic,"['Ag', 'Mg', 'Sm']",3
mp-11248,LiAu3,98.057,cubic,"['Au', 'Li']",2
mp-11249,LuAu,96.113,cubic,"['Au', 'Lu']",2
mp-11261,YAu,83.993,cubic,"['Au', 'Y']",2
mp-11247,Li3Au,33.973,cubic,"['Au', 'Li']",2
mp-11259,TiAu,133.377,cubic,"['Au', 'Ti']",2
mp-11230,Y2Al,54.836,ortho,"['Al', 'Y']",2
mp-11252,MnAu2,121.429,tet,"['Au', 'Mn']",2
mp-11232,YAl3,32.234,hex_,"['Al', 'Y']",2
mp-11229,YAl,63.427,cubic,"['Al', 'Y']",2
mp-11260,Ti3Au,134.279,cubic,"['Au', 'Ti']",2
mp-11234,PrMg2Ag,45.818,cubic,"['Ag', 'Mg', 'Pr']",3
mp-11251,Mg3Au,43.494,hex_,"['Au', 'Mg']",2
mp-11243,ErAu,85.251,ortho,"['Au', 'Er']",2
mp-11239,ZrAg,105.282,tet,"['Ag', 'Zr']",2
mp-11237,ScAg,80.1,cubic,"['Ag', 'Sc']",2
mp-11256,ScAu,103.841,cubic,"['Au', 'Sc']",2
mp-11231,YAl3,75.089,cubic,"['Al', 'Y']",2
mp-11233,ZrAl,108.913,ortho,"['Al', 'Zr']",2
mp-11236,MgZnAg2,75.529,cubic,"['Ag', 'Mg', 'Zn']",3
mp-11279,TiBe,124.845,cubic,"['Be', 'Ti']",2
mp-11274,BePd,173.217,cubic,"['Be', 'Pd']",2
mp-11266,BaCd2,26.527,ortho,"['Ba', 'Cd']",2
mp-11282,Be2W,217.897,hex_,"['Be', 'W']",2
mp-11278,Ta2Be,185.869,tet,"['Be', 'Ta']",2
mp-11272,Be2Nb3,166.723,tet,"['Be', 'Nb']",2
mp-11269,BaSn3Pd,55.006,tet,"['Ba', 'Pd', 'Sn']",3
mp-11280,TiBe12,122.106,hex_,"['Be', 'Ti']",2
mp-11273,Be3Nb,153.691,trig,"['Be', 'Nb']",2
mp-11263,Zr3Au,117.118,cubic,"['Au', 'Zr']",2
mp-11281,Be2V,158.028,hex_,"['Be', 'V']",2
mp-11276,BeRh,207.982,cubic,"['Be', 'Rh']",2
mp-11283,ZrBe5,126.39,hex_,"['Be', 'Zr']",2
mp-11275,Be2Re,241.539,hex_,"['Be', 'Re']",2
mp-11267,BaHg2,23.258,hex_,"['Ba', 'Hg']",2
mp-11277,ScBe5,108.626,hex_,"['Be', 'Sc']",2
mp-11287,CaHg2,38.37,hex_,"['Ca', 'Hg']",2
mp-11288,Ca3Hg2,30.44,tet,"['Ca', 'Hg']",2
mp-11285,Ca3(GaNi)4,59.548,cubic,"['Ca', 'Ga', 'Ni']",3
mp-11286,CaHg,36.327,cubic,"['Ca', 'Hg']",2
mp-11299,Cd2Hg,37.856,tet,"['Cd', 'Hg']",2
mp-11302,HoCd3,56.766,ortho,"['Cd', 'Ho']",2
mp-11307,MgCd,42.673,ortho,"['Cd', 'Mg']",2
mp-11313,ZrCd3,78.411,cubic,"['Cd', 'Zr']",2
mp-11293,ZrCdCu2,113.193,cubic,"['Cd', 'Cu', 'Zr']",3
mp-11300,TiCdHg2,72.925,tet,"['Cd', 'Hg', 'Ti']",3
mp-11304,Li2CdPb,32.005,cubic,"['Cd', 'Li', 'Pb']",3
mp-11322,ZrSi,142.355,ortho,"['Si', 'Zr']",2
mp-11301,HoCd2,57.077,hex_,"['Cd', 'Ho']",2
mp-11294,DyCd2,57.069,hex_,"['Cd', 'Dy']",2
mp-11309,NbCd3,93.666,cubic,"['Cd', 'Nb']",2
mp-11363,TbCu5,109.637,hex_,"['Cu', 'Tb']",2
mp-11359,Ga2Cu,70.807,tet,"['Cu', 'Ga']",2
mp-11385,YFe5,119.682,hex_,"['Fe', 'Y']",2
mp-11364,TiCu,129.327,cubic,"['Cu', 'Ti']",2
mp-11375,EuHg,41.48,cubic,"['Eu', 'Hg']",2
mp-11382,NdFe5,102.413,hex_,"['Fe', 'Nd']",2
mp-11360,ScGaCu2,107.905,cubic,"['Cu', 'Ga', 'Sc']",3
mp-11350,CaAl9Co2,87.08,hex_,"['Al', 'Ca', 'Co']",3
mp-11369,ErHg2,66.229,hex_,"['Er', 'Hg']",2
mp-11351,CeAlNi,87.249,hex_,"['Al', 'Ce', 'Ni']",3
mp-11358,TaCo3,242.198,cubic,"['Co', 'Ta']",2
mp-11367,DyHg2,63.191,hex_,"['Dy', 'Hg']",2
mp-11361,MgCuSn,78.29,cubic,"['Cu', 'Mg', 'Sn']",3
mp-11366,ZrZnCu2,121.262,cubic,"['Cu', 'Zn', 'Zr']",3
mp-11413,ScGa2,75.019,ortho,"['Ga', 'Sc']",2
mp-11397,Ga3Ni2,118.283,trig,"['Ga', 'Ni']",2
mp-11393,Nb3Ga2,167.906,tet,"['Ga', 'Nb']",2
mp-11435,Er(TiGa2)2,98.06,tet,"['Er', 'Ga', 'Ti']",3
mp-11431,CaGa3Ni2,90.845,ortho,"['Ca', 'Ga', 'Ni']",3
mp-11401,ScGa2Ni,101.551,ortho,"['Ga', 'Ni', 'Sc']",3
mp-11412,ScGa2,79.908,ortho,"['Ga', 'Sc']",2
mp-11416,TaGa3,125.826,tet,"['Ga', 'Ta']",2
mp-11407,GaPt3,215.396,cubic,"['Ga', 'Pt']",2
mp-11400,ScGaNi2,128.473,cubic,"['Ga', 'Ni', 'Sc']",3
mp-11392,TmGa2Pd,100.437,ortho,"['Ga', 'Pd', 'Tm']",3
mp-11430,Ca3Al7Ag2,62.159,trig,"['Ag', 'Al', 'Ca']",3
mp-11387,HfGa3,100.608,tet,"['Ga', 'Hf']",2
mp-11411,ScGa,76.65,ortho,"['Ga', 'Sc']",2
mp-11388,GaIr,215.702,cubic,"['Ga', 'Ir']",2
mp-11436,Er(VGa2)2,115.021,tet,"['Er', 'Ga', 'V']",3
mp-11455,HfPt,179.474,cubic,"['Hf', 'Pt']",2
mp-11444,YGa2Ni,91.18,ortho,"['Ga', 'Ni', 'Y']",3
mp-11460,HfTc,188.407,cubic,"['Hf', 'Tc']",2
mp-11457,HfRh,180.032,cubic,"['Hf', 'Rh']",2
mp-11445,Y(TiGa2)2,94.316,tet,"['Ga', 'Ti', 'Y']",3
mp-11453,HfPd3,178.957,hex_,"['Hf', 'Pd']",2
mp-11467,NdHg,55.951,cubic,"['Hg', 'Nd']",2
mp-11470,Hg2Pt,82.793,tet,"['Hg', 'Pt']",2
mp-11461,HoHg2,63.968,hex_,"['Hg', 'Ho']",2
mp-11452,HfOs,225.228,cubic,"['Hf', 'Os']",2
mp-11465,Mg5Hg3,42.841,hex_,"['Hg', 'Mg']",2
mp-11456,HfPt3,230.018,hex_,"['Hf', 'Pt']",2
mp-11468,NdHg2,55.521,hex_,"['Hg', 'Nd']",2
mp-11449,HfMn2,357.683,hex_,"['Hf', 'Mn']",2
mp-11441,Hf2Ga3,116.63,ortho,"['Ga', 'Hf']",2
mp-11469,PrHg,54.378,cubic,"['Hg', 'Pr']",2
mp-11454,Hf2Pd,136.094,tet,"['Hf', 'Pd']",2
mp-11464,MgHg2,40.223,tet,"['Hg', 'Mg']",2
mp-11466,NaHg2,18.769,hex_,"['Hg', 'Na']",2
mp-11481,MoIr,309.568,ortho,"['Ir', 'Mo']",2
mp-11476,HoIr,137.797,cubic,"['Ho', 'Ir']",2
mp-11472,SrHg2,30.199,hex_,"['Hg', 'Sr']",2
mp-11471,ScHg,76.842,cubic,"['Hg', 'Sc']",2
mp-11496,LuZn,67.899,cubic,"['Lu', 'Zn']",2
mp-11482,MoIr3,337.003,hex_,"['Ir', 'Mo']",2
mp-11484,ZrIr,191.238,cubic,"['Ir', 'Zr']",2
mp-11478,GaAg,65.386,cubic,"['Ag', 'Ga']",2
mp-20281,DySiIr,146.12,ortho,"['Dy', 'Ir', 'Si']",3
mp-11492,LuNi2Sn,100.82,cubic,"['Lu', 'Ni', 'Sn']",3
mp-11488,LaTl,46.826,cubic,"['La', 'Tl']",2
mp-11490,Li2ZnSn,37.548,cubic,"['Li', 'Sn', 'Zn']",3
mp-11480,MnSnIr,116.067,cubic,"['Ir', 'Mn', 'Sn']",3
mp-11486,Y2(Al3Co)3,106.898,ortho,"['Al', 'Co', 'Y']",3
mp-11489,Li3Pd,36.429,cubic,"['Li', 'Pd']",2
mp-11500,MnNi,149.255,cubic,"['Mn', 'Ni']",2
mp-11499,YMg2,42.792,hex_,"['Mg', 'Y']",2
mp-11487,LaPt3,138.513,cubic,"['La', 'Pt']",2
mp-20290,TbCuPb,69.232,hex_,"['Cu', 'Pb', 'Tb']",3
mp-20333,PrMnSi,53.092,tet,"['Mn', 'Pr', 'Si']",3
mp-20318,Mn2B,301.039,tet,"['B', 'Mn']",2
mp-20338,CeAl3Ni2,114.955,hex_,"['Al', 'Ce', 'Ni']",3
mp-20354,MgMnGe,77.255,tet,"['Ge', 'Mg', 'Mn']",3
mp-20358,UInAu2,35.525,cubic,"['Au', 'In', 'U']",3
mp-20363,LiGa2Pt,103.688,cubic,"['Ga', 'Li', 'Pt']",3
mp-20373,Co3B,241.093,ortho,"['B', 'Co']",2
mp-20344,Fe3Ge,175.908,cubic,"['Fe', 'Ge']",2
mp-20389,Na2CdPb,23.527,cubic,"['Cd', 'Na', 'Pb']",3
mp-20400,Ce(GePt)2,122.45,tet,"['Ce', 'Ge', 'Pt']",3
mp-20432,Fe2Ge,141.838,hex_,"['Fe', 'Ge']",2
mp-20453,TiCoSn,78.539,cubic,"['Co', 'Sn', 'Ti']",3
mp-20401,HfCuSi2,139.708,tet,"['Cu', 'Hf', 'Si']",3
mp-20436,TaSiRh,234.349,ortho,"['Rh', 'Si', 'Ta']",3
mp-20440,MnNi2Sn,141.181,cubic,"['Mn', 'Ni', 'Sn']",3
mp-20405,V2Ga5,113.09,tet,"['Ga', 'V']",2
mp-20418,SiRh2,220.895,ortho,"['Rh', 'Si']",2
mp-20487,La3Ga,40.212,cubic,"['Ga', 'La']",2
mp-20473,Mn2Ge,137.679,hex_,"['Ge', 'Mn']",2
mp-20466,Sn7Ir5,135.271,tet,"['Ir', 'Sn']",2
mp-20497,SrIn2Ir,58.263,ortho,"['In', 'Ir', 'Sr']",3
mp-20490,NdNiSn,82.249,ortho,"['Nd', 'Ni', 'Sn']",3
mp-20491,LaInCu2,70.523,cubic,"['Cu', 'In', 'La']",3
mp-20481,MnSnPd2,129.866,cubic,"['Mn', 'Pd', 'Sn']",3
mp-20479,SrIn4Ni,47.444,ortho,"['In', 'Ni', 'Sr']",3
mp-20492,ScSiRh,147.712,ortho,"['Rh', 'Sc', 'Si']",3
mp-20512,FeSn,90.749,hex_,"['Fe', 'Sn']",2
mp-20533,SrIn2Pt,55.359,ortho,"['In', 'Pt', 'Sr']",3
mp-20536,CoSn,125.544,hex_,"['Co', 'Sn']",2
mp-20522,TmAgPb,66.924,hex_,"['Ag', 'Pb', 'Tm']",3
mp-20542,Pr(MnGe)2,100.458,tet,"['Ge', 'Mn', 'Pr']",3
mp-20521,ScInPt2,141.942,cubic,"['In', 'Pt', 'Sc']",3
mp-20523,HfNiSn,98.071,cubic,"['Hf', 'Ni', 'Sn']",3
mp-20531,NdCoGe,57.838,tet,"['Co', 'Ge', 'Nd']",3
mp-20557,YSiNi,104.111,ortho,"['Ni', 'Si', 'Y']",3
mp-20596,U(SiNi)2,186.818,tet,"['Ni', 'Si', 'U']",3
mp-20565,MnCoGe,149.075,hex_,"['Co', 'Ge', 'Mn']",3
mp-20582,LaIn,49.919,cubic,"['In', 'La']",2
mp-20627,YbGa5Co,66.775,tet,"['Co', 'Ga', 'Yb']",3
mp-20567,LiGa2Ru,115.246,cubic,"['Ga', 'Li', 'Ru']",3
mp-20599,PdPb2,65.662,tet,"['Pb', 'Pd']",2
mp-20618,Y2Co3Si5,142.289,ortho,"['Co', 'Si', 'Y']",3
mp-20619,SbRh,133.533,ortho,"['Rh', 'Sb']",2
mp-20590,La3InB,44.762,cubic,"['B', 'In', 'La']",3
mp-20586,VCo2Si,216.418,cubic,"['Co', 'Si', 'V']",3
mp-20622,SiPd3,160.007,ortho,"['Pd', 'Si']",2
mp-20664,Mn2Sb,82.893,tet,"['Mn', 'Sb']",2
mp-20662,Sn4Pt,60.455,ortho,"['Pt', 'Sn']",2
mp-20697,ZrNiSb,133.345,ortho,"['Ni', 'Sb', 'Zr']",3
mp-20690,NdFeSi,86.25,tet,"['Fe', 'Nd', 'Si']",3
mp-20695,Zr3In,96.578,cubic,"['In', 'Zr']",2
mp-20685,Cr3Ge,229.213,cubic,"['Cr', 'Ge']",2
mp-20689,Nb3B2,241.544,tet,"['B', 'Nb']",2
mp-20663,TmCuPb,68.88,hex_,"['Cu', 'Pb', 'Tm']",3
mp-20714,FeSb2,91.182,ortho,"['Fe', 'Sb']",2
mp-20711,Fe3Ge,142.782,cubic,"['Fe', 'Ge']",2
mp-20744,ZrInNi2,140.627,cubic,"['In', 'Ni', 'Zr']",3
mp-20730,HfCo2Sn,161.751,cubic,"['Co', 'Hf', 'Sn']",3
mp-20757,MnAlGe,111.84,tet,"['Al', 'Ge', 'Mn']",3
mp-20729,LaIn3,49.718,cubic,"['In', 'La']",2
mp-20760,La2In,39.889,hex_,"['In', 'La']",2
mp-20733,ErSiIr,151.348,ortho,"['Er', 'Ir', 'Si']",3
mp-20738,FeSi2,185.12,tet,"['Fe', 'Si']",2
mp-20761,LaCoGe,61.994,tet,"['Co', 'Ge', 'La']",3
mp-20768,ZnFeSb,57.711,cubic,"['Fe', 'Sb', 'Zn']",3
mp-20766,CeCuGe,81.668,hex_,"['Ce', 'Cu', 'Ge']",3
mp-20801,LiIn2Pd,67.719,cubic,"['In', 'Li', 'Pd']",3
mp-20787,FeB,280.84,ortho,"['B', 'Fe']",2
mp-20777,SmCoGe,100.361,ortho,"['Co', 'Ge', 'Sm']",3
mp-20800,ZrIn2,81.529,tet,"['In', 'Zr']",2
mp-20785,Nd(FeGe)2,124.467,tet,"['Fe', 'Ge', 'Nd']",3
mp-20866,GeRh,101.132,cubic,"['Ge', 'Rh']",2
mp-20868,Fe2W,259.462,hex_,"['Fe', 'W']",2
mp-20844,Dy3(CuSn)4,81.322,ortho,"['Cu', 'Dy', 'Sn']",3
mp-20822,TbMnSi,81.024,tet,"['Mn', 'Si', 'Tb']",3
mp-20828,Pt3Pb,172.406,cubic,"['Pb', 'Pt']",2
mp-20840,MnCo2Sn,166.928,cubic,"['Co', 'Mn', 'Sn']",3
mp-20849,Pd3Pb,129.07,cubic,"['Pb', 'Pd']",2
mp-20857,CoB,308.915,ortho,"['B', 'Co']",2
mp-20865,YCuPb,66.035,hex_,"['Cu', 'Pb', 'Y']",3
mp-20864,VNi2Sn,122.027,cubic,"['Ni', 'Sn', 'V']",3
mp-20847,Ti5Sn3,106.614,hex_,"['Sn', 'Ti']",2
mp-20861,CrGe,157.411,cubic,"['Cr', 'Ge']",2
mp-20928,Sb2Ru,111.249,ortho,"['Ru', 'Sb']",2
mp-20887,VSn2,94.914,ortho,"['Sn', 'V']",2
mp-20900,Cu3Sb,90.479,ortho,"['Cu', 'Sb']",2
mp-20898,DyInAg2,64.011,cubic,"['Ag', 'Dy', 'In']",3
mp-20883,Fe3Sn,116.858,hex_,"['Fe', 'Sn']",2
mp-20889,HfSnPt,103.632,cubic,"['Hf', 'Pt', 'Sn']",3
mp-20924,U(FeSi)2,177.23,tet,"['Fe', 'Si', 'U']",3
mp-20971,SnPt3,198.87,cubic,"['Pt', 'Sn']",2
mp-20987,YZnSn,63.26,hex_,"['Sn', 'Y', 'Zn']",3
mp-20935,ZrSnIr,160.406,hex_,"['Ir', 'Sn', 'Zr']",3
mp-20949,MnSiNi,162.799,ortho,"['Mn', 'Ni', 'Si']",3
mp-20933,Ce(CoGe)2,121.349,tet,"['Ce', 'Co', 'Ge']",3
mp-20952,TiNiSb,126.65,cubic,"['Ni', 'Sb', 'Ti']",3
mp-20950,Nd(SiPt)2,137.703,tet,"['Nd', 'Pt', 'Si']",3
mp-20970,NaMnSb,26.873,tet,"['Mn', 'Na', 'Sb']",3
mp-21000,Dy(MnGe)2,115.114,tet,"['Dy', 'Ge', 'Mn']",3
mp-21024,SrIn2Pd,47.596,ortho,"['In', 'Pd', 'Sr']",3
mp-21027,CaIn2Pt,66.9,ortho,"['Ca', 'In', 'Pt']",3
mp-21007,SmSnPt,103.847,hex_,"['Pt', 'Sm', 'Sn']",3
mp-21008,Ni3Ge,190.994,cubic,"['Ge', 'Ni']",2
mp-21026,Li2InPt,71.969,cubic,"['In', 'Li', 'Pt']",3
mp-21012,Si3Rh5,198.297,ortho,"['Rh', 'Si']",2
mp-20997,InNi,116.101,cubic,"['In', 'Ni']",2
mp-21090,MnNiGe,116.642,hex_,"['Ge', 'Mn', 'Ni']",3
mp-21029,Li2InPd,59.663,cubic,"['In', 'Li', 'Pd']",3
mp-21067,ScInCu2,94.727,cubic,"['Cu', 'In', 'Sc']",3
mp-21079,Tb(GeRu)2,132.27,tet,"['Ge', 'Ru', 'Tb']",3
mp-21069,YSiRu,131.731,ortho,"['Ru', 'Si', 'Y']",3
mp-21054,PrSnPd,84.625,hex_,"['Pd', 'Pr', 'Sn']",3
mp-21030,Ti3Sn,116.002,hex_,"['Sn', 'Ti']",2
mp-21078,Fe3Ge,166.23,hex_,"['Fe', 'Ge']",2
mp-21096,CaMnSi,42.158,tet,"['Ca', 'Mn', 'Si']",3
mp-21040,Zr2Fe3Ge,158.937,hex_,"['Fe', 'Ge', 'Zr']",3
mp-21092,InNi2,169.516,hex_,"['In', 'Ni']",2
mp-21141,Fe2CuGe2,134.088,ortho,"['Cu', 'Fe', 'Ge']",3
mp-21108,U6Fe,149.256,tet,"['Fe', 'U']",2
mp-21157,TmNiGe,108.787,ortho,"['Ge', 'Ni', 'Tm']",3
mp-21104,Hf5Sn3,113.876,hex_,"['Hf', 'Sn']",2
mp-21158,CeAlPd,80.506,hex_,"['Al', 'Ce', 'Pd']",3
mp-21163,SiPt3,199.75,ortho,"['Pt', 'Si']",2
mp-21124,SrIn4Pt,52.456,ortho,"['In', 'Pt', 'Sr']",3
mp-21109,LaAl4,70.525,tet,"['Al', 'La']",2
mp-21113,Y(FeGe)2,129.611,tet,"['Fe', 'Ge', 'Y']",3
mp-21117,FeGe2,117.621,tet,"['Fe', 'Ge']",2
mp-21198,DyAgSn,72.208,hex_,"['Ag', 'Dy', 'Sn']",3
mp-21171,MnGaCo2,186.181,cubic,"['Co', 'Ga', 'Mn']",3
mp-21164,SrGePt,67.988,cubic,"['Ge', 'Pt', 'Sr']",3
mp-21201,LaGa3Pd2,100.405,hex_,"['Ga', 'La', 'Pd']",3
mp-21215,InPd,110.79,cubic,"['In', 'Pd']",2
mp-21175,TaGaNi2,192.999,cubic,"['Ga', 'Ni', 'Ta']",3
mp-21235,Mn2VGa,187.236,cubic,"['Ga', 'Mn', 'V']",3
mp-21188,CeNi,71.273,ortho,"['Ce', 'Ni']",2
mp-21194,NdGeRu,82.192,tet,"['Ge', 'Nd', 'Ru']",3
mp-21211,InFeCo2,160.068,cubic,"['Co', 'Fe', 'In']",3
mp-21272,ErNiSb,92.177,cubic,"['Er', 'Ni', 'Sb']",3
mp-21255,FeGe,156.708,cubic,"['Fe', 'Ge']",2
mp-21248,NbSiIr,244.124,ortho,"['Ir', 'Nb', 'Si']",3
mp-21240,Gd(SiRh)2,142.427,tet,"['Gd', 'Rh', 'Si']",3
mp-21289,TiZn3,100.968,cubic,"['Ti', 'Zn']",2
mp-21260,FeSn,95.179,hex_,"['Fe', 'Sn']",2
mp-21271,PrMnGe,67.272,tet,"['Ge', 'Mn', 'Pr']",3
mp-21281,Th(MnGe)2,133.86,tet,"['Ge', 'Mn', 'Th']",3
mp-21290,HoInPt,103.02,hex_,"['Ho', 'In', 'Pt']",3
mp-21237,CoGe,156.743,mono,"['Co', 'Ge']",2
mp-21286,MnCoGe,145.917,ortho,"['Co', 'Ge', 'Mn']",3
mp-21294,Y2In,53.665,hex_,"['In', 'Y']",2
mp-21249,YMnSi,89.902,tet,"['Mn', 'Si', 'Y']",3
mp-21251,UGa5Ni,20.367,tet,"['Ga', 'Ni', 'U']",3
mp-21297,LiSn4Ru,68.495,tet,"['Li', 'Ru', 'Sn']",3
mp-21296,PtPb4,12.723,tet,"['Pb', 'Pt']",2
mp-21347,CoBMo,299.575,ortho,"['B', 'Co', 'Mo']",3
mp-21340,HfGePt,176.04,ortho,"['Ge', 'Hf', 'Pt']",3
mp-21345,LaGe,63.487,ortho,"['Ge', 'La']",2
mp-21301,ScInNi2,128.198,cubic,"['In', 'Ni', 'Sc']",3
mp-21316,TaSiIr,258.184,ortho,"['Ir', 'Si', 'Ta']",3
mp-21318,PtPb2,74.915,tet,"['Pb', 'Pt']",2
mp-21306,TiCoSi,185.534,ortho,"['Co', 'Si', 'Ti']",3
mp-21328,HfSn,101.827,cubic,"['Hf', 'Sn']",2
mp-21342,V3Sn,162.896,cubic,"['Sn', 'V']",2
mp-21366,Yb(GeRu)2,113.282,tet,"['Ge', 'Ru', 'Yb']",3
mp-21388,U(CuGe)2,97.198,tet,"['Cu', 'Ge', 'U']",3
mp-21363,TbFeSi,97.721,tet,"['Fe', 'Si', 'Tb']",3
mp-21400,Ga3Pt2,130.246,trig,"['Ga', 'Pt']",2
mp-21418,MnSnPt,59.75,cubic,"['Mn', 'Pt', 'Sn']",3
mp-21425,UNiSn,116.316,cubic,"['Ni', 'Sn', 'U']",3
mp-21371,VCoSi,216.773,ortho,"['Co', 'Si', 'V']",3
mp-21385,In3Ni2,105.586,trig,"['In', 'Ni']",2
mp-21415,Dy(NiGe)2,114.065,tet,"['Dy', 'Ge', 'Ni']",3
mp-21399,CeMnGe,76.858,tet,"['Ce', 'Ge', 'Mn']",3
mp-21469,VCo2Sn,178.311,cubic,"['Co', 'Sn', 'V']",3
mp-21440,NbCrGe,189.979,hex_,"['Cr', 'Ge', 'Nb']",3
mp-21432,LaPb3,45.604,cubic,"['La', 'Pb']",2
mp-21467,TiCo2Sn,165.425,cubic,"['Co', 'Sn', 'Ti']",3
mp-21443,Ce2Pd2Pb,77.426,tet,"['Ce', 'Pb', 'Pd']",3
mp-21464,CoReB,352.135,ortho,"['B', 'Co', 'Re']",3
mp-21479,LaIn5Rh,64.429,tet,"['In', 'La', 'Rh']",3
mp-21433,TbTiGe,81.218,tet,"['Ge', 'Tb', 'Ti']",3
mp-21490,CeSnPd,77.982,ortho,"['Ce', 'Pd', 'Sn']",3
mp-21508,Y2Pd2Pb,81.155,tet,"['Pb', 'Pd', 'Y']",3
mp-21509,LaMgGa,49.819,hex_,"['Ga', 'La', 'Mg']",3
mp-21493,U2Ga8Ru,92.095,tet,"['Ga', 'Ru', 'U']",3
mp-21662,TiFeSi2,180.482,ortho,"['Fe', 'Si', 'Ti']",3
mp-21494,UCoSn,24.751,hex_,"['Co', 'Sn', 'U']",3
mp-21503,YMgIn,54.137,hex_,"['In', 'Mg', 'Y']",3
mp-21505,YAgPb,63.551,hex_,"['Ag', 'Pb', 'Y']",3
mp-21845,FePd3,166.438,cubic,"['Fe', 'Pd']",2
mp-21851,MnSiIr,163.928,ortho,"['Ir', 'Mn', 'Si']",3
mp-21883,VGaFe2,222.851,cubic,"['Fe', 'Ga', 'V']",3
mp-21887,NdInPd,79.888,hex_,"['In', 'Nd', 'Pd']",3
mp-21875,Y4GaCo4,96.804,mono,"['Co', 'Ga', 'Y']",3
mp-21865,FeCu2Sn,114.606,cubic,"['Cu', 'Fe', 'Sn']",3
mp-21890,NdCoSi,69.818,tet,"['Co', 'Nd', 'Si']",3
mp-22027,MnSnAu,79.189,cubic,"['Au', 'Mn', 'Sn']",3
mp-22056,YIn2Ni,84.822,ortho,"['In', 'Ni', 'Y']",3
mp-22050,Hf2In5,73.035,tet,"['Hf', 'In']",2
mp-22029,MnNi2Ge,160.744,cubic,"['Ge', 'Mn', 'Ni']",3
mp-22040,Sn7Ir3,110.258,cubic,"['Ir', 'Sn']",2
mp-22044,Sm2Ge2Ru,88.624,mono,"['Ge', 'Ru', 'Sm']",3
mp-22065,UGePt,124.931,ortho,"['Ge', 'Pt', 'U']",3
mp-22033,Ti5Sb3,108.776,ortho,"['Sb', 'Ti']",2
mp-22036,ZrSbPd,129.477,ortho,"['Pd', 'Sb', 'Zr']",3
mp-21894,LiSn4Ir,69.115,tet,"['Ir', 'Li', 'Sn']",3
mp-22149,DyGeAu,92.206,hex_,"['Au', 'Dy', 'Ge']",3
mp-22150,Zr2InCo2,152.951,tet,"['Co', 'In', 'Zr']",3
mp-22151,BaGePt,65.25,cubic,"['Ba', 'Ge', 'Pt']",3
mp-22095,Ga2Pt,101.898,cubic,"['Ga', 'Pt']",2
mp-22167,Zr6Ga2Co,109.449,hex_,"['Co', 'Ga', 'Zr']",3
mp-22174,Zr3NiSb7,88.746,ortho,"['Ni', 'Sb', 'Zr']",3
mp-22154,In2Au,53.29,cubic,"['Au', 'In']",2
mp-22179,YTiSi,92.176,tet,"['Si', 'Ti', 'Y']",3
mp-22260,Y(MnSn)6,112.507,hex_,"['Mn', 'Sn', 'Y']",3
mp-22229,TbInCu4,103.672,cubic,"['Cu', 'In', 'Tb']",3
mp-22221,MnCu2Sn,103.969,cubic,"['Cu', 'Mn', 'Sn']",3
mp-22227,ZrMnSi,146.187,ortho,"['Mn', 'Si', 'Zr']",3
mp-22211,V3Sn,152.004,hex_,"['Sn', 'V']",2
mp-22206,TbCoSi,110.589,ortho,"['Co', 'Si', 'Tb']",3
mp-22256,NdMnSi,56.943,tet,"['Mn', 'Nd', 'Si']",3
mp-22258,HfSiMo,188.59,ortho,"['Hf', 'Mo', 'Si']",3
mp-22287,NbGeIr,223.174,ortho,"['Ge', 'Ir', 'Nb']",3
mp-22300,FeCo2Ge,183.305,cubic,"['Co', 'Fe', 'Ge']",3
mp-22276,Mn2InCo,135.295,cubic,"['Co', 'In', 'Mn']",3
mp-22284,SrInPt,62.337,ortho,"['In', 'Pt', 'Sr']",3
mp-22275,YSnPt,108.198,ortho,"['Pt', 'Sn', 'Y']",3
mp-22289,Mn2CoGe,176.138,cubic,"['Co', 'Ge', 'Mn']",3
mp-22307,ScSi2Rh,140.355,ortho,"['Rh', 'Sc', 'Si']",3
mp-22320,GaRu,204.343,cubic,"['Ga', 'Ru']",2
mp-22315,HfCoSn,130.285,hex_,"['Co', 'Hf', 'Sn']",3
mp-22312,Nb4FeSi,193.734,tet,"['Fe', 'Nb', 'Si']",3
mp-22346,BaGe3Pt,74.417,tet,"['Ba', 'Ge', 'Pt']",3
mp-22377,ZrCoSb,94.913,cubic,"['Co', 'Sb', 'Zr']",3
mp-22344,Sn7Ru3,106.18,cubic,"['Ru', 'Sn']",2
mp-22389,Mn3Sn,93.71,hex_,"['Mn', 'Sn']",2
mp-22384,DyInPt,79.936,hex_,"['Dy', 'In', 'Pt']",3
mp-22440,LuSiIr,158.407,ortho,"['Ir', 'Lu', 'Si']",3
mp-22435,CeBPt3,174.986,tet,"['B', 'Ce', 'Pt']",3
mp-22426,ScSiNi,134.315,ortho,"['Ni', 'Sc', 'Si']",3
mp-22396,Nb4SiNi,187.702,tet,"['Nb', 'Ni', 'Si']",3
mp-22412,Ba(MnGe)2,50.054,tet,"['Ba', 'Ge', 'Mn']",3
mp-22478,FeGe,152.403,hex_,"['Fe', 'Ge']",2
mp-22498,CrSb2,56.636,ortho,"['Cr', 'Sb']",2
mp-22465,Mn2CoSn,114.714,cubic,"['Co', 'Mn', 'Sn']",3
mp-22489,HfCuSi,153.001,ortho,"['Cu', 'Hf', 'Si']",3
mp-22493,YInAu2,89.598,cubic,"['Au', 'In', 'Y']",3
mp-22463,TiInNi2,153.635,cubic,"['In', 'Ni', 'Ti']",3
mp-22461,Fe3Sn,124.102,cubic,"['Fe', 'Sn']",2
mp-22486,Tb(MnGe)2,115.215,tet,"['Ge', 'Mn', 'Tb']",3
mp-22510,FeGe,136.965,mono,"['Fe', 'Ge']",2
mp-22514,Mn2Sn,94.115,hex_,"['Mn', 'Sn']",2
mp-22508,YMn12,138.221,tet,"['Mn', 'Y']",2
mp-22565,MnSiRh,154.446,ortho,"['Mn', 'Rh', 'Si']",3
mp-22522,ZrCuSi,145.249,ortho,"['Cu', 'Si', 'Zr']",3
mp-22503,ZrCo2Sn,153.951,cubic,"['Co', 'Sn', 'Zr']",3
mp-22568,V3Ga,168.668,cubic,"['Ga', 'V']",2
mp-22580,ZrGaNi2,152.161,cubic,"['Ga', 'Ni', 'Zr']",3
mp-22585,GeRh2,200.615,ortho,"['Ge', 'Rh']",2
mp-22589,TiFeSn,73.93,cubic,"['Fe', 'Sn', 'Ti']",3
mp-22558,TiSi,131.686,ortho,"['Si', 'Ti']",2
mp-22541,MnNiSb,98.538,cubic,"['Mn', 'Ni', 'Sb']",3
mp-22617,YNiSn,88.056,ortho,"['Ni', 'Sn', 'Y']",3
mp-22646,InPd2,129.519,ortho,"['In', 'Pd']",2
mp-22610,Mn2SnW,219.188,cubic,"['Mn', 'Sn', 'W']",3
mp-22636,TaNiGe,196.746,ortho,"['Ge', 'Ni', 'Ta']",3
mp-22670,HoGeRh,120.656,ortho,"['Ge', 'Ho', 'Rh']",3
mp-22662,TiGaPt,163.617,hex_,"['Ga', 'Pt', 'Ti']",3
mp-22683,CeCuSn,32.511,hex_,"['Ce', 'Cu', 'Sn']",3
mp-22701,ScFeSi,126.32,ortho,"['Fe', 'Sc', 'Si']",3
mp-22673,MnInCu2,103.816,cubic,"['Cu', 'In', 'Mn']",3
mp-22707,EuAgSb,40.661,hex_,"['Ag', 'Eu', 'Sb']",3
mp-22685,TbInCu2,90.141,cubic,"['Cu', 'In', 'Tb']",3
mp-22682,In2Pt,91.458,cubic,"['In', 'Pt']",2
mp-22704,YIn,56.047,cubic,"['In', 'Y']",2
mp-22698,DyFeSi,101.371,tet,"['Dy', 'Fe', 'Si']",3
mp-22689,ZrSnPd,94.592,cubic,"['Pd', 'Sn', 'Zr']",3
mp-22717,CaIn2Pd,59.191,ortho,"['Ca', 'In', 'Pd']",3
mp-22722,NbSiPd,194.818,ortho,"['Nb', 'Pd', 'Si']",3
mp-22752,FeSn2,80.683,tet,"['Fe', 'Sn']",2
mp-22712,YPd2Pb,93.034,cubic,"['Pb', 'Pd', 'Y']",3
mp-22725,TiInCu2,118.564,cubic,"['Cu', 'In', 'Ti']",3
mp-22731,MnInNi2,235.971,cubic,"['In', 'Mn', 'Ni']",3
mp-22746,CoSi,206.375,cubic,"['Co', 'Si']",2
mp-22759,CoBW,325.769,ortho,"['B', 'Co', 'W']",3
mp-22740,CeCuSi,84.581,hex_,"['Ce', 'Cu', 'Si']",3
mp-22760,La(MnGe)2,93.376,tet,"['Ge', 'La', 'Mn']",3
mp-22787,Fe2Si,237.179,trig,"['Fe', 'Si']",2
mp-22779,YbSnPt,84.825,hex_,"['Pt', 'Sn', 'Yb']",3
mp-22810,Ce2MgCu2,53.011,tet,"['Ce', 'Cu', 'Mg']",3
mp-22782,TiNiSn,90.615,cubic,"['Ni', 'Sn', 'Ti']",3
mp-22769,TiCoGe,168.613,hex_,"['Co', 'Ge', 'Ti']",3
mp-22790,VGaCo2,199.274,cubic,"['Co', 'Ga', 'V']",3
mp-22801,LuSiRh,137.113,ortho,"['Lu', 'Rh', 'Si']",3
mp-22786,ThNiSn,98.7,cubic,"['Ni', 'Sn', 'Th']",3
mp-22864,Bi2Pt,82.069,cubic,"['Bi', 'Pt']",2
mp-22868,BiRh,102.002,hex_,"['Bi', 'Rh']",2
mp-22878,MnBi,44.541,hex_,"['Bi', 'Mn']",2
mp-22941,CaCuBi,44.943,hex_,"['Bi', 'Ca', 'Cu']",3
mp-22972,Tb6FeBi2,36.09,hex_,"['Bi', 'Fe', 'Tb']",3
mp-22973,NaMnBi,23.646,tet,"['Bi', 'Mn', 'Na']",3
mp-23039,Er6MnBi2,52.919,hex_,"['Bi', 'Er', 'Mn']",3
mp-23047,Ho6MnBi2,51.435,hex_,"['Bi', 'Ho', 'Mn']",3
mp-23179,NiBi3,29.76,ortho,"['Bi', 'Ni']",2
mp-23217,Bi2Rh,82.795,mono,"['Bi', 'Rh']",2
mp-23241,YBi,53.143,cubic,"['Bi', 'Y']",2
mp-567164,BRh,276.584,hex_,"['B', 'Rh']",2
mp-567097,LiCu2Ge,88.21,cubic,"['Cu', 'Ge', 'Li']",3
mp-567197,YSnAu,77.288,hex_,"['Au', 'Sn', 'Y']",3
mp-567089,YbRh,81.33,cubic,"['Rh', 'Yb']",2
mp-567181,ZrRh,161.195,ortho,"['Rh', 'Zr']",2
mp-567276,TaV2,194.158,cubic,"['Ta', 'V']",2
mp-567240,Ba(MnSb)2,29.349,tet,"['Ba', 'Mn', 'Sb']",3
mp-567116,YbRu,73.949,cubic,"['Ru', 'Yb']",2
mp-567210,TbInAu2,89.859,cubic,"['Au', 'In', 'Tb']",3
mp-567203,La(SiOs)2,136.757,tet,"['La', 'Os', 'Si']",3
mp-567214,NdSnRh,98.469,hex_,"['Nd', 'Rh', 'Sn']",3
mp-567395,Li15Au4,28.91,cubic,"['Au', 'Li']",2
mp-567389,Li2ZnGe,42.925,cubic,"['Ge', 'Li', 'Zn']",3
mp-567314,ErNi,83.503,ortho,"['Er', 'Ni']",2
mp-567347,Li2AgSn,46.665,cubic,"['Ag', 'Li', 'Sn']",3
mp-567412,Y5Sn3,62.369,hex_,"['Sn', 'Y']",2
mp-567345,NbRh,217.831,mono,"['Nb', 'Rh']",2
mp-567406,SmZn5,76.323,hex_,"['Sm', 'Zn']",2
mp-567480,MnSbPt,104.517,cubic,"['Mn', 'Pt', 'Sb']",3
mp-567538,YbCu2,66.135,ortho,"['Cu', 'Yb']",2
mp-567513,Ho(SiIr)2,178.854,tet,"['Ho', 'Ir', 'Si']",3
mp-567653,Ti3Ni4,156.786,trig,"['Ni', 'Ti']",2
mp-567588,DyInRh,98.902,hex_,"['Dy', 'In', 'Rh']",3
mp-567574,DyAgGe,85.081,hex_,"['Ag', 'Dy', 'Ge']",3
mp-567612,ScOs2,237.275,hex_,"['Os', 'Sc']",2
mp-567636,VFeSb,162.865,cubic,"['Fe', 'Sb', 'V']",3
mp-567590,LuOs2,218.705,hex_,"['Lu', 'Os']",2
mp-567626,MgZn2,46.66,ortho,"['Mg', 'Zn']",2
mp-567679,TiGaRh,127.691,cubic,"['Ga', 'Rh', 'Ti']",3
mp-567695,UMn2,184.28,ortho,"['Mn', 'U']",2
mp-567705,TiAl2,109.691,tet,"['Al', 'Ti']",2
mp-567749,Y(SiOs)2,169.339,tet,"['Os', 'Si', 'Y']",3
mp-567712,PrCoGe,60.752,tet,"['Co', 'Ge', 'Pr']",3
mp-567747,Co7Mo6,317.793,trig,"['Co', 'Mo']",2
mp-567750,ScRu2,188.959,hex_,"['Ru', 'Sc']",2
mp-567787,LiInAg2,60.474,cubic,"['Ag', 'In', 'Li']",3
mp-567769,Ca(SiPd)2,103.239,tet,"['Ca', 'Pd', 'Si']",3
mp-567808,Tm(CuGe)2,102.384,tet,"['Cu', 'Ge', 'Tm']",3
mp-567863,Y3Ni13B2,154.502,hex_,"['B', 'Ni', 'Y']",3
mp-567871,Nb5Si3,185.606,hex_,"['Nb', 'Si']",2
mp-567903,ZnNi,62.237,cubic,"['Ni', 'Zn']",2
mp-567842,TaBe12,136.248,tet,"['Be', 'Ta']",2
mp-567891,NdAg2,58.469,hex_,"['Ag', 'Nd']",2
mp-567807,TmZrSb,79.62,tet,"['Sb', 'Tm', 'Zr']",3
mp-567889,TiGe2,113.668,ortho,"['Ge', 'Ti']",2
mp-567982,TaSn2,103.041,ortho,"['Sn', 'Ta']",2
mp-567981,CrGaCo2,199.836,cubic,"['Co', 'Cr', 'Ga']",3
mp-568014,Nb3Bi,158.674,cubic,"['Bi', 'Nb']",2
mp-567912,SmHgPd,83.107,hex_,"['Hg', 'Pd', 'Sm']",3
mp-568077,TaFe2,424.186,hex_,"['Fe', 'Ta']",2
mp-567929,Al13Os4,147.4,mono,"['Al', 'Os']",2
mp-567996,Nb5Si3,192.916,tet,"['Nb', 'Si']",2
mp-568006,DyFe5,118.137,hex_,"['Dy', 'Fe']",2
mp-568069,Ti2Bi,75.979,tet,"['Bi', 'Ti']",2
mp-568075,NbCoSn,80.058,cubic,"['Co', 'Nb', 'Sn']",3
mp-568258,Fe2Ge,127.241,hex_,"['Fe', 'Ge']",2
mp-568232,Ti6Sn5,102.154,ortho,"['Sn', 'Ti']",2
mp-568139,NdInAu2,81.431,cubic,"['Au', 'In', 'Nd']",3
mp-568186,YRu2,167.183,hex_,"['Ru', 'Y']",2
mp-568269,TmNiBi,83.509,cubic,"['Bi', 'Ni', 'Tm']",3
mp-568384,ScB2,180.697,cubic,"['B', 'Sc']",2
mp-568382,MnBi,56.091,hex_,"['Bi', 'Mn']",2
mp-568320,Y4Sb3,65.708,cubic,"['Sb', 'Y']",2
mp-568371,Tm(SiRu)2,158.852,tet,"['Ru', 'Si', 'Tm']",3
mp-568354,DyGa2Cu3,99.195,hex_,"['Cu', 'Dy', 'Ga']",3
mp-568337,ThRh2,145.788,hex_,"['Rh', 'Th']",2
mp-568402,Sr(SiPd)2,90.986,tet,"['Pd', 'Si', 'Sr']",3
mp-568509,Er(CoB)2,150.78,tet,"['B', 'Co', 'Er']",3
mp-568398,CaBiAu,53.944,cubic,"['Au', 'Bi', 'Ca']",3
mp-568555,SmSi2Rh3,171.945,hex_,"['Rh', 'Si', 'Sm']",3
mp-568430,BaRh2,93.554,cubic,"['Ba', 'Rh']",2
mp-568537,YbInAu2,66.646,cubic,"['Au', 'In', 'Yb']",3
mp-568424,CaAlAu,66.363,ortho,"['Al', 'Au', 'Ca']",3
mp-568470,ZrNiSn,82.722,cubic,"['Ni', 'Sn', 'Zr']",3
mp-568595,Re4Si7,210.961,mono,"['Re', 'Si']",2
mp-568607,Al5Mo,119.966,hex_,"['Al', 'Mo']",2
mp-568419,Mg3Ir,75.799,hex_,"['Ir', 'Mg']",2
mp-568596,SmInAu2,85.394,cubic,"['Au', 'In', 'Sm']",3
mp-568654,PrAg2,55.102,hex_,"['Ag', 'Pr']",2
mp-568636,TiCr2,198.395,hex_,"['Cr', 'Ti']",2
mp-568630,LuRu2,178.59,hex_,"['Lu', 'Ru']",2
mp-568673,Y(SiRu)2,153.522,tet,"['Ru', 'Si', 'Y']",3
mp-568671,V5Si3,193.107,tet,"['Si', 'V']",2
mp-568695,CaCdSn,42.528,hex_,"['Ca', 'Cd', 'Sn']",3
mp-568687,TbGa2Co3,135.088,hex_,"['Co', 'Ga', 'Tb']",3
mp-568725,Dy(FeB)2,126.743,tet,"['B', 'Dy', 'Fe']",3
mp-568746,Bi2Pd,55.534,mono,"['Bi', 'Pd']",2
mp-568711,VPd3,175.556,cubic,"['Pd', 'V']",2
mp-568792,Si5Rh4,181.55,mono,"['Rh', 'Si']",2
mp-568705,YbIr,98.022,cubic,"['Ir', 'Yb']",2
mp-568718,HfAl3,106.136,tet,"['Al', 'Hf']",2
mp-568719,SmInAg2,72.272,cubic,"['Ag', 'In', 'Sm']",3
mp-568827,Be12W,144.936,tet,"['Be', 'W']",2
mp-568823,YbAu3,87.23,ortho,"['Au', 'Yb']",2
mp-568866,Na6ZnSn2,16.146,mono,"['Na', 'Sn', 'Zn']",3
mp-568891,MnSbRh,105.879,cubic,"['Mn', 'Rh', 'Sb']",3
mp-568983,MnSbRh,104.921,cubic,"['Mn', 'Rh', 'Sb']",3
mp-568931,YbNiSb,71.524,cubic,"['Ni', 'Sb', 'Yb']",3
mp-568920,CaAu5,98.377,cubic,"['Au', 'Ca']",2
mp-568895,BaSbAu,44.396,hex_,"['Au', 'Ba', 'Sb']",3
mp-568974,Ca(CuSn)2,63.562,mono,"['Ca', 'Cu', 'Sn']",3
mp-568917,LaInAg2,63.889,cubic,"['Ag', 'In', 'La']",3
mp-568912,Be12Nb,134.036,tet,"['Be', 'Nb']",2
mp-568880,YInPd2,102.492,cubic,"['In', 'Pd', 'Y']",3
mp-568901,NbFe2,305.721,hex_,"['Fe', 'Nb']",2
mp-569103,Mg3Hg,40.607,trig,"['Hg', 'Mg']",2
mp-568992,ZrIr,186.261,ortho,"['Ir', 'Zr']",2
mp-569054,La2Co3,70.274,ortho,"['Co', 'La']",2
mp-569106,Yb2CdSb2,32.654,ortho,"['Cd', 'Sb', 'Yb']",3
mp-569120,NdPt3,155.153,cubic,"['Nd', 'Pt']",2
mp-569265,Mg3Pt,69.824,hex_,"['Mg', 'Pt']",2
mp-569196,YNi3,134.026,trig,"['Ni', 'Y']",2
mp-569250,VIr,272.357,ortho,"['Ir', 'V']",2
mp-569267,Ca2CdSb2,28.687,ortho,"['Ca', 'Cd', 'Sb']",3
mp-569249,Ta3Au,200.678,cubic,"['Au', 'Ta']",2
mp-569151,MnGaPt,103.094,hex_,"['Ga', 'Mn', 'Pt']",3
mp-569220,ErRu2,173.521,hex_,"['Er', 'Ru']",2
mp-569247,Zr(FeSi)2,186.785,tet,"['Fe', 'Si', 'Zr']",3
mp-569385,DyAl2Ni,92.155,ortho,"['Al', 'Dy', 'Ni']",3
mp-569331,Li(Sn3Pd)2,61.911,tet,"['Li', 'Pd', 'Sn']",3
mp-569344,Zr(CoSi)2,150.78,tet,"['Co', 'Si', 'Zr']",3
mp-569270,V3B4,278.729,ortho,"['B', 'V']",2
mp-569366,Nb3Tl,154.29,cubic,"['Nb', 'Tl']",2
mp-569364,Be22Re,136.579,cubic,"['Be', 'Re']",2
mp-569376,FeB2,276.937,hex_,"['B', 'Fe']",2
mp-569406,TmZn2,71.161,ortho,"['Tm', 'Zn']",2
mp-569446,NiPb,92.14,hex_,"['Ni', 'Pb']",2
mp-569426,SrZn2,35.093,ortho,"['Sr', 'Zn']",2
mp-569496,Ce(SiAu2)2,94.876,ortho,"['Au', 'Ce', 'Si']",3
mp-569482,LaSi2Ru3,169.788,hex_,"['La', 'Ru', 'Si']",3
mp-569523,Y2InNi2,77.414,ortho,"['In', 'Ni', 'Y']",3
mp-569661,YbInCu4,121.133,cubic,"['Cu', 'In', 'Yb']",3
mp-569581,Bi2Pt,35.201,trig,"['Bi', 'Pt']",2
mp-569624,HfCr2,186.81,hex_,"['Cr', 'Hf']",2
mp-569558,AlAu2,120.192,ortho,"['Al', 'Au']",2
mp-569601,ErSi2Rh3,176.446,hex_,"['Er', 'Rh', 'Si']",3
mp-569594,Fe7Mo6,253.202,trig,"['Fe', 'Mo']",2
mp-569628,CaCdAu,53.32,ortho,"['Au', 'Ca', 'Cd']",3
mp-569785,TlPd3,132.434,cubic,"['Pd', 'Tl']",2
mp-569724,ErAgSn,73.07,hex_,"['Ag', 'Er', 'Sn']",3
mp-569671,ZrSb,104.291,cubic,"['Sb', 'Zr']",2
mp-569815,Si2Ru,183.66,ortho,"['Ru', 'Si']",2
mp-569788,LiZnGe,52.042,hex_,"['Ge', 'Li', 'Zn']",3
mp-569803,B2W,320.671,hex_,"['B', 'W']",2
mp-569708,TiPt3,234.145,trig,"['Pt', 'Ti']",2
mp-569775,ZrAl3,102.592,cubic,"['Al', 'Zr']",2
mp-569683,InAu3,107.88,ortho,"['Au', 'In']",2
mp-569737,Tb(SiPt)2,145.156,tet,"['Pt', 'Si', 'Tb']",3
mp-569779,ScSbPd,99.2,cubic,"['Pd', 'Sb', 'Sc']",3
mp-569802,Si3Ir,114.239,hex_,"['Ir', 'Si']",2
mp-569848,LuInPt,118.324,hex_,"['In', 'Lu', 'Pt']",3
mp-570001,Al6Fe,105.11,ortho,"['Al', 'Fe']",2
mp-569833,Zr2Ga,107.034,tet,"['Ga', 'Zr']",2
mp-569875,ScBRh3,195.322,cubic,"['B', 'Rh', 'Sc']",3
mp-569886,KIn9Ni2,39.521,hex_,"['In', 'K', 'Ni']",3
mp-569916,Al3Pt2,122.683,trig,"['Al', 'Pt']",2
mp-569927,ErZn5,80.275,hex_,"['Er', 'Zn']",2
mp-569834,LiCu2Sn,75.321,hex_,"['Cu', 'Li', 'Sn']",3
mp-569871,Tm6CoBi2,58.177,hex_,"['Bi', 'Co', 'Tm']",3
mp-569837,Ti3Sb,109.29,tet,"['Sb', 'Ti']",2
mp-570014,YbSbPt,77.685,cubic,"['Pt', 'Sb', 'Yb']",3
mp-570113,BiAu2,100.689,cubic,"['Au', 'Bi']",2
mp-570093,DyZn2,65.917,ortho,"['Dy', 'Zn']",2
mp-570199,Ti3Pd5,160.452,tet,"['Pd', 'Ti']",2
mp-570197,Bi2Pd,52.094,tet,"['Bi', 'Pd']",2
mp-570179,TbAu2,96.855,tet,"['Au', 'Tb']",2
mp-570196,Zr5Sb4,106.781,hex_,"['Sb', 'Zr']",2
mp-570272,Tb2Mg3Ni2,48.67,ortho,"['Mg', 'Ni', 'Tb']",3
mp-570276,ZrZn,106.664,cubic,"['Zn', 'Zr']",2
mp-570334,SiW3,191.427,cubic,"['Si', 'W']",2
mp-570452,Y(SiAu)2,114.468,tet,"['Au', 'Si', 'Y']",3
mp-570287,Ta5Si3,210.57,tet,"['Si', 'Ta']",2
mp-570293,Nb5Ga3,164.794,tet,"['Ga', 'Nb']",2
mp-570430,TaCo2,255.669,hex_,"['Co', 'Ta']",2
mp-570528,Li2GaIr,87.044,cubic,"['Ga', 'Ir', 'Li']",3
mp-570557,NbCo3,199.865,hex_,"['Co', 'Nb']",2
mp-570483,V5Si3,187.603,hex_,"['Si', 'V']",2
mp-570578,ZrIn3,75.835,tet,"['In', 'Zr']",2
mp-570460,LaCo5,180.839,ortho,"['Co', 'La']",2
mp-570491,TaNi3,221.34,tet,"['Ni', 'Ta']",2
mp-570670,YOs2,212.391,hex_,"['Os', 'Y']",2
mp-570673,ScNi5,159.381,hex_,"['Ni', 'Sc']",2
mp-570611,PrInAu2,78.371,cubic,"['Au', 'In', 'Pr']",3
mp-570689,CaInPt,72.999,ortho,"['Ca', 'In', 'Pt']",3
mp-570713,TiAlPt,161.564,hex_,"['Al', 'Pt', 'Ti']",3
mp-570632,ScBi,57.536,cubic,"['Bi', 'Sc']",2
mp-570683,PrInAg2,67.825,cubic,"['Ag', 'In', 'Pr']",3
mp-570691,Ti3Sn,114.12,cubic,"['Sn', 'Ti']",2
mp-570698,V3Au,177.227,cubic,"['Au', 'V']",2
mp-570684,ZrOs2,264.389,hex_,"['Os', 'Zr']",2
mp-570835,NiHg4,50.645,cubic,"['Hg', 'Ni']",2
mp-570845,Zn(GaNi)3,130.309,cubic,"['Ga', 'Ni', 'Zn']",3
mp-570826,VSnRh2,179.263,cubic,"['Rh', 'Sn', 'V']",3
mp-570811,PrRe2,181.71,cubic,"['Pr', 'Re']",2
mp-570769,CaInCu4,83.946,cubic,"['Ca', 'Cu', 'In']",3
mp-570749,YbHg2,39.227,hex_,"['Hg', 'Yb']",2
mp-570775,BaAu,30.79,ortho,"['Au', 'Ba']",2
mp-570832,SrPt5,158.423,hex_,"['Pt', 'Sr']",2
mp-570896,Tl2Pd,56.741,tet,"['Pd', 'Tl']",2
mp-570923,YRe2,203.067,hex_,"['Re', 'Y']",2
mp-570904,GaNi2,167.858,hex_,"['Ga', 'Ni']",2
mp-570912,YbInAu,60.156,hex_,"['Au', 'In', 'Yb']",3
mp-570960,HfOs2,274.968,hex_,"['Hf', 'Os']",2
mp-570963,TaCr2,239.813,hex_,"['Cr', 'Ta']",2
mp-570899,YbNi2Sn,98.691,cubic,"['Ni', 'Sn', 'Yb']",3
mp-570991,TiSi2,138.262,ortho,"['Si', 'Ti']",2
mp-571126,Ti2BRh6,225.583,cubic,"['B', 'Rh', 'Ti']",3
mp-571044,CeSi2Ir3,164.527,hex_,"['Ce', 'Ir', 'Si']",3
mp-571039,CaAlPd,62.104,ortho,"['Al', 'Ca', 'Pd']",3
mp-571147,Hf(SiNi)2,187.543,tet,"['Hf', 'Ni', 'Si']",3
mp-571053,Al5Mo,117.921,trig,"['Al', 'Mo']",2
mp-571059,YCd3,57.047,cubic,"['Cd', 'Y']",2
mp-571030,TlPd3,133.935,tet,"['Pd', 'Tl']",2
mp-571071,HoSi2Rh3,175.942,hex_,"['Ho', 'Rh', 'Si']",3
mp-571247,Al3Mo,135.713,mono,"['Al', 'Mo']",2
mp-571263,KIn9Co2,48.749,hex_,"['Co', 'In', 'K']",3
mp-571262,CaRh2,118.844,cubic,"['Ca', 'Rh']",2
mp-571160,Tl2Pt,64.88,tet,"['Pt', 'Tl']",2
mp-571185,HfCoSb,135.604,cubic,"['Co', 'Hf', 'Sb']",3
mp-571149,Tb2Fe17,101.385,trig,"['Fe', 'Tb']",2
mp-571211,V3Si,132.693,cubic,"['Si', 'V']",2
mp-571264,Ca5Au4,41.626,mono,"['Au', 'Ca']",2
mp-571271,TmPt2,169.621,cubic,"['Pt', 'Tm']",2
mp-571322,Nb3Ge,171.72,cubic,"['Ge', 'Nb']",2
mp-571367,Hf(CoSi)2,158.095,tet,"['Co', 'Hf', 'Si']",3
mp-571342,TiGa2,105.655,tet,"['Ga', 'Ti']",2
mp-571310,ZrInPt2,160.728,cubic,"['In', 'Pt', 'Zr']",3
mp-571499,TaIr,273.081,ortho,"['Ir', 'Ta']",2
mp-571493,YbHgPb,38.302,hex_,"['Hg', 'Pb', 'Yb']",3
mp-571438,Be12V,129.504,tet,"['Be', 'V']",2
mp-571485,Tm(SiPd)2,135.34,tet,"['Pd', 'Si', 'Tm']",3
mp-571428,MgNi3B2,191.72,hex_,"['B', 'Mg', 'Ni']",3
mp-571500,Ho(FeB)2,122.263,tet,"['B', 'Fe', 'Ho']",3
mp-571599,Ba(BiPd)2,59.927,mono,"['Ba', 'Bi', 'Pd']",3
mp-571619,HfAlPt,163.496,hex_,"['Al', 'Hf', 'Pt']",3
mp-571552,Lu(CoGe)2,133.386,tet,"['Co', 'Ge', 'Lu']",3
mp-571586,Nd(SiOs)2,152.083,tet,"['Nd', 'Os', 'Si']",3
mp-571622,Be12Pt,132.244,tet,"['Be', 'Pt']",2
mp-571664,Zr2Rh,126.117,tet,"['Rh', 'Zr']",2
mp-571665,Ho(SiPt)2,145.703,tet,"['Ho', 'Pt', 'Si']",3
mp-574025,HfInAu2,128.33,cubic,"['Au', 'Hf', 'In']",3
mp-573995,Ho(CoB)2,156.483,tet,"['B', 'Co', 'Ho']",3
mp-574235,Yb(NiGe)2,85.789,tet,"['Ge', 'Ni', 'Yb']",3
mp-580287,Zr3Cu,111.07,cubic,"['Cu', 'Zr']",2
mp-580931,MgZn5,62.771,mono,"['Mg', 'Zn']",2
mp-580364,HoCu5,104.747,cubic,"['Cu', 'Ho']",2
mp-580236,EuCd,24.939,cubic,"['Cd', 'Eu']",2
mp-581707,ZrInAu2,122.347,cubic,"['Au', 'In', 'Zr']",3
mp-581712,TiNiSb,93.894,cubic,"['Ni', 'Sb', 'Ti']",3
mp-579718,Th2Cu,65.07,hex_,"['Cu', 'Th']",2
mp-580357,Cu3Pd,149.816,cubic,"['Cu', 'Pd']",2
mp-583030,MnSnPt,100.495,cubic,"['Mn', 'Pt', 'Sn']",3
mp-582360,TaPd3,201.293,hex_,"['Pd', 'Ta']",2
mp-581786,Cu3Sn,106.169,ortho,"['Cu', 'Sn']",2
mp-600124,MnNiSb,101.928,cubic,"['Mn', 'Ni', 'Sb']",3
mp-583266,MgZn,54.259,hex_,"['Mg', 'Zn']",2
mp-600125,HfInCu2,120.211,cubic,"['Cu', 'Hf', 'In']",3
mp-600561,LiRh,106.321,hex_,"['Li', 'Rh']",2
mp-582227,Eu(MnSb)2,42.357,trig,"['Eu', 'Mn', 'Sb']",3
mp-601285,MnGaNi2,157.893,tet,"['Ga', 'Mn', 'Ni']",3
mp-603347,TiNi,145.461,ortho,"['Ni', 'Ti']",2
mp-601848,Fe11Co5,193.849,tet,"['Co', 'Fe']",2
mp-604516,Y2AlNi2,68.417,ortho,"['Al', 'Ni', 'Y']",3
mp-601820,Fe3Co,182.283,tet,"['Co', 'Fe']",2
mp-623646,TiNiSn,95.54,cubic,"['Ni', 'Sn', 'Ti']",3
mp-610972,MnGePd,125.652,hex_,"['Ge', 'Mn', 'Pd']",3
mp-622990,GaFe2Ni,158.207,cubic,"['Fe', 'Ga', 'Ni']",3
mp-623134,ZrInCu2,115.986,cubic,"['Cu', 'In', 'Zr']",3
mp-614444,ZrZn,91.135,cubic,"['Zn', 'Zr']",2
mp-616575,MnB,173.805,tet,"['B', 'Mn']",2
mp-605027,Mg5Pd2,61.997,hex_,"['Mg', 'Pd']",2
mp-622041,ThInAu2,99.696,cubic,"['Au', 'In', 'Th']",3
mp-622209,Al3Ni,112.917,ortho,"['Al', 'Ni']",2
mp-605663,AlPd5,160.22,ortho,"['Al', 'Pd']",2
mp-620571,CaInPd,60.927,ortho,"['Ca', 'In', 'Pd']",3
mp-607111,AlPt3,218.746,tet,"['Al', 'Pt']",2
mp-607475,Zr4In5Co2,84.627,mono,"['Co', 'In', 'Zr']",3
mp-622570,Ti2Cu3,130.158,tet,"['Cu', 'Ti']",2
mp-613327,Fe(BW)2,325.443,tet,"['B', 'Fe', 'W']",3
mp-621348,TiInAu2,113.257,cubic,"['Au', 'In', 'Ti']",3
mp-624492,Li(Fe3Ge2)2,127.273,trig,"['Fe', 'Ge', 'Li']",3
mp-631336,LaMgNb2,74.131,cubic,"['La', 'Mg', 'Nb']",3
mp-631299,NbCrCo,126.046,cubic,"['Co', 'Cr', 'Nb']",3
mp-631337,NaTaNi,70.07,cubic,"['Na', 'Ni', 'Ta']",3
mp-631296,KHfNi,34.014,cubic,"['Hf', 'K', 'Ni']",3
mp-631255,InSiIr,101.347,cubic,"['In', 'Ir', 'Si']",3
mp-631322,KSnOs,58.658,cubic,"['K', 'Os', 'Sn']",3
mp-631254,KMnRu,37.715,cubic,"['K', 'Mn', 'Ru']",3
mp-631269,LiIrRh,141.531,cubic,"['Ir', 'Li', 'Rh']",3
mp-631314,KTaPt,75.145,cubic,"['K', 'Pt', 'Ta']",3
mp-631319,LiTiRe,86.699,cubic,"['Li', 'Re', 'Ti']",3
mp-631335,MgTaZn,88.355,cubic,"['Mg', 'Ta', 'Zn']",3
mp-631330,LiTaW2,174.843,cubic,"['Li', 'Ta', 'W']",3
mp-631338,LiZrSc,25.706,cubic,"['Li', 'Sc', 'Zr']",3
mp-631329,KMoRu2,142.296,cubic,"['K', 'Mo', 'Ru']",3
mp-631310,CoReGe2,170.102,cubic,"['Co', 'Ge', 'Re']",3
mp-631317,NaIrPb,49.954,cubic,"['Ir', 'Na', 'Pb']",3
mp-631320,TcIrOs,264.415,cubic,"['Ir', 'Os', 'Tc']",3
mp-631334,LiTc2Pd,176.159,cubic,"['Li', 'Pd', 'Tc']",3
mp-631318,KSiTc2,126.524,cubic,"['K', 'Si', 'Tc']",3
mp-631333,LiPdW2,189.875,cubic,"['Li', 'Pd', 'W']",3
mp-631256,FeNiMo,169.578,cubic,"['Fe', 'Mo', 'Ni']",3
mp-631302,ScVFe,98.321,cubic,"['Fe', 'Sc', 'V']",3
mp-631323,HgOsPb2,76.298,cubic,"['Hg', 'Os', 'Pb']",3
mp-631342,MnTcPd,139.643,cubic,"['Mn', 'Pd', 'Tc']",3
mp-631390,SrZrZn,30.597,cubic,"['Sr', 'Zn', 'Zr']",3
mp-631379,ZnCuMo,110.55,cubic,"['Cu', 'Mo', 'Zn']",3
mp-631345,KZr2Nb,66.328,cubic,"['K', 'Nb', 'Zr']",3
mp-631409,TlTcIr2,191.177,cubic,"['Ir', 'Tc', 'Tl']",3
mp-631371,TlCuIr,106.279,cubic,"['Cu', 'Ir', 'Tl']",3
mp-631343,LaRe2W,194.937,cubic,"['La', 'Re', 'W']",3
mp-631373,TiVW,103.767,cubic,"['Ti', 'V', 'W']",3
mp-631382,YMgCu,34.225,cubic,"['Cu', 'Mg', 'Y']",3
mp-631411,CaTa2Tl,97.416,cubic,"['Ca', 'Ta', 'Tl']",3
mp-631388,CdIrRu,157.642,cubic,"['Cd', 'Ir', 'Ru']",3
mp-631394,CaZrPd,48.867,cubic,"['Ca', 'Pd', 'Zr']",3
mp-631406,ScTl2W,99.597,cubic,"['Sc', 'Tl', 'W']",3
mp-631395,CaTaTc,87.841,cubic,"['Ca', 'Ta', 'Tc']",3
mp-631387,SnRuW,162.789,cubic,"['Ru', 'Sn', 'W']",3
mp-631404,CrIrRu,181.074,cubic,"['Cr', 'Ir', 'Ru']",3
mp-631383,MnCrRe,167.245,cubic,"['Cr', 'Mn', 'Re']",3
mp-631339,Na2LiTa,17.782,cubic,"['Li', 'Na', 'Ta']",3
mp-631368,SiSbOs2,190.764,cubic,"['Os', 'Sb', 'Si']",3
mp-631377,Re2PtRh,293.668,cubic,"['Pt', 'Re', 'Rh']",3
mp-631355,SrCrRh2,86.2,cubic,"['Cr', 'Rh', 'Sr']",3
mp-631408,KSi2Hg,34.801,cubic,"['Hg', 'K', 'Si']",3
mp-631354,ReOsRu,271.769,cubic,"['Os', 'Re', 'Ru']",3
mp-631374,TiTl2W,116.49,cubic,"['Ti', 'Tl', 'W']",3
mp-631464,KBePt,38.778,cubic,"['Be', 'K', 'Pt']",3
mp-631482,BiMoRh,130.515,cubic,"['Bi', 'Mo', 'Rh']",3
mp-631449,LiTaBe,65.88,cubic,"['Be', 'Li', 'Ta']",3
mp-631474,BiSb2Os,97.004,cubic,"['Bi', 'Os', 'Sb']",3
mp-631451,Ta2CdBi,106.406,cubic,"['Bi', 'Cd', 'Ta']",3
mp-631420,CaRe2Si,162.622,cubic,"['Ca', 'Re', 'Si']",3
mp-631429,ZrCrFe,88.405,cubic,"['Cr', 'Fe', 'Zr']",3
mp-631484,TaTiAl,85.867,cubic,"['Al', 'Ta', 'Ti']",3
mp-631475,TlZn2Tc,105.795,cubic,"['Tc', 'Tl', 'Zn']",3
mp-631441,NbBi2Mo,117.828,cubic,"['Bi', 'Mo', 'Nb']",3
mp-631471,YScBe,35.861,cubic,"['Be', 'Sc', 'Y']",3
mp-631473,KTi2Bi,53.236,cubic,"['Bi', 'K', 'Ti']",3
mp-631452,NbCrW,152.186,cubic,"['Cr', 'Nb', 'W']",3
mp-631428,TlCoW,134.023,cubic,"['Co', 'Tl', 'W']",3
mp-631431,InHgW2,171.408,cubic,"['Hg', 'In', 'W']",3
mp-631479,CaHfBe,49.413,cubic,"['Be', 'Ca', 'Hf']",3
mp-631503,ZrAlW,104.983,cubic,"['Al', 'W', 'Zr']",3
mp-631495,BaYSc,17.332,cubic,"['Ba', 'Sc', 'Y']",3
mp-864607,ZrCdPd2,132.25,cubic,"['Cd', 'Pd', 'Zr']",3
mp-631509,ZrBeCd,64.871,cubic,"['Be', 'Cd', 'Zr']",3
mp-631507,BeBiOs2,180.748,cubic,"['Be', 'Bi', 'Os']",3
mp-631525,KHg2B,22.492,cubic,"['B', 'Hg', 'K']",3
mp-864599,TbSnAu2,88.449,cubic,"['Au', 'Sn', 'Tb']",3
mp-864598,LiMg2Ag,44.769,cubic,"['Ag', 'Li', 'Mg']",3
mp-631508,LaReB,108.531,cubic,"['B', 'La', 'Re']",3
mp-864608,NpGaRh2,104.218,cubic,"['Ga', 'Np', 'Rh']",3
mp-864601,LiMg2Rh,66.418,cubic,"['Li', 'Mg', 'Rh']",3
mp-631523,TcNiW,201.037,cubic,"['Ni', 'Tc', 'W']",3
mp-631487,LaBeOs2,145.865,cubic,"['Be', 'La', 'Os']",3
mp-631515,CaHfZn,32.221,cubic,"['Ca', 'Hf', 'Zn']",3
mp-631502,CrNi2Hg,132.121,cubic,"['Cr', 'Hg', 'Ni']",3
mp-864631,LiNbRh2,175.191,cubic,"['Li', 'Nb', 'Rh']",3
mp-864629,Pm2TlCd,52.345,cubic,"['Cd', 'Pm', 'Tl']",3
mp-864626,HoThTc2,121.902,cubic,"['Ho', 'Tc', 'Th']",3
mp-864611,Nd2IrRh,105.456,cubic,"['Ir', 'Nd', 'Rh']",3
mp-864651,Ta2NbRu,221.392,cubic,"['Nb', 'Ru', 'Ta']",3
mp-864630,LiMg2Hg,42.537,cubic,"['Hg', 'Li', 'Mg']",3
mp-864618,BaHg2Pb,31.615,cubic,"['Ba', 'Hg', 'Pb']",3
mp-864623,ZnCuAu2,127.282,cubic,"['Au', 'Cu', 'Zn']",3
mp-864624,HoZnRh2,130.834,cubic,"['Ho', 'Rh', 'Zn']",3
mp-864625,Ho2IrRh,124.915,cubic,"['Ho', 'Ir', 'Rh']",3
mp-864628,Pm2SnPd,67.466,cubic,"['Pd', 'Pm', 'Sn']",3
mp-864620,CaSmCd2,42.683,cubic,"['Ca', 'Cd', 'Sm']",3
mp-864640,Ta2NbIr,234.508,cubic,"['Ir', 'Nb', 'Ta']",3
mp-864622,Nd2IrPd,94.942,cubic,"['Ir', 'Nd', 'Pd']",3
mp-864633,Nd2SnHg,57.531,cubic,"['Hg', 'Nd', 'Sn']",3
mp-864639,Ta2NbOs,240.518,cubic,"['Nb', 'Os', 'Ta']",3
mp-864654,Zn2NiRh,161.838,cubic,"['Ni', 'Rh', 'Zn']",3
mp-864650,Ta2OsW,272.496,cubic,"['Os', 'Ta', 'W']",3
mp-864614,LiMg2Pt,70.501,cubic,"['Li', 'Mg', 'Pt']",3
mp-864645,YbSiPt2,128.857,ortho,"['Pt', 'Si', 'Yb']",3
mp-864670,Ta2VOs,245.861,cubic,"['Os', 'Ta', 'V']",3
mp-864668,NdSnAu2,82.554,cubic,"['Au', 'Nd', 'Sn']",3
mp-864661,ZnCuPd2,150.032,cubic,"['Cu', 'Pd', 'Zn']",3
mp-864743,Yb2TlCd,33.659,cubic,"['Cd', 'Tl', 'Yb']",3
mp-864715,HfInCo2,206.086,cubic,"['Co', 'Hf', 'In']",3
mp-864659,Nd2NiIr,106.997,cubic,"['Ir', 'Nd', 'Ni']",3
mp-864672,NbSiTc2,245.129,cubic,"['Nb', 'Si', 'Tc']",3
mp-864674,Ho2AlZn,65.575,cubic,"['Al', 'Ho', 'Zn']",3
mp-864734,HfInPd2,141.693,cubic,"['Hf', 'In', 'Pd']",3
mp-864732,Yb2CdGe,40.172,cubic,"['Cd', 'Ge', 'Yb']",3
mp-864735,Mn3Ir,242.395,hex_,"['Ir', 'Mn']",2
mp-864744,HoMgRh2,113.756,cubic,"['Ho', 'Mg', 'Rh']",3
mp-864671,HfAlRh2,187.174,cubic,"['Al', 'Hf', 'Rh']",3
mp-864667,NdTlAu2,69.742,cubic,"['Au', 'Nd', 'Tl']",3
mp-864669,NbGeRu2,220.427,cubic,"['Ge', 'Nb', 'Ru']",3
mp-864684,Hf2MoIr,189.709,cubic,"['Hf', 'Ir', 'Mo']",3
mp-864771,LiYb2Pd,33.235,cubic,"['Li', 'Pd', 'Yb']",3
mp-864784,LiSnRh2,142.707,cubic,"['Li', 'Rh', 'Sn']",3
mp-864789,Yb2SnHg,39.222,cubic,"['Hg', 'Sn', 'Yb']",3
mp-864775,HoAgHg2,70.325,cubic,"['Ag', 'Hg', 'Ho']",3
mp-864794,ZnAg3,90.519,cubic,"['Ag', 'Zn']",2
mp-864780,PaAlAu2,123.458,cubic,"['Al', 'Au', 'Pa']",3
mp-864783,Yb2SbAu,49.015,cubic,"['Au', 'Sb', 'Yb']",3
mp-864763,LiYb2Rh,41.92,cubic,"['Li', 'Rh', 'Yb']",3
mp-864788,NbInRu2,210.794,cubic,"['In', 'Nb', 'Ru']",3
mp-864770,Ta2MoOs,265.254,cubic,"['Mo', 'Os', 'Ta']",3
mp-864772,LiSc2Au,74.156,cubic,"['Au', 'Li', 'Sc']",3
mp-864787,NpCdPt2,56.084,cubic,"['Cd', 'Np', 'Pt']",3
mp-864796,EuCdHg2,37.559,cubic,"['Cd', 'Eu', 'Hg']",3
mp-864762,LiMg2Zn,40.259,cubic,"['Li', 'Mg', 'Zn']",3
mp-864761,Ta2MnOs,249.914,cubic,"['Mn', 'Os', 'Ta']",3
mp-864764,Ta2FeOs,247.114,cubic,"['Fe', 'Os', 'Ta']",3
mp-864782,Ta2MoRu,246.749,cubic,"['Mo', 'Ru', 'Ta']",3
mp-864795,Ac2SnHg,45.028,cubic,"['Ac', 'Hg', 'Sn']",3
mp-864890,Hf2FeIr,180.435,cubic,"['Fe', 'Hf', 'Ir']",3
mp-864884,DyCdHg2,63.398,cubic,"['Cd', 'Dy', 'Hg']",3
mp-864805,Nd2CuIr,86.254,cubic,"['Cu', 'Ir', 'Nd']",3
mp-864893,NdAgHg2,64.746,cubic,"['Ag', 'Hg', 'Nd']",3
mp-864800,Yb2PdAu,55.635,cubic,"['Au', 'Pd', 'Yb']",3
mp-864889,ZrZn3,101.369,hex_,"['Zn', 'Zr']",2
mp-864798,HfZnIr2,211.726,cubic,"['Hf', 'Ir', 'Zn']",3
mp-864901,LaAu3,77.617,hex_,"['Au', 'La']",2
mp-864878,ZrAlAu2,135.096,cubic,"['Al', 'Au', 'Zr']",3
mp-864883,MgSnPd2,112.134,cubic,"['Mg', 'Pd', 'Sn']",3
mp-864804,LiTbHg2,52.714,cubic,"['Hg', 'Li', 'Tb']",3
mp-864839,Zn2PdRh,156.281,cubic,"['Pd', 'Rh', 'Zn']",3
mp-864831,NbZnRh2,202.133,cubic,"['Nb', 'Rh', 'Zn']",3
mp-864806,NaAcHg2,40.247,cubic,"['Ac', 'Hg', 'Na']",3
mp-864807,HfZnNi2,150.532,cubic,"['Hf', 'Ni', 'Zn']",3
mp-864844,Zn2RhAu,145.683,cubic,"['Au', 'Rh', 'Zn']",3
mp-864877,Hf2CoRe,177.868,cubic,"['Co', 'Hf', 'Re']",3
mp-864837,Nd2CuRu,81.88,cubic,"['Cu', 'Nd', 'Ru']",3
mp-864857,NbZnCo2,192.655,cubic,"['Co', 'Nb', 'Zn']",3
mp-864835,Hf2CoIr,184.201,cubic,"['Co', 'Hf', 'Ir']",3
mp-864892,NdAgAu2,81.37,cubic,"['Ag', 'Au', 'Nd']",3
mp-864895,Be2NiRh,194.531,cubic,"['Be', 'Ni', 'Rh']",3
mp-864897,Zr2CuOs,162.384,cubic,"['Cu', 'Os', 'Zr']",3
mp-864896,Zr2CoTc,93.62,cubic,"['Co', 'Tc', 'Zr']",3
mp-864840,NbZnRu2,218.128,cubic,"['Nb', 'Ru', 'Zn']",3
mp-864903,MgTaRu2,198.121,cubic,"['Mg', 'Ru', 'Ta']",3
mp-864920,MgZrAu2,114.52,cubic,"['Au', 'Mg', 'Zr']",3
mp-864906,MgSnIr2,175.938,cubic,"['Ir', 'Mg', 'Sn']",3
mp-864907,MgZrPd2,121.633,cubic,"['Mg', 'Pd', 'Zr']",3
mp-864927,Hf2ReOs,217.65,cubic,"['Hf', 'Os', 'Re']",3
mp-864932,Mg2AgPt,84.193,cubic,"['Ag', 'Mg', 'Pt']",3
mp-864908,MgTiIr2,191.279,cubic,"['Ir', 'Mg', 'Ti']",3
mp-864922,MgZnAu2,94.828,cubic,"['Au', 'Mg', 'Zn']",3
mp-864924,NdMgHg2,58.214,cubic,"['Hg', 'Mg', 'Nd']",3
mp-864933,Mg2AgRh,88.2,cubic,"['Ag', 'Mg', 'Rh']",3
mp-864931,MgCo2,111.473,hex_,"['Co', 'Mg']",2
mp-864916,Hf2TcRh,187.509,cubic,"['Hf', 'Rh', 'Tc']",3
mp-864919,MgTiRh2,161.554,cubic,"['Mg', 'Rh', 'Ti']",3
mp-864925,NdMgZn2,56.12,cubic,"['Mg', 'Nd', 'Zn']",3
mp-864930,LiTiIr2,190.484,cubic,"['Ir', 'Li', 'Ti']",3
mp-864934,MgAg3,76.915,hex_,"['Ag', 'Mg']",2
mp-864935,MgAu3,109.614,hex_,"['Au', 'Mg']",2
mp-864926,HfPaTc2,171.303,cubic,"['Hf', 'Pa', 'Tc']",3
mp-864923,MgZnPd2,115.137,cubic,"['Mg', 'Pd', 'Zn']",3
mp-864909,HfAlRu2,195.913,cubic,"['Al', 'Hf', 'Ru']",3
mp-864902,MgTlRh2,131.037,cubic,"['Mg', 'Rh', 'Tl']",3
mp-864904,HoCdAg2,73.061,cubic,"['Ag', 'Cd', 'Ho']",3
mp-864910,MgZrRh2,149.687,cubic,"['Mg', 'Rh', 'Zr']",3
mp-864921,MgZrIr2,178.265,cubic,"['Ir', 'Mg', 'Zr']",3
mp-864966,MnSiRu2,247.412,cubic,"['Mn', 'Ru', 'Si']",3
mp-864940,Mg2PtRh,120.332,cubic,"['Mg', 'Pt', 'Rh']",3
mp-864950,MnAlIr2,228.585,cubic,"['Al', 'Ir', 'Mn']",3
mp-864968,MnInRh2,155.882,cubic,"['In', 'Mn', 'Rh']",3
mp-864936,MnGeRu2,227.345,cubic,"['Ge', 'Mn', 'Ru']",3
mp-864962,CaAcZn2,38.641,cubic,"['Ac', 'Ca', 'Zn']",3
mp-864945,MnBe2Rh,171.181,cubic,"['Be', 'Mn', 'Rh']",3
mp-864937,Mg3Sc,43.21,hex_,"['Mg', 'Sc']",2
mp-864959,Dy2CuOs,103.481,cubic,"['Cu', 'Dy', 'Os']",3
mp-864939,Hf2CuIr,160.206,cubic,"['Cu', 'Hf', 'Ir']",3
mp-864957,MnSbRu2,200.874,cubic,"['Mn', 'Ru', 'Sb']",3
mp-864944,MnBe2Pt,139.445,cubic,"['Be', 'Mn', 'Pt']",3
mp-864947,ZrSnRh2,170.483,cubic,"['Rh', 'Sn', 'Zr']",3
mp-864953,MnV2Cr,231.986,cubic,"['Cr', 'Mn', 'V']",3
mp-864949,MnGaRh2,188.351,cubic,"['Ga', 'Mn', 'Rh']",3
mp-864946,MnCuPd2,143.606,cubic,"['Cu', 'Mn', 'Pd']",3
mp-864948,MnGaPt2,173.179,cubic,"['Ga', 'Mn', 'Pt']",3
mp-864952,Mg3Ag,47.879,hex_,"['Ag', 'Mg']",2
mp-864965,Mg2RhAu,100.755,cubic,"['Au', 'Mg', 'Rh']",3
mp-864943,MnBe2Ir,193.511,cubic,"['Be', 'Ir', 'Mn']",3
mp-864955,Mn2CrCo,153.099,cubic,"['Co', 'Cr', 'Mn']",3
mp-864941,MgSc2,49.044,ortho,"['Mg', 'Sc']",2
mp-864961,Be2PdPt,194.226,cubic,"['Be', 'Pd', 'Pt']",3
mp-864988,Mn2AlCr,193.97,cubic,"['Al', 'Cr', 'Mn']",3
mp-864980,MnAlRu2,218.933,cubic,"['Al', 'Mn', 'Ru']",3
mp-865000,HfScIr2,182.895,cubic,"['Hf', 'Ir', 'Sc']",3
mp-864978,Mg2AgAu,73.054,cubic,"['Ag', 'Au', 'Mg']",3
mp-864970,MnSiTc2,252.159,cubic,"['Mn', 'Si', 'Tc']",3
mp-864983,MnVRu2,228.444,cubic,"['Mn', 'Ru', 'V']",3
mp-864974,Hf2CuOs,175.345,cubic,"['Cu', 'Hf', 'Os']",3
mp-864969,Mg2PdRh,106.207,cubic,"['Mg', 'Pd', 'Rh']",3
mp-864984,MnV3,210.529,cubic,"['Mn', 'V']",2
mp-865001,HfScOs2,197.703,cubic,"['Hf', 'Os', 'Sc']",3
mp-864977,Dy2AgOs,101.086,cubic,"['Ag', 'Dy', 'Os']",3
mp-864972,Mg2PdAu,88.039,cubic,"['Au', 'Mg', 'Pd']",3
mp-864990,Mn2AlW,237.182,cubic,"['Al', 'Mn', 'W']",3
mp-864987,MnZnRh2,168.969,cubic,"['Mn', 'Rh', 'Zn']",3
mp-865002,CaYRh2,89.209,cubic,"['Ca', 'Rh', 'Y']",3
mp-864991,Ca2AgPb,37.203,cubic,"['Ag', 'Ca', 'Pb']",3
mp-864981,Dy2AgIr,99.317,cubic,"['Ag', 'Dy', 'Ir']",3
mp-864975,Mg2PdPt,106.503,cubic,"['Mg', 'Pd', 'Pt']",3
mp-864976,Mg2AgIr,99.15,cubic,"['Ag', 'Ir', 'Mg']",3
mp-864992,MnNbRu2,218.17,cubic,"['Mn', 'Nb', 'Ru']",3
mp-865003,Be2IrPd,214.003,cubic,"['Be', 'Ir', 'Pd']",3
mp-864985,MnZnIr2,226.37,cubic,"['Ir', 'Mn', 'Zn']",3
mp-864997,LiSiPd2,139.601,cubic,"['Li', 'Pd', 'Si']",3
mp-864971,MnSnRu2,176.935,cubic,"['Mn', 'Ru', 'Sn']",3
mp-864989,Mn2AlRe,255.756,cubic,"['Al', 'Mn', 'Re']",3
mp-865021,Be2RuPt,219.105,cubic,"['Be', 'Pt', 'Ru']",3
mp-865022,MnIr3,287.886,hex_,"['Ir', 'Mn']",2
mp-865038,HfTaTc2,222.224,cubic,"['Hf', 'Ta', 'Tc']",3
mp-865011,Mn2NbAl,195.796,cubic,"['Al', 'Mn', 'Nb']",3
mp-865043,MgInPd2,109.21,cubic,"['In', 'Mg', 'Pd']",3
mp-865044,MgInIr2,165.085,cubic,"['In', 'Ir', 'Mg']",3
mp-865030,HfScRu2,172.957,cubic,"['Hf', 'Ru', 'Sc']",3
mp-865020,HfMgIr2,187.046,cubic,"['Hf', 'Ir', 'Mg']",3
mp-865066,HfInRh2,172.181,cubic,"['Hf', 'In', 'Rh']",3
mp-865029,LiPaRu2,146.833,cubic,"['Li', 'Pa', 'Ru']",3
mp-865077,NaCd3,28.313,cubic,"['Cd', 'Na']",2
mp-865019,HfGaRh2,183.393,cubic,"['Ga', 'Hf', 'Rh']",3
mp-865049,HfMgPd2,128.55,cubic,"['Hf', 'Mg', 'Pd']",3
mp-865041,HfScRh2,156.306,cubic,"['Hf', 'Rh', 'Sc']",3
mp-865026,Mn2VSi,242.884,cubic,"['Mn', 'Si', 'V']",3
mp-865015,MnSiRh2,208.501,cubic,"['Mn', 'Rh', 'Si']",3
mp-865050,HfMgRh2,154.665,cubic,"['Hf', 'Mg', 'Rh']",3
mp-865010,HfGaRu2,197.202,cubic,"['Ga', 'Hf', 'Ru']",3
mp-865027,Mn3Ge,195.84,cubic,"['Ge', 'Mn']",2
mp-865048,TiZnIr2,226.509,cubic,"['Ir', 'Ti', 'Zn']",3
mp-865076,NaCd2Pt,69.41,cubic,"['Cd', 'Na', 'Pt']",3
mp-865023,HfTc2Sb,201.069,cubic,"['Hf', 'Sb', 'Tc']",3
mp-865025,HfTaRe2,244.954,cubic,"['Hf', 'Re', 'Ta']",3
mp-865032,Mn2PtRh,174.551,cubic,"['Mn', 'Pt', 'Rh']",3
mp-865039,HfTc2Sn,187.383,cubic,"['Hf', 'Sn', 'Tc']",3
mp-865130,Hf2MoRh,173.159,cubic,"['Hf', 'Mo', 'Rh']",3
mp-865079,TiZnPd2,150.486,cubic,"['Pd', 'Ti', 'Zn']",3
mp-865097,NaHgPd2,80.025,cubic,"['Hg', 'Na', 'Pd']",3
mp-865125,MgGaRh2,155.284,cubic,"['Ga', 'Mg', 'Rh']",3
mp-865098,NaLaAu2,55.109,cubic,"['Au', 'La', 'Na']",3
mp-865123,MgGaPd2,120.303,cubic,"['Ga', 'Mg', 'Pd']",3
mp-865108,NaSmHg2,43.362,cubic,"['Hg', 'Na', 'Sm']",3
mp-865115,NaNdHg2,42.221,cubic,"['Hg', 'Na', 'Nd']",3
mp-865118,NaPrAu2,56.68,cubic,"['Au', 'Na', 'Pr']",3
mp-865093,TiZnNi2,160.513,cubic,"['Ni', 'Ti', 'Zn']",3
mp-865113,NaNdAu2,57.865,cubic,"['Au', 'Na', 'Nd']",3
mp-865126,NaTlPd2,74.545,cubic,"['Na', 'Pd', 'Tl']",3
mp-865082,NaCaAu2,41.303,cubic,"['Au', 'Ca', 'Na']",3
mp-865119,NaPrHg2,41.671,cubic,"['Hg', 'Na', 'Pr']",3
mp-865127,NaTl2Cd,23.718,cubic,"['Cd', 'Na', 'Tl']",3
mp-865091,HfMnRh2,175.043,cubic,"['Hf', 'Mn', 'Rh']",3
mp-865092,MgGaNi2,116.982,cubic,"['Ga', 'Mg', 'Ni']",3
mp-865094,HfNbTc2,218.707,cubic,"['Hf', 'Nb', 'Tc']",3
mp-865100,NaInHg2,25.727,cubic,"['Hg', 'In', 'Na']",3
mp-865111,NaSmAu2,59.904,cubic,"['Au', 'Na', 'Sm']",3
mp-865166,HfPd5,167.044,ortho,"['Hf', 'Pd']",2
mp-865152,MgAlPd2,124.171,cubic,"['Al', 'Mg', 'Pd']",3
mp-865159,Dy2AlZn,63.933,cubic,"['Al', 'Dy', 'Zn']",3
mp-865148,PaAlTc2,181.984,cubic,"['Al', 'Pa', 'Tc']",3
mp-865172,YbTaRu2,171.591,cubic,"['Ru', 'Ta', 'Yb']",3
mp-865131,Hf2OsRh,201.65,cubic,"['Hf', 'Os', 'Rh']",3
mp-865155,MgAlRh2,155.745,cubic,"['Al', 'Mg', 'Rh']",3
mp-865156,Dy2ZnGa,65.862,cubic,"['Dy', 'Ga', 'Zn']",3
mp-865160,MgGeIr2,184.958,cubic,"['Ge', 'Ir', 'Mg']",3
mp-865165,HfScCo2,138.178,cubic,"['Co', 'Hf', 'Sc']",3
mp-865170,GaFeRh2,193.286,cubic,"['Fe', 'Ga', 'Rh']",3
mp-865174,HfCdRh2,169.501,cubic,"['Cd', 'Hf', 'Rh']",3
mp-865178,Hf2IrRh,191.166,cubic,"['Hf', 'Ir', 'Rh']",3
mp-865171,YbHg3,38.477,hex_,"['Hg', 'Yb']",2
mp-865150,MgCdAu2,86.378,cubic,"['Au', 'Cd', 'Mg']",3
mp-865158,YbNdHg2,49.525,cubic,"['Hg', 'Nd', 'Yb']",3
mp-865162,MgGeRh2,162.451,cubic,"['Ge', 'Mg', 'Rh']",3
mp-865151,YbNdRh2,87.977,cubic,"['Nd', 'Rh', 'Yb']",3
mp-865167,Ca2CdPb,32.385,cubic,"['Ca', 'Cd', 'Pb']",3
mp-865168,Be3Ni,153.479,tet,"['Be', 'Ni']",2
mp-865163,HfBeRh2,189.784,cubic,"['Be', 'Hf', 'Rh']",3
mp-865147,Be2CuRu,182.617,cubic,"['Be', 'Cu', 'Ru']",3
mp-865149,PaAlRu2,178.546,cubic,"['Al', 'Pa', 'Ru']",3
mp-865176,HfCu3,136.591,cubic,"['Cu', 'Hf']",2
mp-865138,Hf2MnIr,192.899,cubic,"['Hf', 'Ir', 'Mn']",3
mp-865179,Hf2FeOs,201.248,cubic,"['Fe', 'Hf', 'Os']",3
mp-865183,MgGaAg2,68.65,cubic,"['Ag', 'Ga', 'Mg']",3
mp-865216,Dy2PdRu,104.247,cubic,"['Dy', 'Pd', 'Ru']",3
mp-865215,TmHfRu2,161.823,cubic,"['Hf', 'Ru', 'Tm']",3
mp-865187,MgFeRh2,154.144,cubic,"['Fe', 'Mg', 'Rh']",3
mp-865195,TmGaRh2,147.294,cubic,"['Ga', 'Rh', 'Tm']",3
mp-865209,TmHfOs2,182.794,cubic,"['Hf', 'Os', 'Tm']",3
mp-865230,TmMgRh2,116.23,cubic,"['Mg', 'Rh', 'Tm']",3
mp-865229,Be2NiIr,231.437,cubic,"['Be', 'Ir', 'Ni']",3
mp-865228,LiScPt2,116.125,cubic,"['Li', 'Pt', 'Sc']",3
mp-865206,TmCdRh2,127.101,cubic,"['Cd', 'Rh', 'Tm']",3
mp-865186,MgGaIr2,187.256,cubic,"['Ga', 'Ir', 'Mg']",3
mp-865191,FeGeRu2,223.605,cubic,"['Fe', 'Ge', 'Ru']",3
mp-865193,Co3Pt,211.803,hex_,"['Co', 'Pt']",2
mp-865219,Dy2IrRu,125.9,cubic,"['Dy', 'Ir', 'Ru']",3
mp-865202,TmCdPt2,123.512,cubic,"['Cd', 'Pt', 'Tm']",3
mp-865211,TmInRh2,134.846,cubic,"['In', 'Rh', 'Tm']",3
mp-865231,LiScTl2,44.718,cubic,"['Li', 'Sc', 'Tl']",3
mp-865184,LiScPd2,91.829,cubic,"['Li', 'Pd', 'Sc']",3
mp-865297,Ho2InAg,65.284,cubic,"['Ag', 'Ho', 'In']",3
mp-865235,Ti6Al16Ni7,128.39,cubic,"['Al', 'Ni', 'Ti']",3
mp-865232,TlPd2Au,124.074,cubic,"['Au', 'Pd', 'Tl']",3
mp-865249,TmSnRu2,153.366,cubic,"['Ru', 'Sn', 'Tm']",3
mp-865250,TmTc2W,202.895,cubic,"['Tc', 'Tm', 'W']",3
mp-865252,TmSnRh2,141.544,cubic,"['Rh', 'Sn', 'Tm']",3
mp-865257,DyZnRh2,129.806,cubic,"['Dy', 'Rh', 'Zn']",3
mp-865262,TmTaRu2,188.12,cubic,"['Ru', 'Ta', 'Tm']",3
mp-865281,Tm2AgPt,96.269,cubic,"['Ag', 'Pt', 'Tm']",3
mp-865320,Lu2PdRu,115.779,cubic,"['Lu', 'Pd', 'Ru']",3
mp-865321,Lu2IrRu,137.722,cubic,"['Ir', 'Lu', 'Ru']",3
mp-865234,TaZnRu2,226.089,cubic,"['Ru', 'Ta', 'Zn']",3
mp-865308,Be2CuRh,171.518,cubic,"['Be', 'Cu', 'Rh']",3
mp-865273,TmUTc2,108.871,cubic,"['Tc', 'Tm', 'U']",3
mp-865282,Tm2AgRu,96.69,cubic,"['Ag', 'Ru', 'Tm']",3
mp-865278,NbAlOs2,260.723,cubic,"['Al', 'Nb', 'Os']",3
mp-865237,Tm2ZnIr,100.748,cubic,"['Ir', 'Tm', 'Zn']",3
mp-865255,LuNbRu2,182.535,cubic,"['Lu', 'Nb', 'Ru']",3
mp-865284,Tm2CdOs,101.396,cubic,"['Cd', 'Os', 'Tm']",3
mp-865280,NbAlFe2,209.082,cubic,"['Al', 'Fe', 'Nb']",3
mp-865298,TmZnPd2,108.889,cubic,"['Pd', 'Tm', 'Zn']",3
mp-865241,TmNbOs2,205.913,cubic,"['Nb', 'Os', 'Tm']",3
mp-865299,TmZnRh2,135.447,cubic,"['Rh', 'Tm', 'Zn']",3
mp-865248,TmNbRu2,179.898,cubic,"['Nb', 'Ru', 'Tm']",3
mp-865254,TbYbHg2,52.205,cubic,"['Hg', 'Tb', 'Yb']",3
mp-865400,ThPt3,174.749,hex_,"['Pt', 'Th']",2
mp-865360,Tm2MgIr,87.72,cubic,"['Ir', 'Mg', 'Tm']",3
mp-865342,Zn3Rh,128.64,tet,"['Rh', 'Zn']",2
mp-865340,Tm2HgOs,106.578,cubic,"['Hg', 'Os', 'Tm']",3
mp-865385,V3Re,233.519,cubic,"['Re', 'V']",2
mp-865402,TmAlCu,85.691,hex_,"['Al', 'Cu', 'Tm']",3
mp-865379,LuSnRu2,156.439,cubic,"['Lu', 'Ru', 'Sn']",3
mp-865382,V3Ru,221.654,cubic,"['Ru', 'V']",2
mp-865325,Lu2CoRu,118.848,cubic,"['Co', 'Lu', 'Ru']",3
mp-865362,Zn3Ir,146.356,tet,"['Ir', 'Zn']",2
mp-865361,Tm2MgOs,89.938,cubic,"['Mg', 'Os', 'Tm']",3
mp-865355,Zn3Pt,137.109,tet,"['Pt', 'Zn']",2
mp-865329,Lu2MgTc,79.162,cubic,"['Lu', 'Mg', 'Tc']",3
mp-865357,Zn3Pd,111.133,tet,"['Pd', 'Zn']",2
mp-865364,DyTaRu2,181.822,cubic,"['Dy', 'Ru', 'Ta']",3
mp-865373,YCo,53.429,trig,"['Co', 'Y']",2
mp-865376,YMg3,43.03,cubic,"['Mg', 'Y']",2
mp-865338,Tm2ZnPt,93.112,cubic,"['Pt', 'Tm', 'Zn']",3
mp-865378,LuSnRh2,142.714,cubic,"['Lu', 'Rh', 'Sn']",3
mp-865432,Y2NiIr,106.626,cubic,"['Ir', 'Ni', 'Y']",3
mp-865406,Lu2ZnAu,80.916,cubic,"['Au', 'Lu', 'Zn']",3
mp-865465,VCo2Ge,197.789,cubic,"['Co', 'Ge', 'V']",3
mp-865459,Lu2AgRu,98.781,cubic,"['Ag', 'Lu', 'Ru']",3
mp-865449,Tm2MgTc,77.305,cubic,"['Mg', 'Tc', 'Tm']",3
mp-865425,ZnPd3,151.261,tet,"['Pd', 'Zn']",2
mp-865434,LuZrRu2,156.979,cubic,"['Lu', 'Ru', 'Zr']",3
mp-865441,TiAlPd2,158.18,cubic,"['Al', 'Pd', 'Ti']",3
mp-865426,YbNdAg2,50.84,cubic,"['Ag', 'Nd', 'Yb']",3
mp-865421,UGaTc2,191.62,cubic,"['Ga', 'Tc', 'U']",3
mp-865448,TiGaRu2,212.674,cubic,"['Ga', 'Ru', 'Ti']",3
mp-865469,Ti2MnRu,193.143,cubic,"['Mn', 'Ru', 'Ti']",3
mp-865433,Y2MgRu,74.058,cubic,"['Mg', 'Ru', 'Y']",3
mp-865444,LiSc2Pt,89.908,cubic,"['Li', 'Pt', 'Sc']",3
mp-865462,MnV2Os,265.263,cubic,"['Mn', 'Os', 'V']",3
mp-865443,LuRh2Pb,129.632,cubic,"['Lu', 'Pb', 'Rh']",3
mp-865467,Pm2SnAu,65.878,cubic,"['Au', 'Pm', 'Sn']",3
mp-865446,Lu2AgHg,73.413,cubic,"['Ag', 'Hg', 'Lu']",3
mp-865468,Pm2SiPd,75.342,cubic,"['Pd', 'Pm', 'Si']",3
mp-865442,TiAlOs2,244.229,cubic,"['Al', 'Os', 'Ti']",3
mp-865471,VGaTc2,229.778,cubic,"['Ga', 'Tc', 'V']",3
mp-865513,YSbPd2,105.817,cubic,"['Pd', 'Sb', 'Y']",3
mp-865485,V2CrOs,261.007,cubic,"['Cr', 'Os', 'V']",3
mp-865470,Ac2CuSn,46.296,cubic,"['Ac', 'Cu', 'Sn']",3
mp-865503,YCdAg2,71.324,cubic,"['Ag', 'Cd', 'Y']",3
mp-865512,YMgCd2,53.873,cubic,"['Cd', 'Mg', 'Y']",3
mp-865502,YAgHg2,69.569,cubic,"['Ag', 'Hg', 'Y']",3
mp-865505,Lu2InAg,69.509,cubic,"['Ag', 'In', 'Lu']",3
mp-865490,V2CrFe,231.816,cubic,"['Cr', 'Fe', 'V']",3
mp-865504,YAlAg2,82.71,cubic,"['Ag', 'Al', 'Y']",3
mp-865472,VSiTc2,258.765,cubic,"['Si', 'Tc', 'V']",3
mp-865501,V2TcRu,254.239,cubic,"['Ru', 'Tc', 'V']",3
mp-865494,V2CrRu,241.192,cubic,"['Cr', 'Ru', 'V']",3
mp-865497,V2ReOs,289.662,cubic,"['Os', 'Re', 'V']",3
mp-865486,VZnRu2,225.829,cubic,"['Ru', 'V', 'Zn']",3
mp-865484,V2CrRe,253.319,cubic,"['Cr', 'Re', 'V']",3
mp-865487,VZnRh2,203.686,cubic,"['Rh', 'V', 'Zn']",3
mp-865496,VIr3,321.065,hex_,"['Ir', 'V']",2
mp-865506,VSiOs2,286.547,cubic,"['Os', 'Si', 'V']",3
mp-865495,V2CrTc,238.066,cubic,"['Cr', 'Tc', 'V']",3
mp-865499,V2TcOs,275.44,cubic,"['Os', 'Tc', 'V']",3
mp-865482,VTc2Ge,243.003,cubic,"['Ge', 'Tc', 'V']",3
mp-865507,VSiRu2,250.046,cubic,"['Ru', 'Si', 'V']",3
mp-865523,TiMnRh2,183.807,cubic,"['Mn', 'Rh', 'Ti']",3
mp-865519,YTaRu2,179.127,cubic,"['Ru', 'Ta', 'Y']",3
mp-865515,YMgZn2,59.874,cubic,"['Mg', 'Y', 'Zn']",3
mp-865554,Mn2VGe,224.329,cubic,"['Ge', 'Mn', 'V']",3
mp-865560,Y2AlZn,62.953,cubic,"['Al', 'Y', 'Zn']",3
mp-865602,Y2MgAl,54.789,cubic,"['Al', 'Mg', 'Y']",3
mp-865525,YCdHg2,76.015,cubic,"['Cd', 'Hg', 'Y']",3
mp-865533,Ti2ReOs,240.23,cubic,"['Os', 'Re', 'Ti']",3
mp-865586,VGaRu2,236.904,cubic,"['Ga', 'Ru', 'V']",3
mp-865530,YThRu2,124.42,cubic,"['Ru', 'Th', 'Y']",3
mp-865582,Li2CdPd,50.434,cubic,"['Cd', 'Li', 'Pd']",3
mp-865585,VGeRu2,236.881,cubic,"['Ge', 'Ru', 'V']",3
mp-865591,Ti2NiMo,170.681,cubic,"['Mo', 'Ni', 'Ti']",3
mp-865561,Y2AgRu,90.313,cubic,"['Ag', 'Ru', 'Y']",3
mp-865587,Y2CuRh,88.993,cubic,"['Cu', 'Rh', 'Y']",3
mp-865630,Yb2AgGe,46.404,cubic,"['Ag', 'Ge', 'Yb']",3
mp-865609,LuGaRh2,149.694,cubic,"['Ga', 'Lu', 'Rh']",3
mp-865566,LuZnRh2,138.683,cubic,"['Lu', 'Rh', 'Zn']",3
mp-865546,Yb2AgBi,38.939,cubic,"['Ag', 'Bi', 'Yb']",3
mp-865524,YCdPt2,116.26,cubic,"['Cd', 'Pt', 'Y']",3
mp-865615,GaSiRu2,228.828,cubic,"['Ga', 'Ru', 'Si']",3
mp-865547,Pm2CuSi,68.269,cubic,"['Cu', 'Pm', 'Si']",3
mp-865583,Y2Mg,41.701,ortho,"['Mg', 'Y']",2
mp-865588,Y2CuRu,92.142,cubic,"['Cu', 'Ru', 'Y']",3
mp-865594,Y2CuIr,99.876,cubic,"['Cu', 'Ir', 'Y']",3
mp-865577,Li2CdAu,44.869,cubic,"['Au', 'Cd', 'Li']",3
mp-865517,YZnRh2,126.817,cubic,"['Rh', 'Y', 'Zn']",3
mp-865531,TiMn2Al,159.093,cubic,"['Al', 'Mn', 'Ti']",3
mp-865522,YCdAu2,87.395,cubic,"['Au', 'Cd', 'Y']",3
mp-865536,YbZrRh2,127.688,cubic,"['Rh', 'Yb', 'Zr']",3
mp-865516,YPaRu2,135.535,cubic,"['Pa', 'Ru', 'Y']",3
mp-865563,LuZnPd2,111.102,cubic,"['Lu', 'Pd', 'Zn']",3
mp-865608,LuPaOs2,159.674,cubic,"['Lu', 'Os', 'Pa']",3
mp-865527,YAl3,70.402,hex_,"['Al', 'Y']",2
mp-865592,Y2ZnRu,87.008,cubic,"['Ru', 'Y', 'Zn']",3
mp-865538,Ti2RePd,193.113,cubic,"['Pd', 'Re', 'Ti']",3
mp-865562,Be3Ru,180.438,tet,"['Be', 'Ru']",2
mp-865603,Y2IrRh,119.564,cubic,"['Ir', 'Rh', 'Y']",3
mp-865537,TiMnCo2,168.613,cubic,"['Co', 'Mn', 'Ti']",3
mp-865529,Ti2NiIr,190.543,cubic,"['Ir', 'Ni', 'Ti']",3
mp-865545,Pm2SiAu,74.428,cubic,"['Au', 'Pm', 'Si']",3
mp-865600,Y2IrPd,109.327,cubic,"['Ir', 'Pd', 'Y']",3
mp-865569,Ti2MnIr,212.034,cubic,"['Ir', 'Mn', 'Ti']",3
mp-865611,MgRh3,181.297,ortho,"['Mg', 'Rh']",2
mp-865520,YCdPd2,97.382,cubic,"['Cd', 'Pd', 'Y']",3
mp-865597,NdPbAu2,75.68,cubic,"['Au', 'Nd', 'Pb']",3
mp-865607,LuGaPd2,115.558,cubic,"['Ga', 'Lu', 'Pd']",3
mp-865648,Yb2CdPb,33.75,cubic,"['Cd', 'Pb', 'Yb']",3
mp-865662,Yb2AgPb,39.074,cubic,"['Ag', 'Pb', 'Yb']",3
mp-865663,YbLuRh2,100.492,cubic,"['Lu', 'Rh', 'Yb']",3
mp-865650,Ti2TcRu,208.121,cubic,"['Ru', 'Tc', 'Ti']",3
mp-865681,TiSiRu2,244.997,cubic,"['Ru', 'Si', 'Ti']",3
mp-865696,HoGaRh2,143.634,cubic,"['Ga', 'Ho', 'Rh']",3
mp-865710,LiSnAu2,67.96,cubic,"['Au', 'Li', 'Sn']",3
mp-865641,Y2NiRu,104.846,cubic,"['Ni', 'Ru', 'Y']",3
mp-865640,TiGeRu2,228.106,cubic,"['Ge', 'Ru', 'Ti']",3
mp-865649,Ti2TcRh,203.459,cubic,"['Rh', 'Tc', 'Ti']",3
mp-865707,TiSnRh2,179.322,cubic,"['Rh', 'Sn', 'Ti']",3
mp-865678,TiMn2V,195.509,cubic,"['Mn', 'Ti', 'V']",3
mp-865659,Y2ZnIr,93.884,cubic,"['Ir', 'Y', 'Zn']",3
mp-865679,TiSnPd2,146.595,cubic,"['Pd', 'Sn', 'Ti']",3
mp-865666,Li2TlAg,32.933,cubic,"['Ag', 'Li', 'Tl']",3
mp-865664,TiRe2W,287.241,cubic,"['Re', 'Ti', 'W']",3
mp-865652,TiMn2Si,207.779,cubic,"['Mn', 'Si', 'Ti']",3
mp-865665,TiReTc2,271.275,cubic,"['Re', 'Tc', 'Ti']",3
mp-865708,LiSm2Ru,66.47,cubic,"['Li', 'Ru', 'Sm']",3
mp-865653,TiNbRe2,250.96,cubic,"['Nb', 'Re', 'Ti']",3
mp-865680,TiSiOs2,283.881,cubic,"['Os', 'Si', 'Ti']",3
mp-865660,Yb2AgPt,56.533,cubic,"['Ag', 'Pt', 'Yb']",3
mp-865671,Y2ZnIn,59.596,cubic,"['In', 'Y', 'Zn']",3
mp-865669,TiSiTc2,228.921,cubic,"['Si', 'Tc', 'Ti']",3
mp-865656,TiMn2W,243.092,cubic,"['Mn', 'Ti', 'W']",3
mp-865655,TiNbTc2,223.438,cubic,"['Nb', 'Tc', 'Ti']",3
mp-865661,YbMgCd2,38.38,cubic,"['Cd', 'Mg', 'Yb']",3
mp-865712,Ti2MnNi,173.551,cubic,"['Mn', 'Ni', 'Ti']",3
mp-865733,CoTc3,287.788,hex_,"['Co', 'Tc']",2
mp-865747,Y2MgGe2,72.846,tet,"['Ge', 'Mg', 'Y']",3
mp-865753,YbErPd2,79.277,cubic,"['Er', 'Pd', 'Yb']",3
mp-865730,TiZnAu2,133.602,cubic,"['Au', 'Ti', 'Zn']",3
mp-865714,Li2HgAu,40.536,cubic,"['Au', 'Hg', 'Li']",3
mp-865728,Ti2ReNi,194.083,cubic,"['Ni', 'Re', 'Ti']",3
mp-865731,Li2HgPd,52.245,cubic,"['Hg', 'Li', 'Pd']",3
mp-865756,YbGaPd2,94.214,cubic,"['Ga', 'Pd', 'Yb']",3
mp-865779,Ga2CoRu,188.326,cubic,"['Co', 'Ga', 'Ru']",3
mp-865768,Ti2MnOs,210.074,cubic,"['Mn', 'Os', 'Ti']",3
mp-865788,TmPaTc2,155.943,cubic,"['Pa', 'Tc', 'Tm']",3
mp-865743,Ga2IrRh,198.415,cubic,"['Ga', 'Ir', 'Rh']",3
mp-865757,YbGaRh2,130.602,cubic,"['Ga', 'Rh', 'Yb']",3
mp-865742,YbCdHg2,41.342,cubic,"['Cd', 'Hg', 'Yb']",3
mp-865752,YbGa2Ir,119.703,cubic,"['Ga', 'Ir', 'Yb']",3
mp-865759,YbHfRh2,134.565,cubic,"['Hf', 'Rh', 'Yb']",3
mp-865717,Ti2ReIr,234.973,cubic,"['Ir', 'Re', 'Ti']",3
mp-865786,CrPd3,152.758,cubic,"['Cr', 'Pd']",2
mp-865780,TiMn2Ga,160.207,cubic,"['Ga', 'Mn', 'Ti']",3
mp-865739,YbCdAg2,53.798,cubic,"['Ag', 'Cd', 'Yb']",3
mp-865738,LiPrHg2,47.688,cubic,"['Hg', 'Li', 'Pr']",3
mp-865785,YbHfIr2,159.762,cubic,"['Hf', 'Ir', 'Yb']",3
mp-865801,LuPaTc2,138.404,cubic,"['Lu', 'Pa', 'Tc']",3
mp-865805,TaZnCo2,201.21,cubic,"['Co', 'Ta', 'Zn']",3
mp-865795,LiSc2Ru,87.654,cubic,"['Li', 'Ru', 'Sc']",3
mp-865792,BeSiNi2,196.801,cubic,"['Be', 'Ni', 'Si']",3
mp-865800,Yb2BiAu,45.488,cubic,"['Au', 'Bi', 'Yb']",3
mp-865874,Li2AgHg,37.398,cubic,"['Ag', 'Hg', 'Li']",3
mp-865845,Yb2CuIr,69.855,cubic,"['Cu', 'Ir', 'Yb']",3
mp-865791,CrSiRu2,253.029,cubic,"['Cr', 'Ru', 'Si']",3
mp-865807,Ti2MoIr,208.29,cubic,"['Ir', 'Mo', 'Ti']",3
mp-865840,Ti2TcIr,223.944,cubic,"['Ir', 'Tc', 'Ti']",3
mp-865869,Be2CuPt,173.915,cubic,"['Be', 'Cu', 'Pt']",3
mp-865872,LiZr2Re,126.874,cubic,"['Li', 'Re', 'Zr']",3
mp-865877,Ti2RePt,212.512,cubic,"['Pt', 'Re', 'Ti']",3
mp-865859,LaYbCd2,40.401,cubic,"['Cd', 'La', 'Yb']",3
mp-865863,Li2TlPd,48.609,cubic,"['Li', 'Pd', 'Tl']",3
mp-865846,LuHfRu2,163.884,cubic,"['Hf', 'Lu', 'Ru']",3
mp-865847,Lu2CuPt,101.128,cubic,"['Cu', 'Lu', 'Pt']",3
mp-865867,Li2YTl,41.319,cubic,"['Li', 'Tl', 'Y']",3
mp-865876,Ti2TcOs,225.088,cubic,"['Os', 'Tc', 'Ti']",3
mp-865855,Ac2SiPd,57.83,cubic,"['Ac', 'Pd', 'Si']",3
mp-865803,Ti2MoPt,194.966,cubic,"['Mo', 'Pt', 'Ti']",3
mp-865811,LaYbAg2,46.367,cubic,"['Ag', 'La', 'Yb']",3
mp-865875,Li3Ag,25.274,cubic,"['Ag', 'Li']",2
mp-865854,Yb2CuRh,54.848,cubic,"['Cu', 'Rh', 'Yb']",3
mp-865789,YbInAg2,55.757,cubic,"['Ag', 'In', 'Yb']",3
mp-865790,YbInHg2,40.699,cubic,"['Hg', 'In', 'Yb']",3
mp-865796,LuCdRh2,128.593,cubic,"['Cd', 'Lu', 'Rh']",3
mp-865815,YbPd2Au,104.932,cubic,"['Au', 'Pd', 'Yb']",3
mp-865810,TiTc2W,257.893,cubic,"['Tc', 'Ti', 'W']",3
mp-865809,TiTc2Sb,210.128,cubic,"['Sb', 'Tc', 'Ti']",3
mp-865814,YbMgHg2,42.899,cubic,"['Hg', 'Mg', 'Yb']",3
mp-865841,YbPaPt2,118.801,cubic,"['Pa', 'Pt', 'Yb']",3
mp-865842,Ti2OsRu,231.602,cubic,"['Os', 'Ru', 'Ti']",3
mp-865871,Li2ZnAu,46.741,cubic,"['Au', 'Li', 'Zn']",3
mp-865793,LiSc2Rh,85.14,cubic,"['Li', 'Rh', 'Sc']",3
mp-865806,LuGaCu2,94.234,cubic,"['Cu', 'Ga', 'Lu']",3
mp-865812,LiSmHg2,50.518,cubic,"['Hg', 'Li', 'Sm']",3
mp-865894,YbPmAu2,68.459,cubic,"['Au', 'Pm', 'Yb']",3
mp-865798,GaCu3,124.561,hex_,"['Cu', 'Ga']",2
mp-865858,PaAu3,125.869,cubic,"['Au', 'Pa']",2
mp-865870,LiZr2Os,134.753,cubic,"['Li', 'Os', 'Zr']",3
mp-865893,LiZr2Tc,117.351,cubic,"['Li', 'Tc', 'Zr']",3
mp-865866,LiZrPt2,139.016,cubic,"['Li', 'Pt', 'Zr']",3
mp-865895,GaGeRu2,203.806,cubic,"['Ga', 'Ge', 'Ru']",3
mp-865804,TaZnRh2,213.299,cubic,"['Rh', 'Ta', 'Zn']",3
mp-865868,LiZrRh2,137.351,cubic,"['Li', 'Rh', 'Zr']",3
mp-865879,Li2AgAu,49.503,cubic,"['Ag', 'Au', 'Li']",3
mp-865888,TiSnRu2,205.955,cubic,"['Ru', 'Sn', 'Ti']",3
mp-865857,YbNbRu2,163.841,cubic,"['Nb', 'Ru', 'Yb']",3
mp-865884,LuInRh2,138.075,cubic,"['In', 'Lu', 'Rh']",3
mp-865797,LuCo2Sn,127.341,cubic,"['Co', 'Lu', 'Sn']",3
mp-865878,Ti2TcNi,168.312,cubic,"['Ni', 'Tc', 'Ti']",3
mp-865914,TiVTc2,226.153,cubic,"['Tc', 'Ti', 'V']",3
mp-865908,Yb2HgPb,37.023,cubic,"['Hg', 'Pb', 'Yb']",3
mp-865904,BeSiIr2,268.28,cubic,"['Be', 'Ir', 'Si']",3
mp-865907,LiZn3,56.751,cubic,"['Li', 'Zn']",2
mp-865928,Ti2TcPt,201.234,cubic,"['Pt', 'Tc', 'Ti']",3
mp-865918,Yb2CdSn,36.108,cubic,"['Cd', 'Sn', 'Yb']",3
mp-865931,Ti2TcPd,182.368,cubic,"['Pd', 'Tc', 'Ti']",3
mp-865898,TiZnCo2,180.042,cubic,"['Co', 'Ti', 'Zn']",3
mp-865929,Cd2PtRh,136.955,cubic,"['Cd', 'Pt', 'Rh']",3
mp-865933,LiSiIr2,230.966,cubic,"['Ir', 'Li', 'Si']",3
mp-865901,BeCo2Si,226.523,cubic,"['Be', 'Co', 'Si']",3
mp-865930,TiZnCu2,130.031,cubic,"['Cu', 'Ti', 'Zn']",3
mp-865896,YbPmAg2,51.003,cubic,"['Ag', 'Pm', 'Yb']",3
mp-865920,YbPmZn2,45.614,cubic,"['Pm', 'Yb', 'Zn']",3
mp-865899,Ti3Os,160.895,cubic,"['Os', 'Ti']",2
mp-865912,LiZn2Rh,102.513,cubic,"['Li', 'Rh', 'Zn']",3
mp-865921,MgAlIr2,188.646,cubic,"['Al', 'Ir', 'Mg']",3
mp-865924,LiZrAu2,103.353,cubic,"['Au', 'Li', 'Zr']",3
mp-865903,YbPmPt2,91.912,cubic,"['Pm', 'Pt', 'Yb']",3
mp-865909,Yb2HgGe,44.342,cubic,"['Ge', 'Hg', 'Yb']",3
mp-865916,TiVRe2,257.696,cubic,"['Re', 'Ti', 'V']",3
mp-865925,LiZrIr2,164.912,cubic,"['Ir', 'Li', 'Zr']",3
mp-865926,Cd2PdRh,123.024,cubic,"['Cd', 'Pd', 'Rh']",3
mp-865900,Ti3Tl,108.872,tet,"['Ti', 'Tl']",2
mp-865919,MgAlAg2,80.359,cubic,"['Ag', 'Al', 'Mg']",3
mp-865963,LiGaAg2,66.916,cubic,"['Ag', 'Ga', 'Li']",3
mp-865957,AcSnAu2,70.36,cubic,"['Ac', 'Au', 'Sn']",3
mp-865979,AcMgCd2,43.051,cubic,"['Ac', 'Cd', 'Mg']",3
mp-865936,LiSc2Tc,82.734,cubic,"['Li', 'Sc', 'Tc']",3
mp-865994,YbScRh2,108.619,cubic,"['Rh', 'Sc', 'Yb']",3
mp-866000,CaLaCd2,40.129,cubic,"['Ca', 'Cd', 'La']",3
mp-866020,YbSmHg2,50.682,cubic,"['Hg', 'Sm', 'Yb']",3
mp-865992,YbSnRh2,126.934,cubic,"['Rh', 'Sn', 'Yb']",3
mp-865998,HfGaIr2,212.925,cubic,"['Ga', 'Hf', 'Ir']",3
mp-866014,CaSmHg2,49.261,cubic,"['Ca', 'Hg', 'Sm']",3
mp-865999,YbTlPd2,82.283,cubic,"['Pd', 'Tl', 'Yb']",3
mp-866033,AlZnRh2,184.832,cubic,"['Al', 'Rh', 'Zn']",3
mp-865944,ThSnRu2,152.686,cubic,"['Ru', 'Sn', 'Th']",3
mp-865968,CeAlAg2,68.397,cubic,"['Ag', 'Al', 'Ce']",3
mp-866026,ErNbOs2,202.723,cubic,"['Er', 'Nb', 'Os']",3
mp-865974,TmNi2Sn,117.1,cubic,"['Ni', 'Sn', 'Tm']",3
mp-865951,Ac2IrAu,75.286,cubic,"['Ac', 'Au', 'Ir']",3
mp-865940,LiThAu2,83.821,cubic,"['Au', 'Li', 'Th']",3
mp-866001,AlVRu2,236.108,cubic,"['Al', 'Ru', 'V']",3
mp-866015,CaPrZn2,43.686,cubic,"['Ca', 'Pr', 'Zn']",3
mp-866024,Be2RhAu,183.765,cubic,"['Au', 'Be', 'Rh']",3
mp-866037,GaNiRh2,173.642,cubic,"['Ga', 'Ni', 'Rh']",3
mp-866008,Dy2TlAg,61.975,cubic,"['Ag', 'Dy', 'Tl']",3
mp-865969,LuReTc2,218.979,cubic,"['Lu', 'Re', 'Tc']",3
mp-865983,TmCdHg2,64.458,cubic,"['Cd', 'Hg', 'Tm']",3
mp-865960,CoRe3,352.906,hex_,"['Co', 'Re']",2
mp-865989,Al2IrRu,218.535,cubic,"['Al', 'Ir', 'Ru']",3
mp-865990,Y3Al7Cu2,86.943,trig,"['Al', 'Cu', 'Y']",3
mp-865995,YbSnAu2,70.05,cubic,"['Au', 'Sn', 'Yb']",3
mp-865996,YbSbPd2,91.016,cubic,"['Pd', 'Sb', 'Yb']",3
mp-866018,Ac2ZnGe,47.092,cubic,"['Ac', 'Ge', 'Zn']",3
mp-866022,CdPt3,189.833,cubic,"['Cd', 'Pt']",2
mp-866005,Dy2TlCd,57.964,cubic,"['Cd', 'Dy', 'Tl']",3
mp-865947,YbPrAg2,54.172,cubic,"['Ag', 'Pr', 'Yb']",3
mp-865982,TmCdPd2,102.769,cubic,"['Cd', 'Pd', 'Tm']",3
mp-865952,AcTlAu2,59.76,cubic,"['Ac', 'Au', 'Tl']",3
mp-866031,Al2FeIr,203.229,cubic,"['Al', 'Fe', 'Ir']",3
mp-865948,Ti2ReRh,213.72,cubic,"['Re', 'Rh', 'Ti']",3
mp-865966,BeAlIr2,237.931,cubic,"['Al', 'Be', 'Ir']",3
mp-865991,YbSmZn2,45.837,cubic,"['Sm', 'Yb', 'Zn']",3
mp-865984,BaTlHg2,26.909,cubic,"['Ba', 'Hg', 'Tl']",3
mp-866002,YbTl2Cd,34.091,cubic,"['Cd', 'Tl', 'Yb']",3
mp-865978,YbPrHg2,48.488,cubic,"['Hg', 'Pr', 'Yb']",3
mp-865987,Li2AgPd,56.116,cubic,"['Ag', 'Li', 'Pd']",3
mp-865993,YbSmRh2,90.68,cubic,"['Rh', 'Sm', 'Yb']",3
mp-866004,Er2InAg,65.736,cubic,"['Ag', 'Er', 'In']",3
mp-865985,CdPd3,135.78,tet,"['Cd', 'Pd']",2
mp-865997,YbPrZn2,43.874,cubic,"['Pr', 'Yb', 'Zn']",3
mp-866012,Hf2ZnRe,160.36,cubic,"['Hf', 'Re', 'Zn']",3
mp-866080,MgSc2Tl,58.309,cubic,"['Mg', 'Sc', 'Tl']",3
mp-866069,MgScRh2,127.869,cubic,"['Mg', 'Rh', 'Sc']",3
mp-866062,HfSiRu2,228.517,cubic,"['Hf', 'Ru', 'Si']",3
mp-866075,MgTaIr2,216.134,cubic,"['Ir', 'Mg', 'Ta']",3
mp-866072,MgTaRh2,185.429,cubic,"['Mg', 'Rh', 'Ta']",3
mp-866073,MgSnRh2,147.583,cubic,"['Mg', 'Rh', 'Sn']",3
mp-866086,MgSiIr2,213.993,cubic,"['Ir', 'Mg', 'Si']",3
mp-866051,HfFe2Sn,183.726,cubic,"['Fe', 'Hf', 'Sn']",3
mp-866094,HfZnCu2,129.32,cubic,"['Cu', 'Hf', 'Zn']",3
mp-866088,Hf2CoTc,177.082,cubic,"['Co', 'Hf', 'Tc']",3
mp-866077,MgSc2Cd,57.839,cubic,"['Cd', 'Mg', 'Sc']",3
mp-866104,CaCdHg2,38.807,cubic,"['Ca', 'Cd', 'Hg']",3
mp-866081,MgSc2Os,105.142,cubic,"['Mg', 'Os', 'Sc']",3
mp-866064,NdMgAu2,75.545,cubic,"['Au', 'Mg', 'Nd']",3
mp-866082,MgSc2Tc,88.439,cubic,"['Mg', 'Sc', 'Tc']",3
mp-866079,MgSc2Ru,90.878,cubic,"['Mg', 'Ru', 'Sc']",3
mp-866107,Ac2IrPd,77.317,cubic,"['Ac', 'Ir', 'Pd']",3
mp-866071,MgTaOs2,228.974,cubic,"['Mg', 'Os', 'Ta']",3
mp-866061,CaSmZn2,45.189,cubic,"['Ca', 'Sm', 'Zn']",3
mp-866067,Nd2CdIn,50.858,cubic,"['Cd', 'In', 'Nd']",3
mp-866087,MgSiRh2,179.203,cubic,"['Mg', 'Rh', 'Si']",3
mp-866131,Lu2TlAg,65.545,cubic,"['Ag', 'Lu', 'Tl']",3
mp-866115,Be2PdRh,193.549,cubic,"['Be', 'Pd', 'Rh']",3
mp-866138,LuSbRu2,168.296,cubic,"['Lu', 'Ru', 'Sb']",3
mp-866143,TiBeRh2,203.582,cubic,"['Be', 'Rh', 'Ti']",3
mp-866152,TiBeCo2,191.214,cubic,"['Be', 'Co', 'Ti']",3
mp-866114,HfTc2W,246.139,cubic,"['Hf', 'Tc', 'W']",3
mp-866150,LiSm2Os,74.266,cubic,"['Li', 'Os', 'Sm']",3
mp-866127,LuTaOs2,218.717,cubic,"['Lu', 'Os', 'Ta']",3
mp-866139,TiBe2Ir,189.33,cubic,"['Be', 'Ir', 'Ti']",3
mp-866108,HfZn3,106.771,hex_,"['Hf', 'Zn']",2
mp-866112,HoNbRu2,173.786,cubic,"['Ho', 'Nb', 'Ru']",3
mp-866140,TiGaPd2,155.629,cubic,"['Ga', 'Pd', 'Ti']",3
mp-866142,TiGaIr2,227.636,cubic,"['Ga', 'Ir', 'Ti']",3
mp-866146,LiSm2Ir,74.686,cubic,"['Ir', 'Li', 'Sm']",3
mp-866121,V3Os,246.21,cubic,"['Os', 'V']",2
mp-866109,HoNbOs2,200.406,cubic,"['Ho', 'Nb', 'Os']",3
mp-866116,HoTaRu2,183.596,cubic,"['Ho', 'Ru', 'Ta']",3
mp-866117,HfZnAu2,137.013,cubic,"['Au', 'Hf', 'Zn']",3
mp-866141,TiFe2Si,230.374,cubic,"['Fe', 'Si', 'Ti']",3
mp-866133,Lu2TlCd,60.239,cubic,"['Cd', 'Lu', 'Tl']",3
mp-866156,YGaRh2,138.306,cubic,"['Ga', 'Rh', 'Y']",3
mp-866125,LuTaRu2,190.885,cubic,"['Lu', 'Ru', 'Ta']",3
mp-866134,VFe3,195.459,cubic,"['Fe', 'V']",2
mp-866153,TiAlRh2,194.292,cubic,"['Al', 'Rh', 'Ti']",3
mp-866155,TiAlRu2,209.627,cubic,"['Al', 'Ru', 'Ti']",3
mp-866120,Tm2TlAg,66.273,cubic,"['Ag', 'Tl', 'Tm']",3
mp-866154,TiBeIr2,241.903,cubic,"['Be', 'Ir', 'Ti']",3
mp-866160,Y2AgIr,96.832,cubic,"['Ag', 'Ir', 'Y']",3
mp-866204,Pm2SiHg,66.613,cubic,"['Hg', 'Pm', 'Si']",3
mp-866162,YMgAg2,64.686,cubic,"['Ag', 'Mg', 'Y']",3
mp-866201,Ti3Bi,103.657,hex_,"['Bi', 'Ti']",2
mp-866163,YInRh2,127.682,cubic,"['In', 'Rh', 'Y']",3
mp-866159,YZrRu2,147.893,cubic,"['Ru', 'Y', 'Zr']",3
mp-866176,Li2PdAu,68.175,cubic,"['Au', 'Li', 'Pd']",3
mp-866203,AcYbHg2,42.483,cubic,"['Ac', 'Hg', 'Yb']",3
mp-866213,TiTc2Mo,248.307,cubic,"['Mo', 'Tc', 'Ti']",3
mp-866225,AcMgHg2,48.779,cubic,"['Ac', 'Hg', 'Mg']",3
mp-866202,Li2SnPt,67.708,cubic,"['Li', 'Pt', 'Sn']",3
mp-866220,CaNdZn2,44.441,cubic,"['Ca', 'Nd', 'Zn']",3
mp-866177,YbAgPd2,91.195,cubic,"['Ag', 'Pd', 'Yb']",3
mp-866188,TlCdRh2,137.541,cubic,"['Cd', 'Rh', 'Tl']",3
mp-866189,CeCd2,47.338,hex_,"['Cd', 'Ce']",2
mp-866194,Li2MgCd,28.998,cubic,"['Cd', 'Li', 'Mg']",3
mp-866228,CaDyHg2,51.03,cubic,"['Ca', 'Dy', 'Hg']",3
mp-866186,Ti3Zn,110.213,cubic,"['Ti', 'Zn']",2
mp-866199,AcAg,43.963,cubic,"['Ac', 'Ag']",2
mp-866161,VRh3,251.039,hex_,"['Rh', 'V']",2
mp-866221,HfSnRh2,174.628,cubic,"['Hf', 'Rh', 'Sn']",3
mp-866227,CaNdRh2,82.434,cubic,"['Ca', 'Nd', 'Rh']",3
mp-866229,Ca2SnHg,36.778,cubic,"['Ca', 'Hg', 'Sn']",3
mp-866175,Yb2CdIn,34.611,cubic,"['Cd', 'In', 'Yb']",3
mp-866168,TiInPd2,125.716,cubic,"['In', 'Pd', 'Ti']",3
mp-866174,ThSnAu2,99.611,cubic,"['Au', 'Sn', 'Th']",3
mp-866158,YLuMg2,43.556,cubic,"['Lu', 'Mg', 'Y']",3
mp-866171,YMgAu2,83.086,cubic,"['Au', 'Mg', 'Y']",3
mp-866173,Y2RuRh,111.433,cubic,"['Rh', 'Ru', 'Y']",3
mp-866219,HfSnRu2,199.577,cubic,"['Hf', 'Ru', 'Sn']",3
mp-866224,Be2NiPt,197.731,cubic,"['Be', 'Ni', 'Pt']",3
mp-866187,Ti2ZnTc,158.023,cubic,"['Tc', 'Ti', 'Zn']",3
mp-866193,Li2LaIn,37.747,cubic,"['In', 'La', 'Li']",3
mp-866218,Ti2MnRh,191.897,cubic,"['Mn', 'Rh', 'Ti']",3
mp-866223,CaYHg2,52.306,cubic,"['Ca', 'Hg', 'Y']",3
mp-866164,YMgHg2,61.585,cubic,"['Hg', 'Mg', 'Y']",3
mp-866166,Y2PdRu,102.15,cubic,"['Pd', 'Ru', 'Y']",3
mp-866170,TiInRh2,174.523,cubic,"['In', 'Rh', 'Ti']",3
mp-866183,Ti2ZnRe,168.977,cubic,"['Re', 'Ti', 'Zn']",3
mp-866211,Lu2CdIn,59.863,cubic,"['Cd', 'In', 'Lu']",3
mp-866157,TiGaRh2,193.396,cubic,"['Ga', 'Rh', 'Ti']",3
mp-866165,YMgRh2,109.638,cubic,"['Mg', 'Rh', 'Y']",3
mp-866185,CeCdAu2,74.979,cubic,"['Au', 'Cd', 'Ce']",3
mp-866212,Yb2AgSn,42.185,cubic,"['Ag', 'Sn', 'Yb']",3
mp-866284,Al2IrOs,233.311,cubic,"['Al', 'Ir', 'Os']",3
mp-866296,AlCuPd2,161.409,cubic,"['Al', 'Cu', 'Pd']",3
mp-866289,Ac2ZnSi,48.815,cubic,"['Ac', 'Si', 'Zn']",3
mp-866376,TiMn2Ge,191.642,cubic,"['Ge', 'Mn', 'Ti']",3
mp-866279,CaCdPd2,75.884,cubic,"['Ca', 'Cd', 'Pd']",3
mp-866285,ErSnRu2,150.594,cubic,"['Er', 'Ru', 'Sn']",3
mp-866299,ErTaOs2,212.608,cubic,"['Er', 'Os', 'Ta']",3
mp-866375,TiFe2Ge,210.464,cubic,"['Fe', 'Ge', 'Ti']",3
mp-866287,DySnAu2,88.94,cubic,"['Au', 'Dy', 'Sn']",3
mp-866288,BeVCo2,44.835,cubic,"['Be', 'Co', 'V']",3
mp-867114,TaBeRu2,234.983,cubic,"['Be', 'Ru', 'Ta']",3
mp-867110,Sc2CoOs,137.844,cubic,"['Co', 'Os', 'Sc']",3
mp-867121,LiY2Pt,71.412,cubic,"['Li', 'Pt', 'Y']",3
mp-867116,BeGaIr2,238.142,cubic,"['Be', 'Ga', 'Ir']",3
mp-867146,ScNbRu2,196.752,cubic,"['Nb', 'Ru', 'Sc']",3
mp-867137,ScVRu2,194.203,cubic,"['Ru', 'Sc', 'V']",3
mp-867109,ScZn2Ag,84.013,cubic,"['Ag', 'Sc', 'Zn']",3
mp-867144,CaMgHg2,40.504,cubic,"['Ca', 'Hg', 'Mg']",3
mp-867117,Sc2CuPt,112.788,cubic,"['Cu', 'Pt', 'Sc']",3
mp-867127,ScCdAg2,80.644,cubic,"['Ag', 'Cd', 'Sc']",3
mp-867118,LaSnAu2,77.314,cubic,"['Au', 'La', 'Sn']",3
mp-867120,TaMn2Al,201.123,cubic,"['Al', 'Mn', 'Ta']",3
mp-867123,TaTiOs2,267.946,cubic,"['Os', 'Ta', 'Ti']",3
mp-867128,Sm2PdRu,94.638,cubic,"['Pd', 'Ru', 'Sm']",3
mp-867131,SmMgCd2,52.617,cubic,"['Cd', 'Mg', 'Sm']",3
mp-867147,BaNaHg2,20.768,cubic,"['Ba', 'Hg', 'Na']",3
mp-867119,LiHfPd2,117.376,cubic,"['Hf', 'Li', 'Pd']",3
mp-867107,BeSiOs2,286.259,cubic,"['Be', 'Os', 'Si']",3
mp-867125,Al2RuPt,201.068,cubic,"['Al', 'Pt', 'Ru']",3
mp-867135,ScZnPd2,117.696,cubic,"['Pd', 'Sc', 'Zn']",3
mp-867141,ReOs3,395.382,hex_,"['Os', 'Re']",2
mp-867148,LiHfRh2,145.866,cubic,"['Hf', 'Li', 'Rh']",3
mp-867197,LiGaNi2,117.728,cubic,"['Ga', 'Li', 'Ni']",3
mp-867198,LiGaPd2,117.477,cubic,"['Ga', 'Li', 'Pd']",3
mp-867158,SmCd3,56.236,cubic,"['Cd', 'Sm']",2
mp-867187,ScInIr2,175.784,cubic,"['In', 'Ir', 'Sc']",3
mp-867156,ScGaRu2,167.594,cubic,"['Ga', 'Ru', 'Sc']",3
mp-867191,Sm2TlCd,53.486,cubic,"['Cd', 'Sm', 'Tl']",3
mp-867160,LiCd2Au,64.741,cubic,"['Au', 'Cd', 'Li']",3
mp-867177,PrCdHg2,57.938,cubic,"['Cd', 'Hg', 'Pr']",3
mp-867193,Sr2BiAu,35.078,cubic,"['Au', 'Bi', 'Sr']",3
mp-867186,CeZn2Ag,58.884,cubic,"['Ag', 'Ce', 'Zn']",3
mp-867163,Sr2AgPt,39.938,cubic,"['Ag', 'Pt', 'Sr']",3
mp-867178,PrMgCd2,50.25,cubic,"['Cd', 'Mg', 'Pr']",3
mp-867182,Sm2ZnIr,86.846,cubic,"['Ir', 'Sm', 'Zn']",3
mp-867170,LiGaPt2,151.641,cubic,"['Ga', 'Li', 'Pt']",3
mp-867157,SmCdHg2,60.568,cubic,"['Cd', 'Hg', 'Sm']",3
mp-867149,Sr2CdSn,29.052,cubic,"['Cd', 'Sn', 'Sr']",3
mp-867169,Sr2SnHg,30.248,cubic,"['Hg', 'Sn', 'Sr']",3
mp-867196,LiCd2Pd,71.539,cubic,"['Cd', 'Li', 'Pd']",3
mp-867181,SmMgHg2,59.687,cubic,"['Hg', 'Mg', 'Sm']",3
mp-867235,LiY2Ir,80.823,cubic,"['Ir', 'Li', 'Y']",3
mp-867212,TcOs3,377.014,hex_,"['Os', 'Tc']",2
mp-867217,CaPrHg2,47.326,cubic,"['Ca', 'Hg', 'Pr']",3
mp-867222,LiCa2Ir,48.032,cubic,"['Ca', 'Ir', 'Li']",3
mp-867223,LiGa2Ni,90.52,cubic,"['Ga', 'Li', 'Ni']",3
mp-867210,LiCa2Hg,26.023,cubic,"['Ca', 'Hg', 'Li']",3
mp-867224,CaNdCd2,41.739,cubic,"['Ca', 'Cd', 'Nd']",3
mp-867242,Sc2ZnGa,78.569,cubic,"['Ga', 'Sc', 'Zn']",3
mp-867214,Er2IrRu,130.801,cubic,"['Er', 'Ir', 'Ru']",3
mp-867206,LiCd2Pt,84.2,cubic,"['Cd', 'Li', 'Pt']",3
mp-867225,LaCdAg2,59.779,cubic,"['Ag', 'Cd', 'La']",3
mp-867241,Ac2GePd,56.205,cubic,"['Ac', 'Ge', 'Pd']",3
mp-867227,Li3Pt,46.404,cubic,"['Li', 'Pt']",2
mp-867245,LaAgHg2,59.426,cubic,"['Ag', 'Hg', 'La']",3
mp-867218,SmAgHg2,67.274,cubic,"['Ag', 'Hg', 'Sm']",3
mp-867213,Er2OsPd,117.96,cubic,"['Er', 'Os', 'Pd']",3
mp-867207,Sr2HgPb,28.446,cubic,"['Hg', 'Pb', 'Sr']",3
mp-867216,TaFeRu2,238.287,cubic,"['Fe', 'Ru', 'Ta']",3
mp-867243,Sc2ZnOs,120.86,cubic,"['Os', 'Sc', 'Zn']",3
mp-867234,TbMgHg2,61.719,cubic,"['Hg', 'Mg', 'Tb']",3
mp-867233,Sc2ZnIr,119.005,cubic,"['Ir', 'Sc', 'Zn']",3
mp-867278,DyPaTc2,142.107,cubic,"['Dy', 'Pa', 'Tc']",3
mp-867249,TaAlFe2,219.675,cubic,"['Al', 'Fe', 'Ta']",3
mp-867271,Be2CoNi,194.115,cubic,"['Be', 'Co', 'Ni']",3
mp-867255,LiZn2Au,80.793,cubic,"['Au', 'Li', 'Zn']",3
mp-867257,CaPrCd2,40.978,cubic,"['Ca', 'Cd', 'Pr']",3
mp-867264,Re3Os,374.539,hex_,"['Os', 'Re']",2
mp-867253,LiZn2Ir,116.817,cubic,"['Ir', 'Li', 'Zn']",3
mp-867250,LiZn2Pd,87.893,cubic,"['Li', 'Pd', 'Zn']",3
mp-867267,LiHo2Pt,74.476,cubic,"['Ho', 'Li', 'Pt']",3
mp-867251,LiZn2Pt,104.433,cubic,"['Li', 'Pt', 'Zn']",3
mp-867258,LiZnPd2,109.393,cubic,"['Li', 'Pd', 'Zn']",3
mp-867270,Be2CoPt,207.943,cubic,"['Be', 'Co', 'Pt']",3
mp-867260,CdAgPd2,115.666,cubic,"['Ag', 'Cd', 'Pd']",3
mp-867262,ScTc3,216.144,cubic,"['Sc', 'Tc']",2
mp-867275,BeVOs2,276.013,cubic,"['Be', 'Os', 'V']",3
mp-867254,SmAgAu2,84.99,cubic,"['Ag', 'Au', 'Sm']",3
mp-867272,LiAlCu2,87.133,cubic,"['Al', 'Cu', 'Li']",3
mp-867274,Be2CoIr,219.36,cubic,"['Be', 'Co', 'Ir']",3
mp-867263,ScCdHg2,68.137,cubic,"['Cd', 'Hg', 'Sc']",3
mp-867273,Be2CuIr,210.143,cubic,"['Be', 'Cu', 'Ir']",3
mp-867281,Tc3Pt,286.08,hex_,"['Pt', 'Tc']",2
mp-867252,LiZn2Ni,41.35,cubic,"['Li', 'Ni', 'Zn']",3
mp-867248,LaBi3,53.973,cubic,"['Bi', 'La']",2
mp-867279,DyPaRu2,137.752,cubic,"['Dy', 'Pa', 'Ru']",3
mp-867280,Be2IrPt,238.159,cubic,"['Be', 'Ir', 'Pt']",3
mp-867343,Li3Cd,22.509,cubic,"['Cd', 'Li']",2
mp-867293,LiCo2Si,171.867,cubic,"['Co', 'Li', 'Si']",3
mp-867346,ThCdHg2,72.453,cubic,"['Cd', 'Hg', 'Th']",3
mp-867756,Sc2CuAu,97.087,cubic,"['Au', 'Cu', 'Sc']",3
mp-867761,Sc2CoRu,135.073,cubic,"['Co', 'Ru', 'Sc']",3
mp-867771,TaCuRh2,224.467,cubic,"['Cu', 'Rh', 'Ta']",3
mp-867345,TcIr3,341.997,hex_,"['Ir', 'Tc']",2
mp-867304,BeVFe2,212.177,cubic,"['Be', 'Fe', 'V']",3
mp-867751,Ca2AgSn,39.951,cubic,"['Ag', 'Ca', 'Sn']",3
mp-867306,AlCuAu2,134.721,cubic,"['Al', 'Au', 'Cu']",3
mp-867748,ScSnRu2,169.616,cubic,"['Ru', 'Sc', 'Sn']",3
mp-867338,AcCdAg2,52.821,cubic,"['Ac', 'Ag', 'Cd']",3
mp-867353,ThCdAu2,99.567,cubic,"['Au', 'Cd', 'Th']",3
mp-867317,Cu3Si,144.315,hex_,"['Cu', 'Si']",2
mp-867768,ScZnPt2,145.311,cubic,"['Pt', 'Sc', 'Zn']",3
mp-867769,ScZnRh2,151.149,cubic,"['Rh', 'Sc', 'Zn']",3
mp-867307,Be2RuAu,193.573,cubic,"['Au', 'Be', 'Ru']",3
mp-867753,CuSbRh2,187.6,cubic,"['Cu', 'Rh', 'Sb']",3
mp-867422,AcPbAu2,65.405,cubic,"['Ac', 'Au', 'Pb']",3
mp-867292,Ga2RuRh,199.112,cubic,"['Ga', 'Rh', 'Ru']",3
mp-867287,LiInAu2,76.048,cubic,"['Au', 'In', 'Li']",3
mp-867313,LiTmPt2,103.456,cubic,"['Li', 'Pt', 'Tm']",3
mp-867326,Al2RuRh,200.128,cubic,"['Al', 'Rh', 'Ru']",3
mp-867319,Al2CoIr,199.848,cubic,"['Al', 'Co', 'Ir']",3
mp-867357,Tc3Ni,286.678,hex_,"['Ni', 'Tc']",2
mp-867364,LiTmPd2,82.224,cubic,"['Li', 'Pd', 'Tm']",3
mp-867356,TcRu3,308.589,hex_,"['Ru', 'Tc']",2
mp-867361,CeTlAu2,83.944,cubic,"['Au', 'Ce', 'Tl']",3
mp-867288,TbHg3,59.883,hex_,"['Hg', 'Tb']",2
mp-867308,InCuPd2,148.622,cubic,"['Cu', 'In', 'Pd']",3
mp-867347,Al3Tc,142.913,tet,"['Al', 'Tc']",2
mp-867372,ThCdAg2,82.451,cubic,"['Ag', 'Cd', 'Th']",3
mp-867507,TaGaFe2,222.56,cubic,"['Fe', 'Ga', 'Ta']",3
mp-867330,Al2FeNi,163.496,cubic,"['Al', 'Fe', 'Ni']",3
mp-867285,LiTb2Ir,81.503,cubic,"['Ir', 'Li', 'Tb']",3
mp-867327,Hf2TcRu,193.02,cubic,"['Hf', 'Ru', 'Tc']",3
mp-867762,DyMgAu2,84.578,cubic,"['Au', 'Dy', 'Mg']",3
mp-867780,Al3Cr,106.001,tet,"['Al', 'Cr']",2
mp-867773,DyMgCd2,54.341,cubic,"['Cd', 'Dy', 'Mg']",3
mp-867801,La2AgSn,49.213,cubic,"['Ag', 'La', 'Sn']",3
mp-867816,TaRu3,276.055,cubic,"['Ru', 'Ta']",2
mp-867775,Al2NiRu,180.486,cubic,"['Al', 'Ni', 'Ru']",3
mp-867799,Ca2BiAu,42.058,cubic,"['Au', 'Bi', 'Ca']",3
mp-867794,Sc2CuIr,129.422,cubic,"['Cu', 'Ir', 'Sc']",3
mp-867795,ScNbTc2,186.133,cubic,"['Nb', 'Sc', 'Tc']",3
mp-867807,LiYTl2,41.8,cubic,"['Li', 'Tl', 'Y']",3
mp-867779,Ta2CrFe,231.932,cubic,"['Cr', 'Fe', 'Ta']",3
mp-867812,LiAlNi2,117.454,cubic,"['Al', 'Li', 'Ni']",3
mp-867798,La2AgRu,71.667,cubic,"['Ag', 'La', 'Ru']",3
mp-867826,DyMgHg2,62.879,cubic,"['Dy', 'Hg', 'Mg']",3
mp-867822,LiYAu2,70.268,cubic,"['Au', 'Li', 'Y']",3
mp-867786,ScNbOs2,220.674,cubic,"['Nb', 'Os', 'Sc']",3
mp-867802,Sc2CuOs,127.176,cubic,"['Cu', 'Os', 'Sc']",3
mp-867803,LiCa2Cd,23.718,cubic,"['Ca', 'Cd', 'Li']",3
mp-867810,LiYHg2,52.184,cubic,"['Hg', 'Li', 'Y']",3
mp-867820,LiAlPd2,119.104,cubic,"['Al', 'Li', 'Pd']",3
mp-867828,BeNbRu2,227.135,cubic,"['Be', 'Nb', 'Ru']",3
mp-867821,TaTiMn2,207.781,cubic,"['Mn', 'Ta', 'Ti']",3
mp-867788,TaGaOs2,268.88,cubic,"['Ga', 'Os', 'Ta']",3
mp-867792,ReIr3,358.896,hex_,"['Ir', 'Re']",2
mp-867859,Sm2IrRu,114.186,cubic,"['Ir', 'Ru', 'Sm']",3
mp-867840,BeFeRh2,206.038,cubic,"['Be', 'Fe', 'Rh']",3
mp-867842,ScInRh2,149.145,cubic,"['In', 'Rh', 'Sc']",3
mp-867837,BeCrRu2,254.421,cubic,"['Be', 'Cr', 'Ru']",3
mp-867876,SmTlAg2,65.15,cubic,"['Ag', 'Sm', 'Tl']",3
mp-867853,SmCdAg2,67.735,cubic,"['Ag', 'Cd', 'Sm']",3
mp-867861,SmYMg2,40.002,cubic,"['Mg', 'Sm', 'Y']",3
mp-867849,Ca2TlCd,32.155,cubic,"['Ca', 'Cd', 'Tl']",3
mp-867838,AcAu3,74.927,hex_,"['Ac', 'Au']",2
mp-867867,SmMgAu2,78.669,cubic,"['Au', 'Mg', 'Sm']",3
mp-867846,TaTiRe2,257.421,cubic,"['Re', 'Ta', 'Ti']",3
mp-867835,BeSiRu2,247.221,cubic,"['Be', 'Ru', 'Si']",3
mp-867829,LiVRh2,179.191,cubic,"['Li', 'Rh', 'V']",3
mp-867834,LiHfPt2,146.996,cubic,"['Hf', 'Li', 'Pt']",3
mp-867850,ScMnRh2,149.04,cubic,"['Mn', 'Rh', 'Sc']",3
mp-867878,AlFe2Si,214.474,cubic,"['Al', 'Fe', 'Si']",3
mp-867872,LiCdAg2,58.234,cubic,"['Ag', 'Cd', 'Li']",3
mp-867847,La2ZnRu,69.985,cubic,"['La', 'Ru', 'Zn']",3
mp-867863,SmCu4Ag,100.508,cubic,"['Ag', 'Cu', 'Sm']",3
mp-867868,Sm2AgIr,89.778,cubic,"['Ag', 'Ir', 'Sm']",3
mp-867877,LiCdAu2,73.965,cubic,"['Au', 'Cd', 'Li']",3
mp-867862,SmMgAg2,62.849,cubic,"['Ag', 'Mg', 'Sm']",3
mp-867869,Sm2AgRu,83.326,cubic,"['Ag', 'Ru', 'Sm']",3
mp-867874,BeVRu2,241.663,cubic,"['Be', 'Ru', 'V']",3
mp-867854,Ca2ZnRh,48.691,cubic,"['Ca', 'Rh', 'Zn']",3
mp-867882,SmCdAu2,82.573,cubic,"['Au', 'Cd', 'Sm']",3
mp-867899,Sm2IrRh,110.279,cubic,"['Ir', 'Rh', 'Sm']",3
mp-867911,ScCdPd2,113.454,cubic,"['Cd', 'Pd', 'Sc']",3
mp-867881,ScTlRh2,143.099,cubic,"['Rh', 'Sc', 'Tl']",3
mp-867887,Sm2CuIr,89.382,cubic,"['Cu', 'Ir', 'Sm']",3
mp-867924,LiCdPd2,93.448,cubic,"['Cd', 'Li', 'Pd']",3
mp-867896,ScZnCu2,99.218,cubic,"['Cu', 'Sc', 'Zn']",3
mp-867902,LiSiRh2,186.513,cubic,"['Li', 'Rh', 'Si']",3
mp-867916,ScGaIr2,192.627,cubic,"['Ga', 'Ir', 'Sc']",3
mp-867895,Sm2CuRu,84.831,cubic,"['Cu', 'Ru', 'Sm']",3
mp-867915,ScGaCo2,149.332,cubic,"['Co', 'Ga', 'Sc']",3
mp-867901,ScTaTc2,194.629,cubic,"['Sc', 'Ta', 'Tc']",3
mp-867904,AlGeRu2,214.114,cubic,"['Al', 'Ge', 'Ru']",3
mp-867909,ScCdRh2,139.152,cubic,"['Cd', 'Rh', 'Sc']",3
mp-867918,ErPaRu2,141.574,cubic,"['Er', 'Pa', 'Ru']",3
mp-867921,Sm2ZnRu,81.483,cubic,"['Ru', 'Sm', 'Zn']",3
mp-867908,LaBiAu2,73.505,cubic,"['Au', 'Bi', 'La']",3
mp-867917,CuGeRh2,199.92,cubic,"['Cu', 'Ge', 'Rh']",3
mp-867897,ScTaRu2,204.892,cubic,"['Ru', 'Sc', 'Ta']",3
mp-867923,ScGaPt2,151.349,cubic,"['Ga', 'Pt', 'Sc']",3
mp-867925,SrAcHg2,37.418,cubic,"['Ac', 'Hg', 'Sr']",3
mp-867879,SmHg3,57.544,hex_,"['Hg', 'Sm']",2
mp-867914,LaMgAg2,54.712,cubic,"['Ag', 'La', 'Mg']",3
mp-867919,ErNbRu2,177.241,cubic,"['Er', 'Nb', 'Ru']",3
mp-867922,ScAlRh2,163.077,cubic,"['Al', 'Rh', 'Sc']",3
mp-867926,LiInPd2,100.631,cubic,"['In', 'Li', 'Pd']",3
mp-980429,Sm3Hg,44.884,hex_,"['Hg', 'Sm']",2
mp-980055,YErMg2,42.167,cubic,"['Er', 'Mg', 'Y']",3
mp-980044,YbPrCd2,41.352,cubic,"['Cd', 'Pr', 'Yb']",3
mp-980068,YbSmPd2,71.092,cubic,"['Pd', 'Sm', 'Yb']",3
mp-980064,YbErHg2,52.673,cubic,"['Er', 'Hg', 'Yb']",3
mp-980200,Zn3Rh,125.139,hex_,"['Rh', 'Zn']",2
mp-980192,YbOs3,224.333,tet,"['Os', 'Yb']",2
mp-980203,TiOs3,308.449,cubic,"['Os', 'Ti']",2
mp-980206,TmScRu2,132.156,cubic,"['Ru', 'Sc', 'Tm']",3
mp-980392,TmScHg2,72.216,cubic,"['Hg', 'Sc', 'Tm']",3
mp-980006,Yb3Os,45.883,cubic,"['Os', 'Yb']",2
mp-980053,YbPrAu2,64.929,cubic,"['Au', 'Pr', 'Yb']",3
mp-980049,Yb3Re,30.077,cubic,"['Re', 'Yb']",2
mp-980094,TiPd,151.922,ortho,"['Pd', 'Ti']",2
mp-980062,YbErZn2,48.824,cubic,"['Er', 'Yb', 'Zn']",3
mp-980054,YbPbAu2,62.462,cubic,"['Au', 'Pb', 'Yb']",3
mp-980199,YbDyHg2,52.438,cubic,"['Dy', 'Hg', 'Yb']",3
mp-980059,TbPmRh2,102.32,cubic,"['Pm', 'Rh', 'Tb']",3
mp-980760,SmNiGe2,99.958,ortho,"['Ge', 'Ni', 'Sm']",3
mp-981200,Zn3Cd,58.196,tet,"['Cd', 'Zn']",2
mp-980662,YTmAl2,66.272,cubic,"['Al', 'Tm', 'Y']",3
mp-980946,Sr3Cr,14.914,cubic,"['Cr', 'Sr']",2
mp-980905,ZnSn3,47.267,cubic,"['Sn', 'Zn']",2
mp-981210,Tl3V,37.409,tet,"['Tl', 'V']",2
mp-981232,Ti3Nb,122.685,tet,"['Nb', 'Ti']",2
mp-980669,TmLuCo2,209.285,cubic,"['Co', 'Lu', 'Tm']",3
mp-980942,YTmMg2,42.606,cubic,"['Mg', 'Tm', 'Y']",3
mp-980945,Ti3Nb,123.599,cubic,"['Nb', 'Ti']",2
mp-981233,UCr3,177.103,cubic,"['Cr', 'U']",2
mp-981215,Zn3Co,118.899,cubic,"['Co', 'Zn']",2
mp-980749,VFeRu2,232.744,cubic,"['Fe', 'Ru', 'V']",3
mp-981209,Ti3Ni,117.97,cubic,"['Ni', 'Ti']",2
mp-980665,Zn2CuIr,158.591,cubic,"['Cu', 'Ir', 'Zn']",3
mp-980947,SrCaHg2,31.022,cubic,"['Ca', 'Hg', 'Sr']",3
mp-981384,ScOs3,258.846,cubic,"['Os', 'Sc']",2
mp-981390,HgBi3,49.206,cubic,"['Bi', 'Hg']",2
mp-981252,YMg5,37.533,mono,"['Mg', 'Y']",2
mp-981311,SrTlHg2,29.409,cubic,"['Hg', 'Sr', 'Tl']",3
mp-981383,ScSn3,57.057,tet,"['Sc', 'Sn']",2
mp-981368,Zn2PdPt,153.945,cubic,"['Pd', 'Pt', 'Zn']",3
mp-981375,HfMg3,55.161,hex_,"['Hf', 'Mg']",2
mp-981312,ZrCu2Hg,122.147,cubic,"['Cu', 'Hg', 'Zr']",3
mp-981365,V2ReRu,268.222,cubic,"['Re', 'Ru', 'V']",3
mp-981393,Lu2HgAu,82.566,cubic,"['Au', 'Hg', 'Lu']",3
mp-981391,Hg3Ir,103.752,tet,"['Hg', 'Ir']",2
mp-982004,SmInPd,83.172,hex_,"['In', 'Pd', 'Sm']",3
mp-982015,LaDyMg2,38.201,cubic,"['Dy', 'La', 'Mg']",3
mp-981933,NaPd2Pb,72.915,cubic,"['Na', 'Pb', 'Pd']",3
mp-982017,PrYTl2,51.765,cubic,"['Pr', 'Tl', 'Y']",3
mp-982070,VIr,270.236,ortho,"['Ir', 'V']",2
mp-982010,Pr2CdAg,50.574,cubic,"['Ag', 'Cd', 'Pr']",3
mp-982009,Pr2CdSn,54.037,cubic,"['Cd', 'Pr', 'Sn']",3
mp-981548,YErTl2,53.212,cubic,"['Er', 'Tl', 'Y']",3
mp-981458,YbTa,73.373,hex_,"['Ta', 'Yb']",2
mp-981530,YbPrPd2,64.73,cubic,"['Pd', 'Pr', 'Yb']",3
mp-981749,TcAg3,104.348,tet,"['Ag', 'Tc']",2
mp-982381,NaCu3,67.875,tet,"['Cu', 'Na']",2
mp-982393,Pm2ZnAg,56.992,cubic,"['Ag', 'Pm', 'Zn']",3
mp-982387,Pm2ZnHg,56.196,cubic,"['Hg', 'Pm', 'Zn']",3
mp-982511,HoGa2Pd,97.878,ortho,"['Ga', 'Ho', 'Pd']",3
mp-982613,Pm2InHg,55.365,cubic,"['Hg', 'In', 'Pm']",3
mp-982595,Na3Re,18.675,cubic,"['Na', 'Re']",2
mp-982666,LiAl2Tc,115.85,cubic,"['Al', 'Li', 'Tc']",3
mp-982667,LiAl2Os,136.0,cubic,"['Al', 'Li', 'Os']",3
mp-982246,PbAu3,84.473,cubic,"['Au', 'Pb']",2
mp-982596,TbSc,45.098,hex_,"['Sc', 'Tb']",2
mp-983236,Pm2ZnOs,87.655,cubic,"['Os', 'Pm', 'Zn']",3
mp-983063,PmSmHg2,58.175,cubic,"['Hg', 'Pm', 'Sm']",3
mp-983126,HoTmZn2,63.012,cubic,"['Ho', 'Tm', 'Zn']",3
mp-982869,PmYAl2,60.622,cubic,"['Al', 'Pm', 'Y']",3
mp-982739,TmHfCo2,111.695,cubic,"['Co', 'Hf', 'Tm']",3
mp-982772,Pm2PtAu,87.278,cubic,"['Au', 'Pm', 'Pt']",3
mp-982725,Nb2RuW,237.553,cubic,"['Nb', 'Ru', 'W']",3
mp-982780,K3Cd,5.074,cubic,"['Cd', 'K']",2
mp-983154,Pm2ZnPt,75.923,cubic,"['Pm', 'Pt', 'Zn']",3
mp-983229,Pm2ZnRh,74.896,cubic,"['Pm', 'Rh', 'Zn']",3
mp-983358,HfAlFe2,172.287,cubic,"['Al', 'Fe', 'Hf']",3
mp-982974,LiBeAu2,105.456,cubic,"['Au', 'Be', 'Li']",3
mp-982981,Na3Rh,20.449,hex_,"['Na', 'Rh']",2
mp-982870,HfAlIr2,214.618,cubic,"['Al', 'Hf', 'Ir']",3
mp-983123,HfMgAu2,121.119,cubic,"['Au', 'Hf', 'Mg']",3
mp-983459,HfZr,101.368,hex_,"['Hf', 'Zr']",2
mp-983509,Na3Cd,11.971,hex_,"['Cd', 'Na']",2
mp-983388,K3Hg,4.365,cubic,"['Hg', 'K']",2
mp-983427,PmDyHg2,60.869,cubic,"['Dy', 'Hg', 'Pm']",3
mp-983583,Er2ZnCu,68.856,cubic,"['Cu', 'Er', 'Zn']",3
mp-983412,Ga3Au,62.408,cubic,"['Au', 'Ga']",2
mp-983566,Ca2AgGe,43.252,cubic,"['Ag', 'Ca', 'Ge']",3
mp-983590,Be3Fe,151.52,cubic,"['Be', 'Fe']",2
mp-983587,Ac2NiGe,54.432,cubic,"['Ac', 'Ge', 'Ni']",3
mp-983555,Er2PdAu,94.432,cubic,"['Au', 'Er', 'Pd']",3
mp-983586,Ac2SiHg,49.655,cubic,"['Ac', 'Hg', 'Si']",3
mp-983430,HfZnPt2,175.442,cubic,"['Hf', 'Pt', 'Zn']",3
mp-983585,Al3Zn,78.655,cubic,"['Al', 'Zn']",2
mp-983602,CdAg2Au,91.245,cubic,"['Ag', 'Au', 'Cd']",3
mp-983497,Pa3Zn,93.69,cubic,"['Pa', 'Zn']",2
mp-983539,BeAu3,140.648,cubic,"['Au', 'Be']",2
mp-984702,CeDyZn2,51.683,cubic,"['Ce', 'Dy', 'Zn']",3
mp-983607,V3Cd,119.789,hex_,"['Cd', 'V']",2
mp-984104,Dy2IrAu,108.554,cubic,"['Au', 'Dy', 'Ir']",3
mp-984551,AcTlHg2,44.138,cubic,"['Ac', 'Hg', 'Tl']",3
mp-984544,Dy2ZnIr,95.673,cubic,"['Dy', 'Ir', 'Zn']",3
mp-983908,Er2ZnAu,77.836,cubic,"['Au', 'Er', 'Zn']",3
mp-984705,ErRu3,181.137,tet,"['Er', 'Ru']",2
mp-984627,Dy2ZnHg,63.653,cubic,"['Dy', 'Hg', 'Zn']",3
mp-984351,CuAg3,96.627,hex_,"['Ag', 'Cu']",2
mp-984352,Al2CoOs,203.003,cubic,"['Al', 'Co', 'Os']",3
mp-984721,BeGaCo2,189.356,cubic,"['Be', 'Co', 'Ga']",3
mp-984719,BeAg3,103.296,cubic,"['Ag', 'Be']",2
mp-984772,Ce3Zn,34.023,tet,"['Ce', 'Zn']",2
mp-984873,Al3Fe,119.201,hex_,"['Al', 'Fe']",2
mp-984711,Cr3Cu,220.871,cubic,"['Cr', 'Cu']",2
mp-984791,CaTmCd2,45.017,cubic,"['Ca', 'Cd', 'Tm']",3
mp-985438,Ce2CdHg,77.089,cubic,"['Cd', 'Ce', 'Hg']",3
mp-985280,Co3Bi,147.231,tet,"['Bi', 'Co']",2
mp-985578,AlFe,90.176,hex_,"['Al', 'Fe']",2
mp-985285,CoHg3,63.448,cubic,"['Co', 'Hg']",2
mp-985579,AlFe2,147.957,hex_,"['Al', 'Fe']",2
mp-985059,AcLa3,25.05,tet,"['Ac', 'La']",2
mp-985806,Al2Cu,96.231,cubic,"['Al', 'Cu']",2
mp-985287,AgAu3,121.49,hex_,"['Ag', 'Au']",2
mp-985283,Ag3Ge,82.772,cubic,"['Ag', 'Ge']",2
mp-985805,AlAg2,94.159,ortho,"['Ag', 'Al']",2
mp-985281,CsIr,44.499,tet,"['Cs', 'Ir']",2
mp-985825,Al3Cu,64.012,tet,"['Al', 'Cu']",2
mp-985551,CeY3,31.059,tet,"['Ce', 'Y']",2
mp-985282,Ag3Ge,83.095,cubic,"['Ag', 'Ge']",2
mp-985443,Ag3Hg,79.37,cubic,"['Ag', 'Hg']",2
mp-985296,Ag3Pd,105.215,tet,"['Ag', 'Pd']",2
mp-997617,BOs,354.637,hex_,"['B', 'Os']",2
mp-998897,YSb,62.392,cubic,"['Sb', 'Y']",2
mp-998986,Ti3Si,131.4,cubic,"['Si', 'Ti']",2
mp-999145,SmNi,70.621,ortho,"['Ni', 'Sm']",2
mp-999201,Sc2MnSi,93.51,cubic,"['Mn', 'Sc', 'Si']",3
mp-998987,Ti3Ge,123.634,cubic,"['Ge', 'Ti']",2
mp-998947,TiRu3,247.859,cubic,"['Ru', 'Ti']",2
mp-998968,TiMo,139.085,ortho,"['Mo', 'Ti']",2
mp-998970,TiFe2Sb,187.429,cubic,"['Fe', 'Sb', 'Ti']",3
mp-998988,Ti3Ga,109.768,cubic,"['Ga', 'Ti']",2
mp-999076,Ti2InNi,35.899,cubic,"['In', 'Ni', 'Ti']",3
mp-999118,TcB,288.337,hex_,"['B', 'Tc']",2
mp-998965,TiInFe2,246.765,cubic,"['Fe', 'In', 'Ti']",3
mp-999060,Ti2CoSi,154.865,cubic,"['Co', 'Si', 'Ti']",3
mp-999192,SiNi,173.822,ortho,"['Ni', 'Si']",2
mp-999120,TcB,301.077,hex_,"['B', 'Tc']",2
mp-999249,Sc2MnGe,80.831,cubic,"['Ge', 'Mn', 'Sc']",3
mp-999047,Ti2MnSi,153.082,cubic,"['Mn', 'Si', 'Ti']",3
mp-999198,BMo,308.669,ortho,"['B', 'Mo']",2
mp-999068,Ti2AlV,117.59,cubic,"['Al', 'Ti', 'V']",3
mp-999069,Ti2AlFe,412.064,cubic,"['Al', 'Fe', 'Ti']",3
mp-999054,Ti2GaCo,138.266,cubic,"['Co', 'Ga', 'Ti']",3
mp-999067,Ti2CoGe,145.264,cubic,"['Co', 'Ge', 'Ti']",3
mp-999083,Ti2MnSn,53.25,cubic,"['Mn', 'Sn', 'Ti']",3
mp-999096,Ti2AlCr,104.525,cubic,"['Al', 'Cr', 'Ti']",3
mp-999188,NbNi3,198.862,cubic,"['Nb', 'Ni']",2
mp-999124,TbPd,81.785,ortho,"['Pd', 'Tb']",2
mp-999204,ScAl3,82.594,tet,"['Al', 'Sc']",2
mp-998949,TiPt,190.385,ortho,"['Pt', 'Ti']",2
mp-999053,Ti2GaNi,121.628,cubic,"['Ga', 'Ni', 'Ti']",3
mp-999207,Sc2MnSn,72.919,cubic,"['Mn', 'Sc', 'Sn']",3
mp-999052,Ti2MnAl,108.188,cubic,"['Al', 'Mn', 'Ti']",3
mp-999079,Ti2AlCu,105.546,cubic,"['Al', 'Cu', 'Ti']",3
mp-999133,TaPd,201.83,tet,"['Pd', 'Ta']",2
mp-999189,Fe3Ni,152.94,cubic,"['Fe', 'Ni']",2
mp-999027,Ti3Al,107.662,cubic,"['Al', 'Ti']",2
mp-999130,TbNi,76.757,ortho,"['Ni', 'Tb']",2
mp-998981,TiAl3,102.749,cubic,"['Al', 'Ti']",2
mp-998982,Ti3Sn,113.274,cubic,"['Sn', 'Ti']",2
mp-999072,Ti2AlZn,96.88,cubic,"['Al', 'Ti', 'Zn']",3
mp-999258,Sc2MnGe,81.341,cubic,"['Ge', 'Mn', 'Sc']",3
mp-999376,NbPt,229.595,ortho,"['Nb', 'Pt']",2
mp-999576,Mn2SiRu,218.838,cubic,"['Mn', 'Ru', 'Si']",3
mp-999396,Nb3Ni,174.363,cubic,"['Nb', 'Ni']",2
mp-999441,Nb3Cr,181.79,tet,"['Cr', 'Nb']",2
mp-999508,MnSiNi2,170.737,cubic,"['Mn', 'Ni', 'Si']",3
mp-999336,NdPd,73.81,ortho,"['Nd', 'Pd']",2
mp-999439,Nb3Cr,183.542,cubic,"['Cr', 'Nb']",2
mp-999545,Mn3Fe,125.464,ortho,"['Fe', 'Mn']",2
mp-999389,NbFe3,198.022,cubic,"['Fe', 'Nb']",2
mp-999437,Nb3Ni,187.032,cubic,"['Nb', 'Ni']",2
mp-999298,Pd3Au,159.176,cubic,"['Au', 'Pd']",2
mp-1001602,B12W,238.944,cubic,"['B', 'W']",2
mp-999395,Nb3Fe,187.538,cubic,"['Fe', 'Nb']",2
mp-999542,MnFe3,195.98,tet,"['Fe', 'Mn']",2
mp-999550,Mn3Ga,184.623,cubic,"['Ga', 'Mn']",2
mp-999558,Mn2SiNi,198.379,cubic,"['Mn', 'Ni', 'Si']",3
mp-999318,NiBi,88.03,hex_,"['Bi', 'Ni']",2
mp-999390,NbCr3,226.813,cubic,"['Cr', 'Nb']",2
mp-999502,MoPt,275.137,ortho,"['Mo', 'Pt']",2
mp-999378,NbNi3,200.065,cubic,"['Nb', 'Ni']",2
mp-999484,YTi,48.406,cubic,"['Ti', 'Y']",2
mp-1001788,ZrB6,178.43,cubic,"['B', 'Zr']",2
mp-1002122,HfIr,207.546,cubic,"['Hf', 'Ir']",2
mp-1002183,TcB,311.631,cubic,"['B', 'Tc']",2
mp-1001914,Li2SnIr,85.092,cubic,"['Ir', 'Li', 'Sn']",3
mp-1002187,TcB,282.66,cubic,"['B', 'Tc']",2
mp-1006112,Na3Co,16.754,cubic,"['Co', 'Na']",2
mp-1005693,Sm2InHg,56.894,cubic,"['Hg', 'In', 'Sm']",3
mp-1002188,TcB,302.964,hex_,"['B', 'Tc']",2
mp-1002109,VCo,158.978,cubic,"['Co', 'V']",2
mp-1002136,LaAu,64.033,ortho,"['Au', 'La']",2
mp-1002184,TcB,183.442,cubic,"['B', 'Tc']",2
mp-1006057,LaPrIn2,51.388,cubic,"['In', 'La', 'Pr']",3
mp-1004377,HfB6,181.947,cubic,"['B', 'Hf']",2
mp-1007656,HfPd3,179.875,cubic,"['Hf', 'Pd']",2
mp-1007657,HfRu3,232.863,cubic,"['Hf', 'Ru']",2
mp-1007666,HoAu,83.589,ortho,"['Au', 'Ho']",2
mp-1007693,HfOs3,288.028,cubic,"['Hf', 'Os']",2
mp-1007664,InPd3,143.481,tet,"['In', 'Pd']",2
mp-1007730,HfAl3,103.976,cubic,"['Al', 'Hf']",2
mp-1007691,HfPt,176.476,ortho,"['Hf', 'Pt']",2
mp-1006884,CoMo,227.71,cubic,"['Co', 'Mo']",2
mp-1006226,ZnBi,38.35,ortho,"['Bi', 'Zn']",2
mp-1007690,HgPt3,192.168,cubic,"['Hg', 'Pt']",2
mp-1006883,CoNi,183.268,cubic,"['Co', 'Ni']",2
mp-1007855,FeNi3,193.048,tet,"['Fe', 'Ni']",2
mp-1007821,GaCo2Ni,198.722,cubic,"['Co', 'Ga', 'Ni']",3
mp-1007819,CoW,246.534,cubic,"['Co', 'W']",2
mp-1007918,DyAu,82.469,ortho,"['Au', 'Dy']",2
mp-1007853,Fe3Ni,179.994,cubic,"['Fe', 'Ni']",2
mp-1007974,CrNi3,205.939,cubic,"['Cr', 'Ni']",2
mp-1007852,FeCo3,191.847,cubic,"['Co', 'Fe']",2
mp-1007961,CrInCu2,93.374,cubic,"['Cr', 'Cu', 'In']",3
mp-1007975,CrNi3,176.094,cubic,"['Cr', 'Ni']",2
mp-1007924,CrCu2Si,130.299,cubic,"['Cr', 'Cu', 'Si']",3
mp-1007854,FeNi3,189.838,cubic,"['Fe', 'Ni']",2
mp-1007923,CrNi3,196.281,tet,"['Cr', 'Ni']",2
mp-1007881,FeB,251.424,ortho,"['B', 'Fe']",2
mp-1008279,Co3Mo,255.044,cubic,"['Co', 'Mo']",2
mp-1008280,CrCo3,380.486,cubic,"['Co', 'Cr']",2
mp-1008274,Co3W,274.04,cubic,"['Co', 'W']",2
mp-1008702,Ti2In,67.275,cubic,"['In', 'Ti']",2
mp-1008349,Co3Ni,258.138,cubic,"['Co', 'Ni']",2
mp-1008727,Ti2Ge,81.245,cubic,"['Ge', 'Ti']",2
mp-1008488,BiPd,89.644,hex_,"['Bi', 'Pd']",2
mp-1008282,Cr3Fe,227.443,cubic,"['Cr', 'Fe']",2
mp-1008555,AlCu3,138.447,cubic,"['Al', 'Cu']",2
mp-1008688,Ti2Sn,73.05,cubic,"['Sn', 'Ti']",2
mp-1008680,TiGePt,151.635,cubic,"['Ge', 'Pt', 'Ti']",3
mp-1008689,Ti2Si,85.712,cubic,"['Si', 'Ti']",2
mp-1008224,CrCo2Si,222.218,cubic,"['Co', 'Cr', 'Si']",3
mp-1008601,ZrAg2,108.35,tet,"['Ag', 'Zr']",2
mp-1008726,Ti2Ga,67.202,cubic,"['Ga', 'Ti']",2
mp-1008275,Cr3Ni,155.147,cubic,"['Cr', 'Ni']",2
mp-1008225,CrFe2Sb,187.126,cubic,"['Cr', 'Fe', 'Sb']",3
mp-1008226,CrFe2Sn,143.331,cubic,"['Cr', 'Fe', 'Sn']",3
mp-1008568,ZrTi2,106.1,hex_,"['Ti', 'Zr']",2
mp-1008487,BW,339.625,ortho,"['B', 'W']",2
mp-1008285,Cr3Fe,239.14,cubic,"['Cr', 'Fe']",2
mp-1008617,YbAg2,51.549,tet,"['Ag', 'Yb']",2
mp-1008278,Cr3Ni,240.418,cubic,"['Cr', 'Ni']",2
mp-1008554,Al3V,99.015,cubic,"['Al', 'V']",2
mp-1008903,MgAgSb,58.085,cubic,"['Ag', 'Mg', 'Sb']",3
mp-1008753,Ti2Al,65.503,cubic,"['Al', 'Ti']",2
mp-1008920,Mn2Ge,174.991,cubic,"['Ge', 'Mn']",2
mp-1009238,Hf2Tl,102.866,tet,"['Hf', 'Tl']",2
mp-1009217,MnSb,69.337,cubic,"['Mn', 'Sb']",2
mp-1009213,MnSb,46.205,cubic,"['Mn', 'Sb']",2
mp-1009207,MnSb,57.942,cubic,"['Mn', 'Sb']",2
mp-1009133,MnCo,192.154,cubic,"['Co', 'Mn']",2
mp-1009206,MnSn,27.523,cubic,"['Mn', 'Sn']",2
mp-1009264,NbCo,207.312,cubic,"['Co', 'Nb']",2
mp-1009504,EuZnGe,58.661,hex_,"['Eu', 'Ge', 'Zn']",3
mp-1009753,ScGe,42.391,cubic,"['Ge', 'Sc']",2
mp-1009747,ScSn,31.662,cubic,"['Sc', 'Sn']",2
mp-1009752,ScSi,43.171,cubic,"['Sc', 'Si']",2
mp-1010071,CrCo,214.789,cubic,"['Co', 'Cr']",2
mp-1010953,MgNi,92.625,cubic,"['Mg', 'Ni']",2
mp-1009834,Al2Ru,168.314,tet,"['Al', 'Ru']",2
mp-1014219,HfZn,115.663,cubic,"['Hf', 'Zn']",2
mp-1014231,Hf2Zn,109.609,tet,"['Hf', 'Zn']",2
mp-1014229,Ti2Zn,112.106,tet,"['Ti', 'Zn']",2
mp-1014230,TiZn,110.695,cubic,"['Ti', 'Zn']",2
mp-1014246,ZrB,159.802,hex_,"['B', 'Zr']",2
mp-1014005,Mn2SiRh,134.27,cubic,"['Mn', 'Rh', 'Si']",3
mp-1014462,Li2YAl,25.838,ortho,"['Al', 'Li', 'Y']",3
mp-1016296,SrMg6Mo,39.303,tet,"['Mg', 'Mo', 'Sr']",3
mp-1016329,SrMg6Nb,38.931,tet,"['Mg', 'Nb', 'Sr']",3
mp-1017507,TmAu,86.722,ortho,"['Au', 'Tm']",2
mp-1017531,VPt,236.927,ortho,"['Pt', 'V']",2
mp-1017529,VCo3,239.242,cubic,"['Co', 'V']",2
mp-1017511,Cr3Fe,284.19,tet,"['Cr', 'Fe']",2
mp-1018015,Ti2MnGe,140.634,cubic,"['Ge', 'Mn', 'Ti']",3
mp-1018029,CuPd,147.228,cubic,"['Cu', 'Pd']",2
mp-1017540,ZrCd,79.118,tet,"['Cd', 'Zr']",2
mp-1017631,ScBPd3,153.391,cubic,"['B', 'Pd', 'Sc']",3
mp-1018023,Mn3Sn,138.52,cubic,"['Mn', 'Sn']",2
mp-1018026,LiAg,44.019,tet,"['Ag', 'Li']",2
mp-1017543,ZrPd3,170.19,cubic,"['Pd', 'Zr']",2
mp-1017578,HfBRh3,223.425,cubic,"['B', 'Hf', 'Rh']",3
mp-1017985,TiAg,102.455,tet,"['Ag', 'Ti']",2
mp-1017542,ZrOs3,278.47,cubic,"['Os', 'Zr']",2
mp-1017544,ZrRu3,224.96,cubic,"['Ru', 'Zr']",2
